===============================
I3G4250D Gyroscope Demo
===============================

Step 1: Detecting gyroscope...
✓ Found: I3g4250d

Step 2: Initializing driver...
✓ WHO_AM_I: 0xD3

Step 3: Configuring sensor...
✓ Configuration complete:
  - Data Rate: 400 Hz (timer interrupt)
  - Range: 500 °/s

Step 4: Starting interrupt-driven mode...
──────────────────────────────────────

Waiting for timer interrupt...
Waiting for timer interrupt...
Waiting for timer interrupt...
Waiting for timer interrupt...
Waiting for timer interrupt...
Waiting for timer interrupt...
Waiting for timer interrupt...
Waiting for timer interrupt...
Waiting for timer interrupt...
Waiting for timer interrupt...
Waiting for timer interrupt...
Waiting for timer interrupt...
===============================
I3G4250D Gyroscope Demo
===============================

Step 1: Detecting gyroscope...
✓ Found: I3g4250d

Step 2: Initializing driver...
✓ WHO_AM_I: 0xD3

Step 3: Configuring sensor...
✓ Configuration complete:
  - Data Rate: 400 Hz (timer interrupt)
  - Range: 500 °/s

Step 4: Starting interrupt-driven mode...
──────────────────────────────────────

⚠️  ANOMALY #1: Δx=192.54, Δy=258.32, Δz=329.07
X: -192.54°/s | Y: -258.32°/s | Z: -329.07°/s
⚠️  ANOMALY #2: Δx=192.08, Δy=258.30, Δz=328.30
X:   -0.40°/s | Y:    0.23°/s | Z:   -0.52°/s
X:   -0.19°/s | Y:   -0.10°/s | Z:   -1.15°/s
X:   -0.10°/s | Y:   -0.09°/s | Z:   -0.54°/s
X:   -0.38°/s | Y:    0.35°/s | Z:   -0.51°/s
===============================
I3G4250D Gyroscope Demo
===============================

Step 1: Detecting gyroscope...
✓ Found: I3g4250d

Step 2: Initializing driver...
✓ WHO_AM_I: 0xD3

Step 3: Configuring sensor...
✓ Configuration complete:
  - Data Rate: 400 Hz (timer interrupt)
  - Range: 500 °/s

Step 4: Starting interrupt-driven mode...
──────────────────────────────────────

===============================
I3G4250D Gyroscope Demo
===============================

Step 1: Detecting gyroscope...
✓ Found: I3g4250d

Step 2: Initializing driver...
✓ WHO_AM_I: 0xD3

Step 3: Configuring sensor...
✓ Configuration complete:
  - Data Rate: 400 Hz (timer interrupt)
  - Range: 500 °/s

Step 4: Starting interrupt-driven mode...
──────────────────────────────────────

⚠️  ANOMALY #1: Δx=1.89, Δy=75.83, Δz=347.52
X:   -1.89°/s | Y:  -75.83°/s | Z: -347.52°/s
⚠️  ANOMALY #2: Δx=1.72, Δy=76.00, Δz=346.12
X:   -0.19°/s | Y:    0.31°/s | Z:   -0.60°/s
X:   -1.68°/s | Y:   -0.47°/s | Z:   -0.63°/s
X:    0.26°/s | Y:    1.00°/s | Z:   -1.38°/s
X:   -0.46°/s | Y:    0.19°/s | Z:   -0.17°/s
X:   -0.91°/s | Y:   -0.46°/s | Z:   -0.19°/s
X:   -0.19°/s | Y:    0.35°/s | Z:   -1.40°/s
X:    0.49°/s | Y:    0.81°/s | Z:   -0.40°/s
X:   -0.96°/s | Y:   -0.19°/s | Z:   -0.33°/s
X:   -0.12°/s | Y:    0.54°/s | Z:   -0.44°/s
X:   -0.44°/s | Y:    0.58°/s | Z:   -0.40°/s
X:   -0.37°/s | Y:    0.28°/s | Z:   -0.84°/s
X:   -0.67°/s | Y:    0.25°/s | Z:   -0.25°/s
X:   -1.00°/s | Y:    0.28°/s | Z:   -0.82°/s
X:   -0.72°/s | Y:   -0.21°/s | Z:   -0.07°/s
X:   -0.72°/s | Y:    0.16°/s | Z:   -0.23°/s
X:   -0.14°/s | Y:    0.44°/s | Z:   -0.89°/s
X:   -0.35°/s | Y:    0.70°/s | Z:    0.02°/s
X:   -0.38°/s | Y:    0.33°/s | Z:    0.07°/s
X:   -0.14°/s | Y:    0.42°/s | Z:   -0.63°/s
X:   -0.16°/s | Y:    0.10°/s | Z:   -0.75°/s
X:   -0.51°/s | Y:    0.56°/s | Z:   -0.38°/s
X:   -0.40°/s | Y:    0.54°/s | Z:   -0.65°/s
X:    0.07°/s | Y:    0.42°/s | Z:   -0.79°/s
X:   -0.38°/s | Y:    0.60°/s | Z:   -0.51°/s
X:   -0.28°/s | Y:    0.61°/s | Z:   -0.19°/s
X:   -0.81°/s | Y:    0.31°/s | Z:   -0.61°/s
X:    0.04°/s | Y:    0.46°/s | Z:   -0.33°/s
X:   -0.81°/s | Y:    0.10°/s | Z:   -0.63°/s
X:    0.30°/s | Y:    0.38°/s | Z:   -0.17°/s
X:   -0.54°/s | Y:    0.52°/s | Z:   -0.37°/s
X:   -0.14°/s | Y:    0.35°/s | Z:   -0.52°/s
X:   -0.38°/s | Y:    0.30°/s | Z:   -0.42°/s
X:   -0.31°/s | Y:    0.35°/s | Z:   -0.44°/s
X:   -0.28°/s | Y:    0.44°/s | Z:   -0.21°/s
X:   -0.52°/s | Y:    0.30°/s | Z:   -0.10°/s
X:    0.21°/s | Y:    0.25°/s | Z:   -0.74°/s
X:   -0.25°/s | Y:    0.21°/s | Z:   -0.31°/s
X:   -0.54°/s | Y:    0.49°/s | Z:   -0.49°/s
X:   -0.96°/s | Y:   -0.04°/s | Z:   -0.47°/s
X:   -0.51°/s | Y:    0.19°/s | Z:   -0.19°/s
X:   -0.51°/s | Y:    0.04°/s | Z:   -0.56°/s
X:   -0.07°/s | Y:   -0.07°/s | Z:   -0.30°/s
X:   -0.67°/s | Y:   -0.10°/s | Z:   -0.54°/s
X:   -0.72°/s | Y:   -0.04°/s | Z:   -0.49°/s
X:   -0.47°/s | Y:    0.33°/s | Z:   -0.86°/s
X:   -0.54°/s | Y:    0.19°/s | Z:   -0.77°/s
X:   -0.74°/s | Y:    0.05°/s | Z:   -0.47°/s
X:   -0.31°/s | Y:    0.31°/s | Z:   -0.74°/s
X:   -0.28°/s | Y:    0.12°/s | Z:   -0.12°/s
X:   -0.31°/s | Y:    0.49°/s | Z:   -0.38°/s
X:   -0.89°/s | Y:   -0.26°/s | Z:   -0.42°/s
X:   -0.28°/s | Y:    0.49°/s | Z:   -0.38°/s
X:    0.17°/s | Y:    0.05°/s | Z:    0.14°/s
X:   -0.49°/s | Y:    0.54°/s | Z:   -0.75°/s
X:   -0.42°/s | Y:    0.35°/s | Z:   -0.63°/s
X:   -0.65°/s | Y:   -0.04°/s | Z:   -0.54°/s
X:   -0.40°/s | Y:    0.12°/s | Z:   -0.68°/s
X:   -0.33°/s | Y:    0.47°/s | Z:   -0.21°/s
X:   -0.28°/s | Y:    0.77°/s | Z:   -0.61°/s
X:   -0.81°/s | Y:    0.04°/s | Z:   -0.49°/s
X:   -0.19°/s | Y:    0.30°/s | Z:   -0.79°/s
X:   -0.37°/s | Y:   -0.09°/s | Z:   -0.77°/s
X:   -0.21°/s | Y:   -0.02°/s | Z:   -0.52°/s
X:   -0.38°/s | Y:   -0.02°/s | Z:   -0.04°/s
X:   -0.33°/s | Y:    0.07°/s | Z:   -0.25°/s
X:    0.21°/s | Y:    0.30°/s | Z:   -0.68°/s
X:   -1.03°/s | Y:   -4.24°/s | Z:   -0.74°/s
X:   -0.30°/s | Y:    0.82°/s | Z:   -0.21°/s
X:   -0.28°/s | Y:    0.25°/s | Z:   -0.54°/s
X:   -0.16°/s | Y:    0.25°/s | Z:   -0.28°/s
X:   -0.23°/s | Y:    0.16°/s | Z:   -0.10°/s
X:    0.12°/s | Y:    0.63°/s | Z:   -1.21°/s
X:   -0.28°/s | Y:    0.05°/s | Z:   -0.91°/s
X:    0.16°/s | Y:    0.38°/s | Z:   -0.23°/s
X:   -0.31°/s | Y:    0.35°/s | Z:   -0.47°/s
X:   -0.47°/s | Y:    0.31°/s | Z:   -0.82°/s
X:   -0.14°/s | Y:    0.28°/s | Z:   -0.21°/s
X:   -0.04°/s | Y:    0.51°/s | Z:   -0.40°/s
X:    0.30°/s | Y:    0.70°/s | Z:   -0.52°/s
X:   -0.65°/s | Y:    0.23°/s | Z:   -0.30°/s
X:   -0.52°/s | Y:    0.60°/s | Z:   -0.37°/s
X:   -0.07°/s | Y:    0.58°/s | Z:   -0.84°/s
X:   -0.31°/s | Y:    0.26°/s | Z:   -0.75°/s
X:    0.40°/s | Y:    0.54°/s | Z:   -0.40°/s
X:   -0.77°/s | Y:    0.37°/s | Z:   -0.58°/s
X:   -0.86°/s | Y:   -0.14°/s | Z:   -0.46°/s
X:   -0.67°/s | Y:    0.26°/s | Z:   -0.38°/s
X:   -0.09°/s | Y:    0.16°/s | Z:   -0.93°/s
X:   -0.17°/s | Y:    0.44°/s | Z:   -0.70°/s
X:   -0.19°/s | Y:   -0.10°/s | Z:   -0.44°/s
X:   -0.61°/s | Y:    0.40°/s | Z:   -0.60°/s
X:   -0.09°/s | Y:    0.40°/s | Z:   -0.60°/s
X:   -0.54°/s | Y:    0.37°/s | Z:   -0.77°/s
X:   -0.40°/s | Y:    0.12°/s | Z:   -0.68°/s
X:   -0.21°/s | Y:    0.21°/s | Z:   -0.49°/s
X:   -0.35°/s | Y:    0.33°/s | Z:   -0.61°/s
X:   -0.63°/s | Y:    0.61°/s | Z:   -0.38°/s
X:   -0.63°/s | Y:    0.07°/s | Z:   -0.28°/s
X:   -0.26°/s | Y:    0.37°/s | Z:   -1.17°/s
X:    0.00°/s | Y:    0.28°/s | Z:   -0.77°/s
X:   -0.31°/s | Y:    0.47°/s | Z:   -0.60°/s
X:   -0.23°/s | Y:    0.21°/s | Z:   -0.10°/s
X:   -0.58°/s | Y:    0.31°/s | Z:    0.04°/s
X:   -0.05°/s | Y:    0.42°/s | Z:   -0.68°/s
X:   -4.48°/s | Y:    0.23°/s | Z:   -0.72°/s
X:    0.25°/s | Y:    0.54°/s | Z:   -1.09°/s
X:   -1.05°/s | Y:   -0.17°/s | Z:   -0.14°/s
X:   -0.35°/s | Y:    0.26°/s | Z:   -0.40°/s
X:   -0.46°/s | Y:    0.07°/s | Z:   -0.44°/s
X:   -0.17°/s | Y:    0.58°/s | Z:   -0.60°/s
X:    0.02°/s | Y:    0.75°/s | Z:   -0.26°/s
X:   -0.74°/s | Y:    0.10°/s | Z:   -0.84°/s
X:   -0.49°/s | Y:   -0.07°/s | Z:   -0.58°/s
X:  -26.46°/s | Y:  -11.65°/s | Z:   12.58°/s
X:   -0.61°/s | Y:    1.47°/s | Z:   -0.98°/s
X:   -5.86°/s | Y:   -4.25°/s | Z:   14.66°/s
X:   26.53°/s | Y:  -29.91°/s | Z:    4.78°/s
X:  -32.18°/s | Y:    5.37°/s | Z:    4.85°/s
X:  -30.38°/s | Y:   17.67°/s | Z:   23.10°/s
X:  -50.24°/s | Y:   20.04°/s | Z:   23.27°/s
X:  -23.99°/s | Y:   34.63°/s | Z:   31.66°/s
X:  -36.68°/s | Y:    7.96°/s | Z:   35.31°/s
X:    7.30°/s | Y:   44.12°/s | Z:   37.61°/s
X:   -1.72°/s | Y:   28.02°/s | Z:   34.67°/s
X:  -15.91°/s | Y:   18.39°/s | Z:   40.02°/s
X:  -17.34°/s | Y:   13.51°/s | Z:   57.63°/s
X:   -1.68°/s | Y:    1.35°/s | Z:   98.23°/s
X:   11.22°/s | Y:   -2.41°/s | Z:   75.36°/s
X:  -29.21°/s | Y:  -25.93°/s | Z:   81.39°/s
X:  -14.42°/s | Y:    5.67°/s | Z:   37.99°/s
X:  -15.63°/s | Y:  -24.11°/s | Z:    7.63°/s
X:  -15.52°/s | Y:  -19.99°/s | Z:   13.86°/s
X:   -1.84°/s | Y:  -13.39°/s | Z:    4.83°/s
X:  -29.35°/s | Y:  166.65°/s | Z:    7.95°/s
⚠️  ANOMALY #3: Δx=11.32, Δy=110.83, Δz=6.55
X:  -29.91°/s | Y:  309.89°/s | Z:   11.36°/s
X:  -17.50°/s | Y:  179.76°/s | Z:   61.79°/s
X:  -13.55°/s | Y:  -49.49°/s | Z:   68.69°/s
X:  -29.45°/s | Y: -138.55°/s | Z:   11.97°/s
X:  -35.12°/s | Y: -142.90°/s | Z:  -31.90°/s
X:  -30.12°/s | Y: -213.85°/s | Z:  -51.97°/s
X:  -37.56°/s | Y: -319.27°/s | Z:  -56.58°/s
X:  -26.37°/s | Y: -244.84°/s | Z: -112.30°/s
X:  -47.71°/s | Y:  -61.23°/s | Z:  -46.04°/s
X:   -1.24°/s | Y:   -9.57°/s | Z:  -29.58°/s
X:   -7.51°/s | Y:  -12.51°/s | Z:  -52.19°/s
X:  -53.79°/s | Y:   61.22°/s | Z: -132.12°/s
⚠️  ANOMALY #4: Δx=9.52, Δy=128.17, Δz=76.23
⚠️  ANOMALY #5: Δx=25.36, Δy=118.51, Δz=37.61
X:  -75.20°/s | Y:  418.39°/s | Z: -255.74°/s
⚠️  ANOMALY #6: Δx=39.15, Δy=102.53, Δz=57.37
⚠️  ANOMALY #7: Δx=0.40, Δy=109.67, Δz=44.96
X:   11.88°/s | Y:  157.03°/s | Z:  -49.84°/s
X:   -1.38°/s | Y:   57.10°/s | Z:   27.74°/s
X:  -11.10°/s | Y:   -1.54°/s | Z:   46.08°/s
X:  -19.23°/s | Y:   -0.05°/s | Z:   30.76°/s
X:  -63.70°/s | Y:  -57.92°/s | Z:   94.97°/s
X:   -7.96°/s | Y:  -45.80°/s | Z:   54.71°/s
X:   -3.38°/s | Y:  -17.82°/s | Z:   11.50°/s
X:    5.04°/s | Y:  -19.22°/s | Z:    9.92°/s
X:   10.01°/s | Y:  -18.24°/s | Z:    6.18°/s
X:    3.12°/s | Y:   -7.35°/s | Z:    5.23°/s
X:    1.64°/s | Y:   -8.99°/s | Z:    2.13°/s
X:    3.34°/s | Y:  -13.97°/s | Z:    1.15°/s
X:   -3.97°/s | Y:  -21.82°/s | Z:    2.54°/s
X:    6.26°/s | Y:  -45.52°/s | Z:    1.78°/s
X:    4.78°/s | Y:  -43.10°/s | Z:   -5.57°/s
X:    2.47°/s | Y:  -89.51°/s | Z:  -18.04°/s
X:    6.35°/s | Y: -121.89°/s | Z:  -31.76°/s
X:   -3.85°/s | Y:  -64.89°/s | Z:  -36.77°/s
X:  -16.47°/s | Y:   -0.63°/s | Z:  -39.97°/s
X:  -14.72°/s | Y:   13.58°/s | Z:  -67.86°/s
X:  -17.31°/s | Y:   63.58°/s | Z:  -29.66°/s
X:  -28.07°/s | Y:   99.35°/s | Z:  -32.22°/s
X:  -20.21°/s | Y:   92.93°/s | Z:   -6.30°/s
X:  -19.30°/s | Y:   73.45°/s | Z:   11.74°/s
X:  -22.84°/s | Y:   52.41°/s | Z:   20.07°/s
X:  -16.12°/s | Y:   98.53°/s | Z:   45.60°/s
⚠️  ANOMALY #8: Δx=1.68, Δy=101.69, Δz=52.55
X:  -37.13°/s | Y:  149.85°/s | Z:  164.78°/s
⚠️  ANOMALY #9: Δx=7.84, Δy=101.33, Δz=14.23
X:  -63.56°/s | Y:  125.65°/s | Z:  101.10°/s
X:    3.82°/s | Y:  -26.13°/s | Z:   23.68°/s
X:    5.04°/s | Y:  -50.19°/s | Z:    0.46°/s
X:  -11.99°/s | Y:  -48.23°/s | Z:   -5.32°/s
X:  -21.16°/s | Y:  -87.18°/s | Z:    0.70°/s
X:  -12.90°/s | Y: -123.24°/s | Z:   -2.41°/s
X:   -6.56°/s | Y:  -69.60°/s | Z:    5.88°/s
X:   -0.65°/s | Y:  -63.12°/s | Z:  -11.62°/s
X:  -24.18°/s | Y: -153.76°/s | Z:  -32.71°/s
⚠️  ANOMALY #10: Δx=36.94, Δy=131.65, Δz=42.89
X: -144.50°/s | Y: -321.39°/s | Z: -131.62°/s
X: -104.16°/s | Y: -149.45°/s | Z:  -64.33°/s
X:  -38.69°/s | Y:  -10.19°/s | Z:  -18.50°/s
X:   -9.75°/s | Y:  104.54°/s | Z:    9.68°/s
X:    7.14°/s | Y:  106.91°/s | Z:    4.80°/s
X:   25.31°/s | Y:  106.84°/s | Z:    3.03°/s
X:   22.19°/s | Y:   92.86°/s | Z:    3.26°/s
X:    9.90°/s | Y:   79.43°/s | Z:    5.93°/s
X:    5.78°/s | Y:   61.90°/s | Z:   20.33°/s
X:   21.51°/s | Y:   58.57°/s | Z:   16.22°/s
X:    9.06°/s | Y:   57.42°/s | Z:   10.34°/s
X:   11.69°/s | Y:   61.99°/s | Z:    5.13°/s
X:    4.72°/s | Y:   64.87°/s | Z:   13.61°/s
X:   -2.50°/s | Y:   26.09°/s | Z:   11.20°/s
X:   -0.49°/s | Y:   22.73°/s | Z:   10.15°/s
X:   -3.85°/s | Y:  -60.39°/s | Z:    8.52°/s
X:   15.28°/s | Y:  -35.47°/s | Z:   -1.45°/s
X:   15.09°/s | Y:  -47.93°/s | Z:   -0.49°/s
X:    6.91°/s | Y:  -31.34°/s | Z:   -3.54°/s
X:    5.30°/s | Y:  -14.40°/s | Z:   -1.68°/s
X:    3.39°/s | Y:   -5.11°/s | Z:   -2.05°/s
X:    1.24°/s | Y:   -0.37°/s | Z:   -0.26°/s
X:    6.46°/s | Y:   -0.93°/s | Z:    2.66°/s
X:    9.54°/s | Y:   -5.02°/s | Z:    6.56°/s
X:    5.79°/s | Y:  -23.64°/s | Z:   17.06°/s
X:    2.80°/s | Y:   -3.92°/s | Z:   -0.63°/s
X:    1.96°/s | Y:    2.77°/s | Z:   -0.49°/s
X:   -0.82°/s | Y:    6.02°/s | Z:   -1.63°/s
X:   -1.24°/s | Y:    5.48°/s | Z:   -2.10°/s
X:    1.31°/s | Y:    0.82°/s | Z:    0.37°/s
X:   -2.15°/s | Y:    4.15°/s | Z:   -0.49°/s
X:   -2.08°/s | Y:    0.31°/s | Z:    0.33°/s
X:   -1.73°/s | Y:    0.58°/s | Z:    4.20°/s
X:    1.64°/s | Y:    1.49°/s | Z:   -4.46°/s
X:    0.65°/s | Y:   -0.02°/s | Z:   -0.89°/s
X:   -2.12°/s | Y:    0.67°/s | Z:   -1.21°/s
X:   -2.64°/s | Y:   -0.12°/s | Z:   -0.52°/s
X:   -0.75°/s | Y:    0.12°/s | Z:   -1.31°/s
X:   -0.52°/s | Y:    1.52°/s | Z:    0.25°/s
X:    0.12°/s | Y:    1.38°/s | Z:   -0.65°/s
X:    0.82°/s | Y:    1.42°/s | Z:   -0.40°/s
X:   -0.26°/s | Y:    0.46°/s | Z:   -1.87°/s
X:   -0.23°/s | Y:    2.17°/s | Z:   -0.17°/s
X:    1.29°/s | Y:   -0.54°/s | Z:   -0.77°/s
X:   -1.15°/s | Y:    0.60°/s | Z:   -0.21°/s
X:   -2.00°/s | Y:    0.09°/s | Z:   -1.09°/s
X:   -1.28°/s | Y:   -0.07°/s | Z:   -0.93°/s
X:    0.40°/s | Y:   -0.47°/s | Z:    0.04°/s
X:   -1.24°/s | Y:   -2.28°/s | Z:    0.38°/s
⚠️  ANOMALY #11: Δx=16.69, Δy=117.46, Δz=3.64
X:  -19.46°/s | Y:  119.18°/s | Z:   -4.13°/s
⚠️  ANOMALY #12: Δx=9.33, Δy=421.45, Δz=49.30
⚠️  ANOMALY #13: Δx=36.82, Δy=32.53, Δz=110.74
⚠️  ANOMALY #14: Δx=17.87, Δy=482.62, Δz=18.08
X:  -95.83°/s | Y:   -0.14°/s | Z:  165.95°/s
⚠️  ANOMALY #15: Δx=35.00, Δy=123.72, Δz=9.82
⚠️  ANOMALY #16: Δx=64.98, Δy=11.57, Δz=155.87
X:  -45.13°/s | Y:  -66.22°/s | Z:  -59.24°/s
X:    4.24°/s | Y:   17.99°/s | Z:   -8.98°/s
X:   -2.38°/s | Y:  -16.08°/s | Z:   -0.17°/s
X:   -8.85°/s | Y:  -21.44°/s | Z:  -10.59°/s
X:   -4.50°/s | Y:   -8.45°/s | Z:   -5.76°/s
X:   -0.93°/s | Y:  -10.76°/s | Z:   -4.01°/s
X:   -1.26°/s | Y:    7.37°/s | Z:   23.14°/s
X:    2.97°/s | Y:  -60.22°/s | Z:  -25.04°/s
X:    3.85°/s | Y:  -23.27°/s | Z:   -8.87°/s
X:   -3.94°/s | Y:  -68.81°/s | Z:  -38.36°/s
X:  -15.45°/s | Y:  -98.44°/s | Z:  -38.01°/s
X:   -4.04°/s | Y:  -70.33°/s | Z:  -42.79°/s
X:    2.85°/s | Y:  -25.01°/s | Z:  -37.85°/s
X:    6.30°/s | Y:   -7.86°/s | Z:  -27.00°/s
X:   15.45°/s | Y:    6.18°/s | Z:  -21.89°/s

📊 Interrupt Stats (every 1000 loops / ~2.5s):
  Avg Cycles/Loop: 179722
  Loop Time: 2496.139μs
  Anomalies: 16
  CPU Usage: ~99.8%
──────────────────────────────────────
X:   13.00°/s | Y:    0.74°/s | Z:  -12.27°/s
X:   -0.68°/s | Y:    4.29°/s | Z:   -6.95°/s
X:    7.98°/s | Y:    4.85°/s | Z:   -0.40°/s
X:   -0.07°/s | Y:   10.06°/s | Z:    1.01°/s
X:   -3.13°/s | Y:    2.48°/s | Z:    0.65°/s
X:   -6.51°/s | Y:    3.38°/s | Z:   -1.61°/s
X:   -4.85°/s | Y:    6.09°/s | Z:   -0.33°/s
X:   -0.26°/s | Y:    7.05°/s | Z:    2.57°/s
X:    1.07°/s | Y:    8.78°/s | Z:    3.20°/s
X:  -15.42°/s | Y:   10.94°/s | Z:   20.26°/s
X:   -3.71°/s | Y:   16.52°/s | Z:   12.60°/s
X:   27.23°/s | Y:    5.62°/s | Z:   10.95°/s
X:   18.15°/s | Y:  -49.26°/s | Z:   -3.31°/s
X:   25.02°/s | Y:  -40.83°/s | Z:   16.98°/s
X:   66.03°/s | Y: -101.68°/s | Z:    3.29°/s
⚠️  ANOMALY #17: Δx=178.15, Δy=125.70, Δz=12.85
X:  -30.50°/s | Y:  -53.88°/s | Z:   -7.79°/s
X:  -15.30°/s | Y:  -70.98°/s | Z:  -39.39°/s
X:  -11.78°/s | Y: -182.58°/s | Z: -161.95°/s
⚠️  ANOMALY #18: Δx=24.85, Δy=4.53, Δz=240.03
⚠️  ANOMALY #19: Δx=29.33, Δy=77.86, Δz=125.56
X:   -1.09°/s | Y:   -0.14°/s | Z:   -6.58°/s
X:   -0.14°/s | Y:    0.31°/s | Z:   -0.49°/s
X:    0.00°/s | Y:    0.44°/s | Z:   -0.44°/s
X:   -0.68°/s | Y:    0.46°/s | Z:   -0.68°/s
X:   -0.31°/s | Y:    0.65°/s | Z:   -0.67°/s
X:   -0.25°/s | Y:    0.25°/s | Z:   -0.58°/s
X:   -0.37°/s | Y:    0.40°/s | Z:   -0.77°/s
X:   -0.60°/s | Y:    0.28°/s | Z:   -0.68°/s
X:   -1.05°/s | Y:    0.38°/s | Z:   -0.52°/s
X:   -0.68°/s | Y:    0.31°/s | Z:   -0.51°/s
X:   -0.47°/s | Y:    0.51°/s | Z:   -0.46°/s
X:   -0.49°/s | Y:    0.77°/s | Z:   -0.61°/s
X:   -0.38°/s | Y:    0.07°/s | Z:   -0.42°/s
X:   -0.68°/s | Y:    0.42°/s | Z:   -0.19°/s
X:   -0.12°/s | Y:    0.33°/s | Z:   -0.23°/s
X:   -0.89°/s | Y:    0.30°/s | Z:   -0.44°/s
X:   -0.52°/s | Y:    0.52°/s | Z:   -0.77°/s
X:   -0.04°/s | Y:    0.28°/s | Z:   -0.02°/s
X:   -0.67°/s | Y:    0.21°/s | Z:   -0.26°/s
X:   -0.60°/s | Y:    0.19°/s | Z:   -0.26°/s
X:   -0.47°/s | Y:    0.28°/s | Z:   -0.09°/s
X:   -0.58°/s | Y:    0.28°/s | Z:   -0.40°/s
X:   -0.21°/s | Y:    0.23°/s | Z:   -0.56°/s
X:   -0.58°/s | Y:    0.46°/s | Z:   -0.04°/s
X:   -0.30°/s | Y:    0.17°/s | Z:   -0.46°/s
X:   -0.42°/s | Y:    0.17°/s | Z:   -0.05°/s
X:   -0.77°/s | Y:    0.26°/s | Z:   -0.19°/s
X:   -4.46°/s | Y:    0.12°/s | Z:    0.05°/s
X:   -0.33°/s | Y:    0.16°/s | Z:   -0.60°/s
X:   -0.21°/s | Y:    0.09°/s | Z:   -0.52°/s
X:   -0.17°/s | Y:    0.19°/s | Z:    0.30°/s
X:   -0.37°/s | Y:    0.07°/s | Z:   -0.58°/s
X:   -0.60°/s | Y:    0.25°/s | Z:    4.24°/s
X:   -0.33°/s | Y:    0.07°/s | Z:   -0.60°/s
X:   -0.46°/s | Y:   -0.14°/s | Z:   -0.07°/s
X:   -0.09°/s | Y:    0.02°/s | Z:   -0.49°/s
X:   -0.46°/s | Y:    0.19°/s | Z:   -0.65°/s
X:   -0.38°/s | Y:    0.02°/s | Z:   -0.63°/s
X:   -0.21°/s | Y:    0.14°/s | Z:   -0.58°/s
X:   -0.33°/s | Y:    0.25°/s | Z:   -0.65°/s
X:   -0.26°/s | Y:    0.56°/s | Z:   -0.77°/s
X:   -0.30°/s | Y:    0.02°/s | Z:   -0.52°/s
X:   -0.40°/s | Y:    0.19°/s | Z:   -0.28°/s
X:   -0.67°/s | Y:   -0.05°/s | Z:   -0.07°/s
X:   -0.54°/s | Y:    0.35°/s | Z:   -0.58°/s
X:   -0.33°/s | Y:    0.49°/s | Z:   -0.19°/s
X:   -0.60°/s | Y:    0.07°/s | Z:   -0.47°/s
X:   -0.19°/s | Y:    0.44°/s | Z:   -0.61°/s
X:   -4.41°/s | Y:    0.23°/s | Z:   -0.84°/s
X:   -0.52°/s | Y:    0.35°/s | Z:   -0.86°/s
X:   -0.70°/s | Y:    0.58°/s | Z:   -0.40°/s
X:   -0.33°/s | Y:   -0.10°/s | Z:   -0.49°/s
X:   -0.40°/s | Y:    0.31°/s | Z:   -1.10°/s
X:   -0.05°/s | Y:    0.51°/s | Z:   -0.60°/s
X:   -0.28°/s | Y:    0.42°/s | Z:    0.07°/s
X:   -0.46°/s | Y:    0.42°/s | Z:   -0.35°/s
X:   -0.19°/s | Y:    0.46°/s | Z:   -0.28°/s
X:   -0.38°/s | Y:    0.54°/s | Z:   -0.67°/s
X:   -0.31°/s | Y:    0.56°/s | Z:   -0.75°/s
X:   -0.74°/s | Y:    0.33°/s | Z:   -0.23°/s
X:   -0.28°/s | Y:    0.21°/s | Z:   -0.54°/s
X:   -0.28°/s | Y:    0.58°/s | Z:   -0.75°/s
X:   -0.60°/s | Y:    0.25°/s | Z:   -0.35°/s
X:   -0.35°/s | Y:    0.05°/s | Z:   -0.10°/s
X:   -0.23°/s | Y:   -0.09°/s | Z:   -0.77°/s
X:   -0.37°/s | Y:    0.60°/s | Z:   -0.88°/s
X:   -0.04°/s | Y:    0.58°/s | Z:   -0.31°/s
X:   -0.65°/s | Y:    0.09°/s | Z:   -0.31°/s
X:   -0.31°/s | Y:    0.14°/s | Z:   -0.75°/s
X:   -0.17°/s | Y:    0.35°/s | Z:   -0.61°/s
X:   -0.25°/s | Y:    4.43°/s | Z:   -0.47°/s
X:   -0.42°/s | Y:    0.26°/s | Z:   -0.51°/s
X:   -0.46°/s | Y:    0.26°/s | Z:   -0.74°/s
X:    0.09°/s | Y:    0.25°/s | Z:   -0.26°/s
X:   -0.04°/s | Y:    0.35°/s | Z:   -0.23°/s
X:   -0.54°/s | Y:   -0.07°/s | Z:   -0.26°/s
X:   -0.40°/s | Y:    0.56°/s | Z:   -0.51°/s
X:   -0.49°/s | Y:   -0.07°/s | Z:   -0.46°/s
X:   -0.25°/s | Y:    0.40°/s | Z:   -0.16°/s
X:   -0.46°/s | Y:    0.28°/s | Z:   -0.49°/s
X:   -0.74°/s | Y:    0.10°/s | Z:   -0.58°/s
X:   -0.40°/s | Y:    0.42°/s | Z:   -0.44°/s
X:   -0.77°/s | Y:    0.35°/s | Z:   -0.82°/s
X:   -0.25°/s | Y:    0.28°/s | Z:   -0.46°/s
X:   -0.49°/s | Y:    0.05°/s | Z:   -0.68°/s
X:   -0.44°/s | Y:    0.35°/s | Z:   -1.01°/s
X:   -0.47°/s | Y:    0.74°/s | Z:   -0.61°/s
X:   -0.68°/s | Y:    0.07°/s | Z:   -0.91°/s
X:   -0.33°/s | Y:    0.33°/s | Z:   -0.61°/s
X:   -0.17°/s | Y:    0.02°/s | Z:   -0.86°/s
X:   -0.58°/s | Y:    0.54°/s | Z:   -0.49°/s
X:   -0.74°/s | Y:    0.47°/s | Z:   -0.77°/s
X:   -0.94°/s | Y:    0.23°/s | Z:   -0.26°/s
X:   -0.68°/s | Y:    0.70°/s | Z:   -0.52°/s
X:   -0.37°/s | Y:    0.51°/s | Z:   -0.77°/s
X:   -0.79°/s | Y:    0.30°/s | Z:   -1.29°/s
X:   -0.30°/s | Y:    0.07°/s | Z:   -0.14°/s
X:   -0.63°/s | Y:    0.56°/s | Z:   -0.54°/s
X:   -0.52°/s | Y:    0.63°/s | Z:   -0.54°/s
X:   -0.68°/s | Y:    0.35°/s | Z:   -0.74°/s
X:   -0.42°/s | Y:    0.46°/s | Z:   -0.10°/s
X:   -0.46°/s | Y:    0.38°/s | Z:   -0.21°/s
X:   -0.40°/s | Y:    0.37°/s | Z:   -0.16°/s
X:   -0.60°/s | Y:    0.54°/s | Z:   -0.46°/s
X:   -0.38°/s | Y:    0.09°/s | Z:   -0.33°/s
X:   -0.33°/s | Y:    0.31°/s | Z:   -0.51°/s
X:   -0.21°/s | Y:    0.23°/s | Z:   -0.46°/s
X:    0.10°/s | Y:    0.44°/s | Z:    0.25°/s
X:    0.16°/s | Y:    0.46°/s | Z:    0.21°/s
X:   -0.40°/s | Y:    0.37°/s | Z:   -0.61°/s
X:   -0.31°/s | Y:   -0.09°/s | Z:   -0.54°/s
X:    0.12°/s | Y:    0.23°/s | Z:   -0.63°/s
X:   -0.42°/s | Y:    0.16°/s | Z:   -0.31°/s
X:   -0.38°/s | Y:    0.37°/s | Z:   -0.33°/s
X:   -0.42°/s | Y:    0.49°/s | Z:   -0.67°/s
X:   -0.58°/s | Y:    0.58°/s | Z:   -0.93°/s
X:   -0.07°/s | Y:    0.56°/s | Z:   -0.84°/s
X:   -0.25°/s | Y:   -0.02°/s | Z:   -0.75°/s
X:   -0.37°/s | Y:    0.19°/s | Z:   -0.37°/s
X:   -0.35°/s | Y:    0.54°/s | Z:   -0.42°/s
X:   -0.49°/s | Y:    0.67°/s | Z:   -0.68°/s
X:   -0.52°/s | Y:    0.31°/s | Z:   -0.89°/s
X:   -0.65°/s | Y:    0.56°/s | Z:   -0.30°/s
X:   -0.30°/s | Y:    0.40°/s | Z:   -0.52°/s
X:   -0.40°/s | Y:   -0.19°/s | Z:   -0.58°/s
X:   -0.93°/s | Y:    0.38°/s | Z:   -0.98°/s
X:   -0.37°/s | Y:    0.37°/s | Z:   -0.42°/s
X:   -0.17°/s | Y:    0.58°/s | Z:   -0.96°/s
X:   -0.19°/s | Y:    0.54°/s | Z:   -0.81°/s
X:   -0.37°/s | Y:    0.19°/s | Z:   -0.31°/s
X:   -0.16°/s | Y:    0.25°/s | Z:   -0.68°/s
X:   -0.33°/s | Y:    0.09°/s | Z:   -0.37°/s
X:   -0.54°/s | Y:    0.09°/s | Z:   -0.35°/s
X:   -0.47°/s | Y:    0.38°/s | Z:   -0.16°/s
X:   -0.26°/s | Y:    0.44°/s | Z:   -0.60°/s
X:    0.07°/s | Y:    0.10°/s | Z:   -0.28°/s
X:   -0.09°/s | Y:    0.25°/s | Z:   -0.26°/s
X:   -0.05°/s | Y:    0.23°/s | Z:   -0.42°/s
X:   -0.56°/s | Y:    0.07°/s | Z:   -0.84°/s
X:   -0.61°/s | Y:   -0.14°/s | Z:    0.04°/s
X:   -0.09°/s | Y:    0.25°/s | Z:   -0.26°/s
X:   -0.47°/s | Y:   -0.04°/s | Z:   -0.51°/s
X:   -0.05°/s | Y:   -0.33°/s | Z:   -0.54°/s
X:   -0.23°/s | Y:   -0.26°/s | Z:   -0.42°/s
X:   -0.42°/s | Y:    0.17°/s | Z:    0.00°/s
X:   -0.19°/s | Y:    0.40°/s | Z:   -0.14°/s
X:   -0.52°/s | Y:    0.04°/s | Z:   -0.56°/s
X:   -0.25°/s | Y:    0.05°/s | Z:   -1.33°/s
X:   -0.23°/s | Y:    0.35°/s | Z:   -0.05°/s
X:   -0.49°/s | Y:    0.16°/s | Z:   -0.58°/s
X:   -0.25°/s | Y:    0.35°/s | Z:   -0.31°/s
X:   -0.44°/s | Y:    0.47°/s | Z:   -4.25°/s
X:   -0.35°/s | Y:    0.46°/s | Z:   -0.77°/s
X:    0.00°/s | Y:    0.44°/s | Z:   -0.68°/s
X:   -0.25°/s | Y:    0.49°/s | Z:   -0.47°/s
X:   -0.44°/s | Y:    0.23°/s | Z:   -0.58°/s
X:   -0.58°/s | Y:    0.17°/s | Z:   -1.01°/s
X:   -0.42°/s | Y:    0.51°/s | Z:   -0.88°/s
X:   -0.25°/s | Y:    0.17°/s | Z:   -0.81°/s
X:   -0.79°/s | Y:    0.40°/s | Z:   -0.81°/s
X:   -0.19°/s | Y:    0.33°/s | Z:   -1.01°/s
X:   -0.88°/s | Y:    0.19°/s | Z:   -0.89°/s
X:   -0.47°/s | Y:    0.38°/s | Z:   -0.68°/s
X:   -0.05°/s | Y:    0.49°/s | Z:   -0.58°/s
X:   -0.02°/s | Y:    0.23°/s | Z:   -0.47°/s
X:   -0.46°/s | Y:    0.31°/s | Z:   -0.31°/s
X:   -0.19°/s | Y:    0.35°/s | Z:   -0.54°/s
X:   -0.61°/s | Y:    0.05°/s | Z:   -0.65°/s
X:   -0.35°/s | Y:    0.40°/s | Z:   -0.16°/s
X:   -0.42°/s | Y:    0.38°/s | Z:   -0.72°/s
X:   -0.28°/s | Y:    0.09°/s | Z:   -0.44°/s
X:   -0.17°/s | Y:    0.40°/s | Z:   -0.46°/s
X:   -0.23°/s | Y:   -0.02°/s | Z:   -0.10°/s
X:   -0.31°/s | Y:    0.44°/s | Z:   -0.61°/s
X:   -0.28°/s | Y:   -0.21°/s | Z:   -0.60°/s
X:   -0.26°/s | Y:   -0.23°/s | Z:   -0.56°/s
X:   -0.52°/s | Y:    0.54°/s | Z:    0.21°/s
X:   -0.19°/s | Y:    0.19°/s | Z:   -0.63°/s
X:   -0.30°/s | Y:    0.00°/s | Z:   -0.51°/s
X:   -0.75°/s | Y:    0.25°/s | Z:   -0.47°/s
X:   -0.46°/s | Y:    0.65°/s | Z:   -0.42°/s
X:   -0.42°/s | Y:    0.28°/s | Z:   -0.79°/s
X:   -0.28°/s | Y:    0.26°/s | Z:   -0.10°/s
X:   -0.38°/s | Y:    0.16°/s | Z:   -0.17°/s
X:   -0.30°/s | Y:    0.16°/s | Z:   -0.60°/s
X:    4.22°/s | Y:    0.26°/s | Z:   -0.17°/s
X:   -0.52°/s | Y:    0.10°/s | Z:   -0.77°/s
X:   -0.63°/s | Y:    0.61°/s | Z:   -0.77°/s
X:   -0.44°/s | Y:    0.63°/s | Z:   -0.51°/s
X:   -0.47°/s | Y:    0.54°/s | Z:   -0.49°/s
X:   -0.52°/s | Y:    0.60°/s | Z:   -0.42°/s
X:   -0.58°/s | Y:    0.65°/s | Z:   -0.72°/s
X:   -0.37°/s | Y:    0.49°/s | Z:   -0.37°/s
X:   -0.52°/s | Y:    0.26°/s | Z:   -0.23°/s
X:   -0.68°/s | Y:    0.37°/s | Z:   -0.75°/s
X:   -0.96°/s | Y:    0.40°/s | Z:   -0.40°/s
X:   -0.86°/s | Y:    0.54°/s | Z:   -0.94°/s
X:    0.05°/s | Y:    0.14°/s | Z:   -1.07°/s
X:   -0.51°/s | Y:    0.30°/s | Z:   -0.79°/s
X:   -0.35°/s | Y:    0.31°/s | Z:   -0.52°/s
X:   -0.63°/s | Y:   -0.07°/s | Z:   -0.70°/s
X:   -0.37°/s | Y:    0.26°/s | Z:   -1.01°/s
X:    0.04°/s | Y:    0.65°/s | Z:   -0.68°/s
X:   -0.31°/s | Y:    0.09°/s | Z:   -0.68°/s
X:   -0.63°/s | Y:    0.65°/s | Z:   -0.63°/s
X:   -0.31°/s | Y:    0.54°/s | Z:   -0.88°/s
X:   -0.79°/s | Y:    0.56°/s | Z:   -1.28°/s
X:   -0.21°/s | Y:    0.52°/s | Z:   -0.19°/s
X:    0.02°/s | Y:    0.38°/s | Z:   -0.61°/s
X:   -0.40°/s | Y:    0.52°/s | Z:   -4.43°/s
X:   -0.21°/s | Y:   -0.04°/s | Z:   -0.35°/s
X:    0.17°/s | Y:   -0.21°/s | Z:   -0.26°/s
X:   -0.58°/s | Y:    0.65°/s | Z:   -0.74°/s
X:   -0.47°/s | Y:    0.14°/s | Z:    0.17°/s
X:    0.02°/s | Y:   -0.14°/s | Z:   -0.31°/s
X:   -0.25°/s | Y:    0.52°/s | Z:   -0.19°/s
X:   -0.07°/s | Y:    0.30°/s | Z:   -0.54°/s
X:    0.07°/s | Y:    0.30°/s | Z:   -0.21°/s
X:   -0.42°/s | Y:    0.19°/s | Z:   -0.38°/s
X:   -0.35°/s | Y:   -0.04°/s | Z:   -0.60°/s
X:   -0.28°/s | Y:    0.23°/s | Z:   -0.21°/s
X:   -0.44°/s | Y:    0.10°/s | Z:   -0.07°/s
X:   -0.14°/s | Y:    0.33°/s | Z:    0.00°/s
X:    0.04°/s | Y:   -0.05°/s | Z:   -0.40°/s
X:    4.24°/s | Y:    0.47°/s | Z:   -0.49°/s
X:   -0.17°/s | Y:    0.02°/s | Z:   -0.61°/s
X:   -0.49°/s | Y:    0.28°/s | Z:   -0.61°/s
X:   -0.40°/s | Y:   -0.04°/s | Z:   -0.89°/s
X:   -0.47°/s | Y:    0.21°/s | Z:   -0.23°/s
X:   -0.37°/s | Y:    0.31°/s | Z:   -0.94°/s
X:   -0.47°/s | Y:    0.31°/s | Z:   -0.31°/s
X:   -0.35°/s | Y:    0.14°/s | Z:   -0.68°/s

📊 Interrupt Stats (every 1000 loops / ~2.5s):
  Avg Cycles/Loop: 180000
  Loop Time: 2500.000μs
  Anomalies: 19
  CPU Usage: ~100.0%
──────────────────────────────────────
X:   -0.23°/s | Y:    0.23°/s | Z:   -0.38°/s
X:   -0.89°/s | Y:    0.72°/s | Z:   -0.56°/s
X:   -0.42°/s | Y:    0.56°/s | Z:   -0.33°/s
X:   -0.54°/s | Y:    0.25°/s | Z:   -0.56°/s
X:   -0.89°/s | Y:    0.30°/s | Z:   -0.74°/s
X:   -0.67°/s | Y:    0.65°/s | Z:   -0.93°/s
X:   -0.58°/s | Y:    0.52°/s | Z:   -0.42°/s
X:   -0.35°/s | Y:    0.42°/s | Z:   -0.60°/s
X:   -0.30°/s | Y:    0.77°/s | Z:   -0.67°/s
X:   -0.19°/s | Y:    0.46°/s | Z:   -0.74°/s
X:   -0.61°/s | Y:    0.40°/s | Z:   -0.68°/s
X:   -0.31°/s | Y:    0.31°/s | Z:   -0.09°/s
X:   -0.58°/s | Y:    0.89°/s | Z:   -0.51°/s
X:   -0.17°/s | Y:    0.17°/s | Z:   -0.10°/s
X:   -0.33°/s | Y:    0.26°/s | Z:   -0.38°/s
X:   -0.21°/s | Y:    0.17°/s | Z:   -0.46°/s
X:   -0.52°/s | Y:    0.12°/s | Z:   -0.04°/s
X:   -0.09°/s | Y:    0.54°/s | Z:   -0.30°/s
X:   -0.17°/s | Y:    0.12°/s | Z:   -0.38°/s
X:   -0.72°/s | Y:    0.17°/s | Z:   -0.19°/s
X:   -0.38°/s | Y:   -0.02°/s | Z:   -0.47°/s
X:   -0.35°/s | Y:    0.09°/s | Z:   -0.46°/s
X:    0.14°/s | Y:    0.35°/s | Z:   -0.28°/s
X:   -0.12°/s | Y:    0.47°/s | Z:   -0.35°/s
X:   -0.23°/s | Y:    0.35°/s | Z:   -0.12°/s
X:    0.17°/s | Y:    0.09°/s | Z:    0.07°/s
X:   -0.07°/s | Y:    0.17°/s | Z:   -0.54°/s
X:   -0.63°/s | Y:    0.51°/s | Z:   -0.28°/s
X:   -0.49°/s | Y:    0.33°/s | Z:   -0.31°/s
X:   -0.42°/s | Y:    0.02°/s | Z:   -0.56°/s
X:   -0.30°/s | Y:    0.04°/s | Z:   -0.40°/s
X:   -0.65°/s | Y:    0.60°/s | Z:   -0.28°/s
X:   -0.37°/s | Y:    0.49°/s | Z:   -0.10°/s
X:   -0.37°/s | Y:    0.04°/s | Z:   -0.47°/s
X:   -0.52°/s | Y:   -0.02°/s | Z:   -0.61°/s
X:   -0.51°/s | Y:    0.44°/s | Z:   -0.60°/s
X:   -0.44°/s | Y:    0.40°/s | Z:   -0.61°/s
X:   -0.14°/s | Y:    0.67°/s | Z:   -0.81°/s
X:   -0.25°/s | Y:    0.31°/s | Z:   -0.60°/s
X:   -0.58°/s | Y:    0.23°/s | Z:   -0.68°/s
X:   -0.16°/s | Y:    0.42°/s | Z:   -0.61°/s
X:   -0.19°/s | Y:    0.23°/s | Z:   -0.38°/s
X:   -0.60°/s | Y:    0.47°/s | Z:   -0.31°/s
X:   -0.49°/s | Y:    0.67°/s | Z:   -0.82°/s
X:   -0.40°/s | Y:    0.26°/s | Z:   -0.33°/s
X:   -0.25°/s | Y:    0.16°/s | Z:   -0.49°/s
X:   -0.47°/s | Y:    0.35°/s | Z:    0.05°/s
X:   -0.52°/s | Y:    0.26°/s | Z:   -0.14°/s
X:   -0.91°/s | Y:    0.21°/s | Z:   -0.70°/s
X:   -0.26°/s | Y:    0.44°/s | Z:   -0.47°/s
X:   -0.44°/s | Y:    0.02°/s | Z:   -0.52°/s
X:   -0.17°/s | Y:    0.28°/s | Z:   -0.30°/s
X:   -0.30°/s | Y:    0.31°/s | Z:   -0.16°/s
X:   -0.26°/s | Y:    0.07°/s | Z:    0.12°/s
X:   -0.72°/s | Y:    0.00°/s | Z:   -0.02°/s
X:   -0.05°/s | Y:    0.17°/s | Z:   -0.38°/s
X:   -0.77°/s | Y:    0.38°/s | Z:   -0.52°/s
X:   -0.33°/s | Y:    0.17°/s | Z:   -0.40°/s
X:   -0.60°/s | Y:    0.10°/s | Z:   -0.72°/s
X:   -0.33°/s | Y:   -0.05°/s | Z:   -0.35°/s
X:   -0.40°/s | Y:    0.26°/s | Z:   -0.94°/s
X:   -0.37°/s | Y:    0.67°/s | Z:   -0.28°/s
X:   -0.09°/s | Y:    0.02°/s | Z:   -0.91°/s
X:   -0.25°/s | Y:   -0.02°/s | Z:   -0.56°/s
X:   -0.14°/s | Y:    0.28°/s | Z:   -0.28°/s
X:   -0.35°/s | Y:    0.60°/s | Z:   -0.88°/s
X:   -0.25°/s | Y:    0.51°/s | Z:   -0.56°/s
X:   -0.79°/s | Y:    0.65°/s | Z:   -0.82°/s
X:   -0.54°/s | Y:    0.25°/s | Z:   -0.37°/s
X:   -0.46°/s | Y:    0.21°/s | Z:   -1.07°/s
X:   -0.19°/s | Y:    0.42°/s | Z:   -0.60°/s
X:   -0.61°/s | Y:    0.52°/s | Z:   -0.65°/s
X:   -0.33°/s | Y:    0.56°/s | Z:   -0.72°/s
X:   -0.21°/s | Y:    0.52°/s | Z:   -0.28°/s
X:   -0.28°/s | Y:    0.26°/s | Z:   -0.96°/s
X:   -0.30°/s | Y:    0.25°/s | Z:   -0.86°/s
X:   -0.51°/s | Y:   -0.38°/s | Z:   -0.51°/s
X:   -0.54°/s | Y:    0.23°/s | Z:   -0.38°/s
X:   -0.07°/s | Y:    0.25°/s | Z:   -0.58°/s
X:   -0.09°/s | Y:    0.37°/s | Z:   -0.21°/s
X:   -0.19°/s | Y:   -0.05°/s | Z:   -0.38°/s
X:   -0.23°/s | Y:    0.16°/s | Z:   -0.10°/s
X:   -0.42°/s | Y:    0.09°/s | Z:   -0.82°/s
X:   -0.09°/s | Y:    0.23°/s | Z:   -0.17°/s
X:   -0.23°/s | Y:    0.46°/s | Z:   -0.30°/s
X:    0.05°/s | Y:    0.23°/s | Z:   -0.09°/s
X:   -0.35°/s | Y:    0.52°/s | Z:   -0.89°/s
X:   -0.47°/s | Y:    0.54°/s | Z:   -0.19°/s
X:   -0.33°/s | Y:    0.49°/s | Z:   -0.42°/s
X:   -0.31°/s | Y:    0.28°/s | Z:   -0.52°/s
X:    0.05°/s | Y:   -0.26°/s | Z:   -0.63°/s
X:   -0.37°/s | Y:    0.00°/s | Z:   -0.17°/s
X:   -0.26°/s | Y:    0.46°/s | Z:   -0.02°/s
X:   -0.02°/s | Y:    0.12°/s | Z:   -0.16°/s
X:   -0.02°/s | Y:    0.37°/s | Z:   -0.47°/s
X:   -0.75°/s | Y:    0.46°/s | Z:   -0.58°/s
X:   -0.77°/s | Y:    0.56°/s | Z:   -0.35°/s
X:   -0.86°/s | Y:    0.58°/s | Z:   -0.37°/s
X:   -0.30°/s | Y:    0.31°/s | Z:   -0.25°/s
X:   -0.63°/s | Y:   -0.12°/s | Z:   -1.28°/s
X:   -0.51°/s | Y:    0.46°/s | Z:   -0.60°/s
X:   -0.19°/s | Y:    0.46°/s | Z:   -0.58°/s
X:   -0.68°/s | Y:    0.49°/s | Z:   -0.19°/s
X:   -0.47°/s | Y:    0.60°/s | Z:   -0.70°/s
X:   -0.49°/s | Y:    0.37°/s | Z:   -1.19°/s
X:   -0.33°/s | Y:    0.00°/s | Z:   -0.49°/s
X:   -0.51°/s | Y:    0.46°/s | Z:   -0.47°/s
X:   -0.56°/s | Y:    0.05°/s | Z:   -0.56°/s
X:   -0.26°/s | Y:    0.31°/s | Z:   -0.28°/s
X:   -0.05°/s | Y:    0.35°/s | Z:    0.33°/s
X:   -0.10°/s | Y:    0.63°/s | Z:   -0.35°/s
X:   -0.12°/s | Y:    0.52°/s | Z:   -0.63°/s
X:   -0.44°/s | Y:   -0.30°/s | Z:   -0.17°/s
X:   -0.35°/s | Y:    0.14°/s | Z:   -0.38°/s
X:   -0.58°/s | Y:    0.67°/s | Z:   -0.26°/s
X:   -0.46°/s | Y:    0.17°/s | Z:   -0.16°/s
X:   -0.37°/s | Y:    0.35°/s | Z:    4.04°/s
X:   -0.02°/s | Y:    0.51°/s | Z:   -0.75°/s
X:   -0.37°/s | Y:    0.47°/s | Z:   -0.54°/s
X:   -0.49°/s | Y:    0.51°/s | Z:   -0.25°/s
X:   -0.75°/s | Y:    0.60°/s | Z:   -0.63°/s
X:   -0.42°/s | Y:    0.16°/s | Z:   -0.88°/s
X:   -0.63°/s | Y:    0.44°/s | Z:   -0.21°/s
X:   -0.25°/s | Y:    0.19°/s | Z:   -0.46°/s
X:   -0.58°/s | Y:    0.25°/s | Z:   -0.33°/s
X:   -0.58°/s | Y:    0.44°/s | Z:   -0.35°/s
X:   -0.58°/s | Y:    0.38°/s | Z:   -0.40°/s
X:   -0.47°/s | Y:    0.40°/s | Z:   -0.51°/s
X:   -0.14°/s | Y:    0.17°/s | Z:   -0.35°/s
X:   -0.44°/s | Y:    0.12°/s | Z:   -0.67°/s
X:    0.04°/s | Y:    0.00°/s | Z:    0.14°/s
X:   -0.12°/s | Y:    0.09°/s | Z:   -0.21°/s
X:   -0.31°/s | Y:    0.09°/s | Z:   -0.14°/s
X:   -0.31°/s | Y:    0.28°/s | Z:   -0.54°/s
X:   -0.14°/s | Y:    0.40°/s | Z:   -0.33°/s
X:   -0.07°/s | Y:   -0.14°/s | Z:   -0.26°/s
X:   -0.35°/s | Y:    0.51°/s | Z:   -0.84°/s
X:   -0.33°/s | Y:    0.37°/s | Z:   -0.51°/s
X:   -0.19°/s | Y:   -0.04°/s | Z:   -0.21°/s
X:   -0.61°/s | Y:    0.30°/s | Z:   -0.63°/s
X:   -0.63°/s | Y:    0.10°/s | Z:   -0.61°/s
X:    0.12°/s | Y:    0.40°/s | Z:   -0.86°/s
X:   -0.07°/s | Y:    0.07°/s | Z:   -0.74°/s
X:   -0.51°/s | Y:    0.26°/s | Z:   -0.89°/s
X:   -0.14°/s | Y:    0.47°/s | Z:   -0.79°/s
X:   -0.38°/s | Y:    0.33°/s | Z:   -0.49°/s
X:   -0.30°/s | Y:    0.35°/s | Z:   -0.49°/s
X:   -0.63°/s | Y:    0.19°/s | Z:   -0.79°/s
X:   -0.82°/s | Y:    0.56°/s | Z:   -0.74°/s
X:   -0.42°/s | Y:    0.47°/s | Z:   -0.79°/s
X:   -0.82°/s | Y:    0.26°/s | Z:   -0.58°/s
X:   -0.25°/s | Y:    0.44°/s | Z:   -0.47°/s
X:   -0.38°/s | Y:    0.65°/s | Z:   -0.67°/s
X:   -0.16°/s | Y:    0.44°/s | Z:   -0.86°/s
X:   -0.65°/s | Y:    0.51°/s | Z:   -0.81°/s
X:   -0.17°/s | Y:    0.35°/s | Z:   -0.04°/s
X:   -0.81°/s | Y:    0.10°/s | Z:   -0.04°/s
X:   -0.60°/s | Y:    0.09°/s | Z:    0.10°/s
X:   -0.21°/s | Y:   -0.05°/s | Z:    0.25°/s
X:   -0.25°/s | Y:    0.14°/s | Z:   -0.21°/s
X:    0.04°/s | Y:    0.05°/s | Z:   -0.81°/s
X:   -0.02°/s | Y:    0.60°/s | Z:   -0.09°/s
X:   -0.28°/s | Y:    0.28°/s | Z:   -0.28°/s
X:   -0.38°/s | Y:   -0.19°/s | Z:    0.05°/s
X:   -0.58°/s | Y:    0.35°/s | Z:   -0.26°/s
X:   -0.19°/s | Y:    0.07°/s | Z:   -0.16°/s
X:    0.30°/s | Y:    0.26°/s | Z:    0.16°/s
X:   -0.54°/s | Y:   -0.07°/s | Z:   -0.02°/s
X:   -0.60°/s | Y:    0.23°/s | Z:   -0.40°/s
X:    0.49°/s | Y:    0.07°/s | Z:    0.14°/s
X:   -0.33°/s | Y:    0.05°/s | Z:   -0.21°/s
X:   -0.47°/s | Y:    0.10°/s | Z:   -0.44°/s
===============================
I3G4250D Gyroscope Demo
===============================

Step 1: Detecting gyroscope...
✓ Found: I3g4250d

Step 2: Initializing driver...
✓ WHO_AM_I: 0xD3

Step 3: Configuring sensor...
✓ Configuration complete:
  - Data Rate: 400 Hz (timer interrupt)
  - Range: 500 °/s

Step 4: Starting interrupt-driven mode...
──────────────────────────────────────

⚠️  ANOMALY #1: Δx=1.33, Δy=442.86, Δz=433.89
X:   -1.33°/s | Y: -442.86°/s | Z:  433.89°/s
===============================
I3G4250D Gyroscope Demo
===============================

Step 1: Detecting gyroscope...
✓ Found: I3g4250d

Step 2: Initializing driver...
✓ WHO_AM_I: 0xD3

Step 3: Configuring sensor...
✓ Configuration complete:
  - Data Rate: 400 Hz (timer interrupt)
  - Range: 500 °/s

Step 4: Starting interrupt-driven mode...
──────────────────────────────────────

⚠️  ANOMALY #1: Δx=250.34, Δy=62.33, Δz=571.32
X: -250.34°/s | Y:  -62.33°/s | Z: -571.32°/s
Waiting for timer interrupt...
Waiting for timer interrupt...
===============================
I3G4250D Gyroscope Demo
===============================

Step 1: Detecting gyroscope...
✓ Found: I3g4250d

Step 2: Initializing driver...
✓ WHO_AM_I: 0xD3

Step 3: Configuring sensor...
✓ Configuration complete:
  - Data Rate: 400 Hz (timer interrupt)
  - Range: 500 °/s

Step 4: Starting interrupt-driven mode...
──────────────────────────────────────

⚠️  ANOMALY #1: Δx=507.76, Δy=412.95, Δz=193.74
X:  507.76°/s | Y: -412.95°/s | Z: -193.74°/s
Sleeping until next timer interrupt...
Waiting for timer interrupt...
Sleeping until next timer interrupt...
Waiting for timer interrupt...
⚠️  ANOMALY #2: Δx=507.27, Δy=412.65, Δz=193.83
Sleeping until next timer interrupt...
Waiting for timer interrupt...
Sleeping until next timer interrupt...
Waiting for timer interrupt...
Sleeping until next timer interrupt...
Waiting for timer interrupt...
Sleeping until next timer interrupt...
Waiting for timer interrupt...
Sleeping until next timer interrupt...
Waiting for timer interrupt...
Sleeping until next timer interrupt...
Waiting for timer interrupt...
X:   -0.38°/s | Y:    0.10°/s | Z:    0.05°/s
Sleeping until next timer interrupt...
Waiting for timer interrupt...
Sleeping until next timer interrupt...
Waiting for timer interrupt...
Sleeping until next timer interrupt...
Waiting for timer interrupt...
Sleeping until next timer interrupt...
Waiting for timer interrupt...
Sleeping until next timer interrupt...
Waiting for timer interrupt...
Sleeping until next timer interrupt...
Waiting for timer interrupt...
Sleeping until next timer interrupt...
Waiting for timer interrupt...
Sleeping until next timer interrupt...
Waiting for timer interrupt...
X:   -0.28°/s | Y:    0.60°/s | Z:   -0.58°/s
Sleeping until next timer interrupt...
Waiting for timer interrupt...
Sleeping until next timer interrupt...
Waiting for timer interrupt...
Sleeping until next timer interrupt...
Waiting for timer interrupt...
Sleeping until next timer interrupt...
Waiting for timer interrupt...
Sleeping until next timer interrupt...
Waiting for timer interrupt...
Sleeping until next timer interrupt...
Waiting for timer interrupt...
Sleeping until next timer interrupt...
Waiting for timer interrupt...
Sleeping until next timer interrupt...
Waiting for timer interrupt...
X:   -0.49°/s | Y:    0.72°/s | Z:   -0.88°/s
Sleeping until next timer interrupt...
Waiting for timer interrupt...
Sleeping until next timer interrupt...
Waiting for timer interrupt...
Sleeping until next timer interrupt...
Waiting for timer interrupt...
Sleeping until next timer interrupt...
Waiting for timer interrupt...
Sleeping until next timer interrupt...
Waiting for timer interrupt...
Sleeping until next timer interrupt...
Waiting for timer interrupt...
Sleeping until next timer interrupt...
Waiting for timer interrupt...
Sleeping until next timer interrupt...
Waiting for timer interrupt...
X:   -0.46°/s | Y:    0.37°/s | Z:   -0.10°/s
Sleeping until next timer interrupt...
Waiting for timer interrupt...
Sleeping until next timer interrupt...
Waiting for timer interrupt...
Sleeping until next timer interrupt...
Waiting for timer interrupt...
Sleeping until next timer interrupt...
Waiting for timer interrupt...
Sleeping until next timer interrupt...
Waiting for timer interrupt...
Sleeping until next timer interrupt...
Waiting for timer interrupt...
Sleeping until next timer interrupt...
Waiting for timer interrupt...
Sleeping until next timer interrupt...
Waiting for timer interrupt...
X:   -0.28°/s | Y:    0.26°/s | Z:   -0.37°/s
Sleeping until next timer interrupt...
Waiting for timer interrupt...
Sleeping until next timer interrupt...
Waiting for timer interrupt...
Sleeping until next timer interrupt...
Waiting for timer interrupt...
Sleeping until next timer interrupt...
Waiting for timer interrupt...
Sleeping until next timer interrupt...
Waiting for timer interrupt...
Sleeping until next timer interrupt...
Waiting for timer interrupt...
Sleeping until next timer interrupt...
Waiting for timer interrupt...
Sleeping until next timer interrupt...
Waiting for timer interrupt...
X:    0.09°/s | Y:    0.33°/s | Z:   -0.58°/s
Sleeping until next timer interrupt...
Waiting for timer interrupt...
Sleeping until next timer interrupt...
Waiting for timer interrupt...
Sleeping until next timer interrupt...
Waiting for timer interrupt...
Sleeping until next timer interrupt...
Waiting for timer interrupt...
Sleeping until next timer interrupt...
Waiting for timer interrupt...
Sleeping until next timer interrupt...
Waiting for timer interrupt...
Sleeping until next timer interrupt...
Waiting for timer interrupt...
Sleeping until next timer interrupt...
Waiting for timer interrupt...
X:    0.02°/s | Y:    0.09°/s | Z:   -0.23°/s
Sleeping until next timer interrupt...
Waiting for timer interrupt...
Sleeping until next timer interrupt...
Waiting for timer interrupt...
Sleeping until next timer interrupt...
Waiting for timer interrupt...
Sleeping until next timer interrupt...
Waiting for timer interrupt...
Sleeping until next timer interrupt...
Waiting for timer interrupt...
Sleeping until next timer interrupt...
Waiting for timer interrupt...
Sleeping until next timer interrupt...
Waiting for timer interrupt...
Sleeping until next timer interrupt...
Waiting for timer interrupt...
X:    4.20°/s | Y:    0.40°/s | Z:   -0.54°/s
Sleeping until next timer interrupt...
Waiting for timer interrupt...
Sleeping until next timer interrupt...
Waiting for timer interrupt...
Sleeping until next timer interrupt...
Waiting for timer interrupt...
Sleeping until next timer interrupt...
Waiting for timer interrupt...
Sleeping until next timer interrupt...
Waiting for timer interrupt...
Sleeping until next timer interrupt...
Waiting for timer interrupt...
Sleeping until next timer interrupt...
Waiting for timer interrupt...
Sleeping until next timer interrupt...
Waiting for timer interrupt...
X:   -0.58°/s | Y:    0.25°/s | Z:   -0.52°/s
Sleeping until next timer interrupt...
Waiting for timer interrupt...
Sleeping until next timer interrupt...
Waiting for timer interrupt...
Sleeping until next timer interrupt...
Waiting for timer interrupt...
Sleeping until next timer interrupt...
Waiting for timer interrupt...
Sleeping until next timer interrupt...
Waiting for timer interrupt...
Sleeping until next timer interrupt...
Waiting for timer interrupt...
Sleeping until next timer interrupt...
Waiting for timer interrupt...
Sleeping until next timer interrupt...
Waiting for timer interrupt...
X:   -0.56°/s | Y:    0.30°/s | Z:   -0.44°/s
Sleeping until next timer interrupt...
Waiting for timer interrupt...
Sleeping until next timer interrupt...
Waiting for timer interrupt...
Sleeping until next timer interrupt...
Waiting for timer interrupt...
Sleeping until next timer interrupt...
Waiting for timer interrupt...
Sleeping until next timer interrupt...
Waiting for timer interrupt...
Sleeping until next timer interrupt...
Waiting for timer interrupt...
Sleeping until next timer interrupt...
Waiting for timer interrupt...
Sleeping until next timer interrupt...
Waiting for timer interrupt...
X:   -0.30°/s | Y:    0.26°/s | Z:   -0.61°/s
Sleeping until next timer interrupt...
Waiting for timer interrupt...
Sleeping until next timer interrupt...
Waiting for timer interrupt...
Sleeping until next timer interrupt...
Waiting for timer interrupt...
Sleeping until next timer interrupt...
Waiting for timer interrupt...
Sleeping until next timer interrupt...
Waiting for timer interrupt...
Sleeping until next timer interrupt...
Waiting for timer interrupt...
Sleeping until next timer interrupt...
Waiting for timer interrupt...
Sleeping until next timer interrupt...
Waiting for timer interrupt...
X:   -0.49°/s | Y:    0.31°/s | Z:   -0.35°/s
Sleeping until next timer interrupt...
Waiting for timer interrupt...
Sleeping until next timer interrupt...
Waiting for timer interrupt...
Sleeping until next timer interrupt...
Waiting for timer interrupt...
Sleeping until next timer interrupt...
Waiting for timer interrupt...
Sleeping until next timer interrupt...
Waiting for timer interrupt...
Sleeping until next timer interrupt...
Waiting for timer interrupt...
Sleeping until next timer interrupt...
Waiting for timer interrupt...
Sleeping until next timer interrupt...
Waiting for timer interrupt...
X:   -0.77°/s | Y:    0.65°/s | Z:   -0.10°/s
Sleeping until next timer interrupt...
Waiting for timer interrupt...
Sleeping until next timer interrupt...
Waiting for timer interrupt...
Sleeping until next timer interrupt...
Waiting for timer interrupt...
Sleeping until next timer interrupt...
Waiting for timer interrupt...
Sleeping until next timer interrupt...
Waiting for timer interrupt...
Sleeping until next timer interrupt...
Waiting for timer interrupt...
Sleeping until next timer interrupt...
Waiting for timer interrupt...
Sleeping until next timer interrupt...
Waiting for timer interrupt...
X:   -0.68°/s | Y:    0.74°/s | Z:   -0.51°/s
Sleeping until next timer interrupt...
Waiting for timer interrupt...
Sleeping until next timer interrupt...
Waiting for timer interrupt...
Sleeping until next timer interrupt...
Waiting for timer interrupt...
Sleeping until next timer interrupt...
Waiting for timer interrupt...
Sleeping until next timer interrupt...
Waiting for timer interrupt...
Sleeping until next timer interrupt...
Waiting for timer interrupt...
Sleeping until next timer interrupt...
Waiting for timer interrupt...
Sleeping until next timer interrupt...
Waiting for timer interrupt...
X:   -0.38°/s | Y:    0.58°/s | Z:   -0.49°/s
Sleeping until next timer interrupt...
Waiting for timer interrupt...
Sleeping until next timer interrupt...
Waiting for timer interrupt...
Sleeping until next timer interrupt...
Waiting for timer interrupt...
Sleeping until next timer interrupt...
Waiting for timer interrupt...
Sleeping until next timer interrupt...
Waiting for timer interrupt...
Sleeping until next timer interrupt...
Waiting for timer interrupt...
Sleeping until next timer interrupt...
Waiting for timer interrupt...
Sleeping until next timer interrupt...
Waiting for timer interrupt...
X:   -0.60°/s | Y:    0.47°/s | Z:   -0.05°/s
Sleeping until next timer interrupt...
Waiting for timer interrupt...
Sleeping until next timer interrupt...
Waiting for timer interrupt...
Sleeping until next timer interrupt...
Waiting for timer interrupt...
Sleeping until next timer interrupt...
Waiting for timer interrupt...
Sleeping until next timer interrupt...
Waiting for timer interrupt...
Sleeping until next timer interrupt...
Waiting for timer interrupt...
Sleeping until next timer interrupt...
Waiting for timer interrupt...
Sleeping until next timer interrupt...
Waiting for timer interrupt...
X:   -0.63°/s | Y:    0.10°/s | Z:   -0.63°/s
Sleeping until next timer interrupt...
Waiting for timer interrupt...
Sleeping until next timer interrupt...
Waiting for timer interrupt...
Sleeping until next timer interrupt...
Waiting for timer interrupt...
Sleeping until next timer interrupt...
Waiting for timer interrupt...
Sleeping until next timer interrupt...
Waiting for timer interrupt...
Sleeping until next timer interrupt...
Waiting for timer interrupt...
Sleeping until next timer interrupt...
Waiting for timer interrupt...
Sleeping until next timer interrupt...
Waiting for timer interrupt...
X:   -0.19°/s | Y:    0.21°/s | Z:   -0.56°/s
Sleeping until next timer interrupt...
Waiting for timer interrupt...
Sleeping until next timer interrupt...
Waiting for timer interrupt...
Sleeping until next timer interrupt...
Waiting for timer interrupt...
Sleeping until next timer interrupt...
Waiting for timer interrupt...
Sleeping until next timer interrupt...
Waiting for timer interrupt...
Sleeping until next timer interrupt...
Waiting for timer interrupt...
Sleeping until next timer interrupt...
Waiting for timer interrupt...
Sleeping until next timer interrupt...
Waiting for timer interrupt...
X:   -0.38°/s | Y:    0.17°/s | Z:   -0.98°/s
Sleeping until next timer interrupt...
Waiting for timer interrupt...
Sleeping until next timer interrupt...
Waiting for timer interrupt...
Sleeping until next timer interrupt...
Waiting for timer interrupt...
Sleeping until next timer interrupt...
Waiting for timer interrupt...
Sleeping until next timer interrupt...
Waiting for timer interrupt...
Sleeping until next timer interrupt...
Waiting for timer interrupt...
Sleeping until next timer interrupt...
Waiting for timer interrupt...
Sleeping until next timer interrupt...
Waiting for timer interrupt...
X:   -0.42°/s | Y:   -0.05°/s | Z:   -0.31°/s
Sleeping until next timer interrupt...
Waiting for timer interrupt...
Sleeping until next timer interrupt...
Waiting for timer interrupt...
Sleeping until next timer interrupt...
Waiting for timer interrupt...
Sleeping until next timer interrupt...
Waiting for timer interrupt...
Sleeping until next timer interrupt...
Waiting for timer interrupt...
Sleeping until next timer interrupt...
Waiting for timer interrupt...
Sleeping until next timer interrupt...
Waiting for timer interrupt...
Sleeping until next timer interrupt...
Waiting for timer interrupt...
X:   -0.05°/s | Y:   -0.05°/s | Z:   -0.47°/s
Sleeping until next timer interrupt...
Waiting for timer interrupt...
Sleeping until next timer interrupt...
Waiting for timer interrupt...
Sleeping until next timer interrupt...
Waiting for timer interrupt...
Sleeping until next timer interrupt...
Waiting for timer interrupt...
Sleeping until next timer interrupt...
Waiting for timer interrupt...
Sleeping until next timer interrupt...
Waiting for timer interrupt...
Sleeping until next timer interrupt...
Waiting for timer interrupt...
Sleeping until next timer interrupt...
Waiting for timer interrupt...
X:   -0.44°/s | Y:    0.07°/s | Z:   -0.10°/s
Sleeping until next timer interrupt...
Waiting for timer interrupt...
Sleeping until next timer interrupt...
Waiting for timer interrupt...
Sleeping until next timer interrupt...
Waiting for timer interrupt...
Sleeping until next timer interrupt...
Waiting for timer interrupt...
Sleeping until next timer interrupt...
Waiting for timer interrupt...
Sleeping until next timer interrupt...
Waiting for timer interrupt...
Sleeping until next timer interrupt...
Waiting for timer interrupt...
Sleeping until next timer interrupt...
Waiting for timer interrupt...
X:    0.04°/s | Y:    0.00°/s | Z:   -0.60°/s
Sleeping until next timer interrupt...
Waiting for timer interrupt...
Sleeping until next timer interrupt...
Waiting for timer interrupt...
Sleeping until next timer interrupt...
Waiting for timer interrupt...
Sleeping until next timer interrupt...
Waiting for timer interrupt...
Sleeping until next timer interrupt...
Waiting for timer interrupt...
Sleeping until next timer interrupt...
Waiting for timer interrupt...
Sleeping until next timer interrupt...
Waiting for timer interrupt...
Sleeping until next timer interrupt...
Waiting for timer interrupt...
X:   -0.40°/s | Y:    0.19°/s | Z:   -0.23°/s
Sleeping until next timer interrupt...
Waiting for timer interrupt...
Sleeping until next timer interrupt...
Waiting for timer interrupt...
Sleeping until next timer interrupt...
Waiting for timer interrupt...
Sleeping until next timer interrupt...
Waiting for timer interrupt...
Sleeping until next timer interrupt...
Waiting for timer interrupt...
Sleeping until next timer interrupt...
Waiting for timer interrupt...
Sleeping until next timer interrupt...
Waiting for timer interrupt...
Sleeping until next timer interrupt...
Waiting for timer interrupt...
X:   -0.65°/s | Y:    0.42°/s | Z:   -0.35°/s
Sleeping until next timer interrupt...
Waiting for timer interrupt...
Sleeping until next timer interrupt...
Waiting for timer interrupt...
Sleeping until next timer interrupt...
Waiting for timer interrupt...
Sleeping until next timer interrupt...
Waiting for timer interrupt...
Sleeping until next timer interrupt...
Waiting for timer interrupt...
Sleeping until next timer interrupt...
Waiting for timer interrupt...
Sleeping until next timer interrupt...
Waiting for timer interrupt...
Sleeping until next timer interrupt...
Waiting for timer interrupt...
X:   -0.30°/s | Y:    0.37°/s | Z:   -0.44°/s
Sleeping until next timer interrupt...
Waiting for timer interrupt...
Sleeping until next timer interrupt...
Waiting for timer interrupt...
Sleeping until next timer interrupt...
Waiting for timer interrupt...
Sleeping until next timer interrupt...
Waiting for timer interrupt...
Sleeping until next timer interrupt...
Waiting for timer interrupt...
Sleeping until next timer interrupt...
Waiting for timer interrupt...
Sleeping until next timer interrupt...
Waiting for timer interrupt...
Sleeping until next timer interrupt...
Waiting for timer interrupt...
X:   -0.56°/s | Y:    0.81°/s | Z:   -0.23°/s
Sleeping until next timer interrupt...
Waiting for timer interrupt...
Sleeping until next timer interrupt...
Waiting for timer interrupt...
Sleeping until next timer interrupt...
Waiting for timer interrupt...
Sleeping until next timer interrupt...
Waiting for timer interrupt...
Sleeping until next timer interrupt...
Waiting for timer interrupt...
Sleeping until next timer interrupt...
Waiting for timer interrupt...
Sleeping until next timer interrupt...
Waiting for timer interrupt...
Sleeping until next timer interrupt...
Waiting for timer interrupt...
X:   -0.40°/s | Y:    0.28°/s | Z:   -0.28°/s
Sleeping until next timer interrupt...
Waiting for timer interrupt...
Sleeping until next timer interrupt...
Waiting for timer interrupt...
Sleeping until next timer interrupt...
Waiting for timer interrupt...
Sleeping until next timer interrupt...
Waiting for timer interrupt...
Sleeping until next timer interrupt...
Waiting for timer interrupt...
Sleeping until next timer interrupt...
Waiting for timer interrupt...
Sleeping until next timer interrupt...
Waiting for timer interrupt...
Sleeping until next timer interrupt...
Waiting for timer interrupt...
X:   -0.77°/s | Y:    0.37°/s | Z:   -0.44°/s
Sleeping until next timer interrupt...
Waiting for timer interrupt...
Sleeping until next timer interrupt...
Waiting for timer interrupt...
Sleeping until next timer interrupt...
Waiting for timer interrupt...
Sleeping until next timer interrupt...
Waiting for timer interrupt...
Sleeping until next timer interrupt...
Waiting for timer interrupt...
Sleeping until next timer interrupt...
Waiting for timer interrupt...
Sleeping until next timer interrupt...
Waiting for timer interrupt...
Sleeping until next timer interrupt...
Waiting for timer interrupt...
X:   -0.42°/s | Y:    0.04°/s | Z:   -0.74°/s
Sleeping until next timer interrupt...
Waiting for timer interrupt...
Sleeping until next timer interrupt...
Waiting for timer interrupt...
Sleeping until next timer interrupt...
Waiting for timer interrupt...
Sleeping until next timer interrupt...
Waiting for timer interrupt...
Sleeping until next timer interrupt...
Waiting for timer interrupt...
Sleeping until next timer interrupt...
Waiting for timer interrupt...
Sleeping until next timer interrupt...
Waiting for timer interrupt...
Sleeping until next timer interrupt...
Waiting for timer interrupt...
X:   -0.58°/s | Y:    0.09°/s | Z:   -0.63°/s
Sleeping until next timer interrupt...
Waiting for timer interrupt...
Sleeping until next timer interrupt...
Waiting for timer interrupt...
Sleeping until next timer interrupt...
Waiting for timer interrupt...
Sleeping until next timer interrupt...
Waiting for timer interrupt...
Sleeping until next timer interrupt...
Waiting for timer interrupt...
Sleeping until next timer interrupt...
Waiting for timer interrupt...
Sleeping until next timer interrupt...
Waiting for timer interrupt...
Sleeping until next timer interrupt...
Waiting for timer interrupt...
X:   -0.12°/s | Y:   -0.23°/s | Z:   -0.56°/s
Sleeping until next timer interrupt...
Waiting for timer interrupt...
Sleeping until next timer interrupt...
Waiting for timer interrupt...
Sleeping until next timer interrupt...
Waiting for timer interrupt...
Sleeping until next timer interrupt...
Waiting for timer interrupt...
Sleeping until next timer interrupt...
Waiting for timer interrupt...
Sleeping until next timer interrupt...
Waiting for timer interrupt...
Sleeping until next timer interrupt...
Waiting for timer interrupt...
Sleeping until next timer interrupt...
Waiting for timer interrupt...
X:   -0.40°/s | Y:    0.25°/s | Z:   -0.19°/s
Sleeping until next timer interrupt...
Waiting for timer interrupt...
Sleeping until next timer interrupt...
Waiting for timer interrupt...
Sleeping until next timer interrupt...
Waiting for timer interrupt...
Sleeping until next timer interrupt...
Waiting for timer interrupt...
Sleeping until next timer interrupt...
Waiting for timer interrupt...
Sleeping until next timer interrupt...
Waiting for timer interrupt...
Sleeping until next timer interrupt...
Waiting for timer interrupt...
Sleeping until next timer interrupt...
Waiting for timer interrupt...
X:   -0.26°/s | Y:   -0.07°/s | Z:   -0.40°/s
Sleeping until next timer interrupt...
Waiting for timer interrupt...
Sleeping until next timer interrupt...
Waiting for timer interrupt...
Sleeping until next timer interrupt...
Waiting for timer interrupt...
Sleeping until next timer interrupt...
Waiting for timer interrupt...
Sleeping until next timer interrupt...
Waiting for timer interrupt...
Sleeping until next timer interrupt...
Waiting for timer interrupt...
Sleeping until next timer interrupt...
Waiting for timer interrupt...
Sleeping until next timer interrupt...
Waiting for timer interrupt...
X:   -0.60°/s | Y:   -0.04°/s | Z:   -0.58°/s
Sleeping until next timer interrupt...
Waiting for timer interrupt...
Sleeping until next timer interrupt...
Waiting for timer interrupt...
Sleeping until next timer interrupt...
Waiting for timer interrupt...
Sleeping until next timer interrupt...
Waiting for timer interrupt...
Sleeping until next timer interrupt...
Waiting for timer interrupt...
Sleeping until next timer interrupt...
Waiting for timer interrupt...
Sleeping until next timer interrupt...
Waiting for timer interrupt...
Sleeping until next timer interrupt...
Waiting for timer interrupt...
X:   -0.37°/s | Y:   -0.14°/s | Z:   -0.46°/s
Sleeping until next timer interrupt...
Waiting for timer interrupt...
Sleeping until next timer interrupt...
Waiting for timer interrupt...
Sleeping until next timer interrupt...
Waiting for timer interrupt...
Sleeping until next timer interrupt...
Waiting for timer interrupt...
Sleeping until next timer interrupt...
Waiting for timer interrupt...
Sleeping until next timer interrupt...
Waiting for timer interrupt...
Sleeping until next timer interrupt...
Waiting for timer interrupt...
Sleeping until next timer interrupt...
Waiting for timer interrupt...
X:    0.02°/s | Y:    0.10°/s | Z:   -0.33°/s
Sleeping until next timer interrupt...
Waiting for timer interrupt...
Sleeping until next timer interrupt...
Waiting for timer interrupt...
Sleeping until next timer interrupt...
Waiting for timer interrupt...
Sleeping until next timer interrupt...
Waiting for timer interrupt...
Sleeping until next timer interrupt...
Waiting for timer interrupt...
Sleeping until next timer interrupt...
Waiting for timer interrupt...
Sleeping until next timer interrupt...
Waiting for timer interrupt...
Sleeping until next timer interrupt...
Waiting for timer interrupt...
X:   -0.16°/s | Y:   -0.02°/s | Z:   -0.42°/s
Sleeping until next timer interrupt...
Waiting for timer interrupt...
Sleeping until next timer interrupt...
Waiting for timer interrupt...
Sleeping until next timer interrupt...
Waiting for timer interrupt...
Sleeping until next timer interrupt...
Waiting for timer interrupt...
Sleeping until next timer interrupt...
Waiting for timer interrupt...
Sleeping until next timer interrupt...
Waiting for timer interrupt...
Sleeping until next timer interrupt...
Waiting for timer interrupt...
Sleeping until next timer interrupt...
Waiting for timer interrupt...
X:    0.14°/s | Y:    0.07°/s | Z:   -0.88°/s
Sleeping until next timer interrupt...
Waiting for timer interrupt...
Sleeping until next timer interrupt...
Waiting for timer interrupt...
Sleeping until next timer interrupt...
Waiting for timer interrupt...
Sleeping until next timer interrupt...
Waiting for timer interrupt...
Sleeping until next timer interrupt...
Waiting for timer interrupt...
Sleeping until next timer interrupt...
Waiting for timer interrupt...
Sleeping until next timer interrupt...
Waiting for timer interrupt...
Sleeping until next timer interrupt...
Waiting for timer interrupt...
X:   -0.46°/s | Y:    0.28°/s | Z:   -0.65°/s
Sleeping until next timer interrupt...
Waiting for timer interrupt...
Sleeping until next timer interrupt...
Waiting for timer interrupt...
Sleeping until next timer interrupt...
Waiting for timer interrupt...
Sleeping until next timer interrupt...
Waiting for timer interrupt...
Sleeping until next timer interrupt...
Waiting for timer interrupt...
Sleeping until next timer interrupt...
Waiting for timer interrupt...
Sleeping until next timer interrupt...
Waiting for timer interrupt...
Sleeping until next timer interrupt...
Waiting for timer interrupt...
X:   -0.16°/s | Y:    0.19°/s | Z:   -0.14°/s
Sleeping until next timer interrupt...
Waiting for timer interrupt...
Sleeping until next timer interrupt...
Waiting for timer interrupt...
Sleeping until next timer interrupt...
Waiting for timer interrupt...
Sleeping until next timer interrupt...
Waiting for timer interrupt...
Sleeping until next timer interrupt...
Waiting for timer interrupt...
Sleeping until next timer interrupt...
Waiting for timer interrupt...
Sleeping until next timer interrupt...
Waiting for timer interrupt...
Sleeping until next timer interrupt...
Waiting for timer interrupt...
X:   -0.37°/s | Y:    0.26°/s | Z:   -0.25°/s
Sleeping until next timer interrupt...
Waiting for timer interrupt...
Sleeping until next timer interrupt...
Waiting for timer interrupt...
Sleeping until next timer interrupt...
Waiting for timer interrupt...
Sleeping until next timer interrupt...
Waiting for timer interrupt...
Sleeping until next timer interrupt...
Waiting for timer interrupt...
Sleeping until next timer interrupt...
Waiting for timer interrupt...
Sleeping until next timer interrupt...
Waiting for timer interrupt...
Sleeping until next timer interrupt...
Waiting for timer interrupt...
X:   -0.51°/s | Y:    0.51°/s | Z:   -0.40°/s
Sleeping until next timer interrupt...
Waiting for timer interrupt...
Sleeping until next timer interrupt...
Waiting for timer interrupt...
Sleeping until next timer interrupt...
Waiting for timer interrupt...
Sleeping until next timer interrupt...
Waiting for timer interrupt...
Sleeping until next timer interrupt...
Waiting for timer interrupt...
Sleeping until next timer interrupt...
Waiting for timer interrupt...
Sleeping until next timer interrupt...
Waiting for timer interrupt...
Sleeping until next timer interrupt...
Waiting for timer interrupt...
X:   -0.42°/s | Y:    0.35°/s | Z:   -0.46°/s
Sleeping until next timer interrupt...
Waiting for timer interrupt...
Sleeping until next timer interrupt...
Waiting for timer interrupt...
Sleeping until next timer interrupt...
Waiting for timer interrupt...
Sleeping until next timer interrupt...
Waiting for timer interrupt...
Sleeping until next timer interrupt...
Waiting for timer interrupt...
Sleeping until next timer interrupt...
Waiting for timer interrupt...
Sleeping until next timer interrupt...
Waiting for timer interrupt...
Sleeping until next timer interrupt...
Waiting for timer interrupt...
X:   -0.61°/s | Y:    0.70°/s | Z:   -0.23°/s
Sleeping until next timer interrupt...
Waiting for timer interrupt...
Sleeping until next timer interrupt...
Waiting for timer interrupt...
Sleeping until next timer interrupt...
Waiting for timer interrupt...
Sleeping until next timer interrupt...
Waiting for timer interrupt...
Sleeping until next timer interrupt...
Waiting for timer interrupt...
Sleeping until next timer interrupt...
Waiting for timer interrupt...
Sleeping until next timer interrupt...
Waiting for timer interrupt...
Sleeping until next timer interrupt...
Waiting for timer interrupt...
X:   -0.91°/s | Y:    0.38°/s | Z:   -0.46°/s
Sleeping until next timer interrupt...
Waiting for timer interrupt...
Sleeping until next timer interrupt...
Waiting for timer interrupt...
Sleeping until next timer interrupt...
Waiting for timer interrupt...
Sleeping until next timer interrupt...
Waiting for timer interrupt...
Sleeping until next timer interrupt...
Waiting for timer interrupt...
Sleeping until next timer interrupt...
Waiting for timer interrupt...
Sleeping until next timer interrupt...
Waiting for timer interrupt...
Sleeping until next timer interrupt...
Waiting for timer interrupt...
X:   -0.33°/s | Y:    0.72°/s | Z:   -0.46°/s
Sleeping until next timer interrupt...
Waiting for timer interrupt...
Sleeping until next timer interrupt...
Waiting for timer interrupt...
Sleeping until next timer interrupt...
Waiting for timer interrupt...
Sleeping until next timer interrupt...
Waiting for timer interrupt...
Sleeping until next timer interrupt...
Waiting for timer interrupt...
Sleeping until next timer interrupt...
Waiting for timer interrupt...
Sleeping until next timer interrupt...
Waiting for timer interrupt...
Sleeping until next timer interrupt...
Waiting for timer interrupt...
X:   -0.35°/s | Y:    0.74°/s | Z:   -0.54°/s
Sleeping until next timer interrupt...
Waiting for timer interrupt...
Sleeping until next timer interrupt...
Waiting for timer interrupt...
Sleeping until next timer interrupt...
Waiting for timer interrupt...
Sleeping until next timer interrupt...
Waiting for timer interrupt...
Sleeping until next timer interrupt...
Waiting for timer interrupt...
Sleeping until next timer interrupt...
Waiting for timer interrupt...
Sleeping until next timer interrupt...
Waiting for timer interrupt...
Sleeping until next timer interrupt...
Waiting for timer interrupt...
X:   -0.82°/s | Y:    0.60°/s | Z:   -0.89°/s
Sleeping until next timer interrupt...
Waiting for timer interrupt...
Sleeping until next timer interrupt...
Waiting for timer interrupt...
Sleeping until next timer interrupt...
Waiting for timer interrupt...
Sleeping until next timer interrupt...
Waiting for timer interrupt...
Sleeping until next timer interrupt...
Waiting for timer interrupt...
Sleeping until next timer interrupt...
Waiting for timer interrupt...
Sleeping until next timer interrupt...
Waiting for timer interrupt...
Sleeping until next timer interrupt...
Waiting for timer interrupt...
X:   -4.45°/s | Y:    0.14°/s | Z:   -0.54°/s
Sleeping until next timer interrupt...
Waiting for timer interrupt...
Sleeping until next timer interrupt...
Waiting for timer interrupt...
Sleeping until next timer interrupt...
Waiting for timer interrupt...
Sleeping until next timer interrupt...
Waiting for timer interrupt...
Sleeping until next timer interrupt...
Waiting for timer interrupt...
Sleeping until next timer interrupt...
Waiting for timer interrupt...
Sleeping until next timer interrupt...
Waiting for timer interrupt...
Sleeping until next timer interrupt...
Waiting for timer interrupt...
X:   -0.17°/s | Y:    0.38°/s | Z:   -0.91°/s
Sleeping until next timer interrupt...
Waiting for timer interrupt...
Sleeping until next timer interrupt...
Waiting for timer interrupt...
Sleeping until next timer interrupt...
Waiting for timer interrupt...
Sleeping until next timer interrupt...
Waiting for timer interrupt...
Sleeping until next timer interrupt...
Waiting for timer interrupt...
Sleeping until next timer interrupt...
Waiting for timer interrupt...
Sleeping until next timer interrupt...
Waiting for timer interrupt...
Sleeping until next timer interrupt...
Waiting for timer interrupt...
X:   -0.31°/s | Y:    0.23°/s | Z:   -0.42°/s
Sleeping until next timer interrupt...
Waiting for timer interrupt...
Sleeping until next timer interrupt...
Waiting for timer interrupt...
Sleeping until next timer interrupt...
Waiting for timer interrupt...
Sleeping until next timer interrupt...
Waiting for timer interrupt...
Sleeping until next timer interrupt...
Waiting for timer interrupt...
Sleeping until next timer interrupt...
Waiting for timer interrupt...
Sleeping until next timer interrupt...
Waiting for timer interrupt...
Sleeping until next timer interrupt...
Waiting for timer interrupt...
X:   -0.49°/s | Y:    0.04°/s | Z:    0.07°/s
Sleeping until next timer interrupt...
Waiting for timer interrupt...
Sleeping until next timer interrupt...
Waiting for timer interrupt...
Sleeping until next timer interrupt...
Waiting for timer interrupt...
Sleeping until next timer interrupt...
Waiting for timer interrupt...
Sleeping until next timer interrupt...
Waiting for timer interrupt...
Sleeping until next timer interrupt...
Waiting for timer interrupt...
Sleeping until next timer interrupt...
Waiting for timer interrupt...
Sleeping until next timer interrupt...
Waiting for timer interrupt...
X:   -0.61°/s | Y:    0.44°/s | Z:   -0.47°/s
Sleeping until next timer interrupt...
Waiting for timer interrupt...
Sleeping until next timer interrupt...
Waiting for timer interrupt...
Sleeping until next timer interrupt...
Waiting for timer interrupt...
Sleeping until next timer interrupt...
Waiting for timer interrupt...
Sleeping until next timer interrupt...
Waiting for timer interrupt...
Sleeping until next timer interrupt...
Waiting for timer interrupt...
Sleeping until next timer interrupt...
Waiting for timer interrupt...
Sleeping until next timer interrupt...
Waiting for timer interrupt...
X:   -0.19°/s | Y:    0.10°/s | Z:   -4.20°/s
Sleeping until next timer interrupt...
Waiting for timer interrupt...
Sleeping until next timer interrupt...
Waiting for timer interrupt...
Sleeping until next timer interrupt...
Waiting for timer interrupt...
Sleeping until next timer interrupt...
Waiting for timer interrupt...
Sleeping until next timer interrupt...
Waiting for timer interrupt...
Sleeping until next timer interrupt...
Waiting for timer interrupt...
Sleeping until next timer interrupt...
Waiting for timer interrupt...
Sleeping until next timer interrupt...
Waiting for timer interrupt...
X:   -0.46°/s | Y:    0.35°/s | Z:   -0.33°/s
Sleeping until next timer interrupt...
Waiting for timer interrupt...
Sleeping until next timer interrupt...
Waiting for timer interrupt...
Sleeping until next timer interrupt...
Waiting for timer interrupt...
Sleeping until next timer interrupt...
Waiting for timer interrupt...
Sleeping until next timer interrupt...
Waiting for timer interrupt...
Sleeping until next timer interrupt...
Waiting for timer interrupt...
Sleeping until next timer interrupt...
Waiting for timer interrupt...
Sleeping until next timer interrupt...
Waiting for timer interrupt...
X:   -0.56°/s | Y:    0.21°/s | Z:   -0.67°/s
Sleeping until next timer interrupt...
Waiting for timer interrupt...
Sleeping until next timer interrupt...
Waiting for timer interrupt...
Sleeping until next timer interrupt...
Waiting for timer interrupt...
Sleeping until next timer interrupt...
Waiting for timer interrupt...
Sleeping until next timer interrupt...
Waiting for timer interrupt...
Sleeping until next timer interrupt...
Waiting for timer interrupt...
Sleeping until next timer interrupt...
Waiting for timer interrupt...
Sleeping until next timer interrupt...
Waiting for timer interrupt...
X:   -0.26°/s | Y:    0.38°/s | Z:   -0.26°/s
Sleeping until next timer interrupt...
Waiting for timer interrupt...
Sleeping until next timer interrupt...
Waiting for timer interrupt...
Sleeping until next timer interrupt...
Waiting for timer interrupt...
Sleeping until next timer interrupt...
Waiting for timer interrupt...
Sleeping until next timer interrupt...
Waiting for timer interrupt...
Sleeping until next timer interrupt...
Waiting for timer interrupt...
Sleeping until next timer interrupt...
Waiting for timer interrupt...
Sleeping until next timer interrupt...
Waiting for timer interrupt...
X:   -0.49°/s | Y:    0.56°/s | Z:   -0.38°/s
Sleeping until next timer interrupt...
Waiting for timer interrupt...
Sleeping until next timer interrupt...
Waiting for timer interrupt...
Sleeping until next timer interrupt...
Waiting for timer interrupt...
Sleeping until next timer interrupt...
Waiting for timer interrupt...
Sleeping until next timer interrupt...
Waiting for timer interrupt...
Sleeping until next timer interrupt...
Waiting for timer interrupt...
Sleeping until next timer interrupt...
Waiting for timer interrupt...
Sleeping until next timer interrupt...
Waiting for timer interrupt...
X:   -0.63°/s | Y:    0.67°/s | Z:   -0.28°/s
Sleeping until next timer interrupt...
Waiting for timer interrupt...
Sleeping until next timer interrupt...
Waiting for timer interrupt...
Sleeping until next timer interrupt...
Waiting for timer interrupt...
Sleeping until next timer interrupt...
Waiting for timer interrupt...
Sleeping until next timer interrupt...
Waiting for timer interrupt...
Sleeping until next timer interrupt...
Waiting for timer interrupt...
Sleeping until next timer interrupt...
Waiting for timer interrupt...
Sleeping until next timer interrupt...
Waiting for timer interrupt...
X:   -0.40°/s | Y:    0.56°/s | Z:   -1.07°/s
Sleeping until next timer interrupt...
Waiting for timer interrupt...
Sleeping until next timer interrupt...
Waiting for timer interrupt...
Sleeping until next timer interrupt...
Waiting for timer interrupt...
Sleeping until next timer interrupt...
Waiting for timer interrupt...
Sleeping until next timer interrupt...
Waiting for timer interrupt...
Sleeping until next timer interrupt...
Waiting for timer interrupt...
Sleeping until next timer interrupt...
Waiting for timer interrupt...
Sleeping until next timer interrupt...
Waiting for timer interrupt...
X:   -0.28°/s | Y:    0.72°/s | Z:   -0.56°/s
Sleeping until next timer interrupt...
Waiting for timer interrupt...
Sleeping until next timer interrupt...
Waiting for timer interrupt...
Sleeping until next timer interrupt...
Waiting for timer interrupt...
Sleeping until next timer interrupt...
Waiting for timer interrupt...
Sleeping until next timer interrupt...
Waiting for timer interrupt...
Sleeping until next timer interrupt...
Waiting for timer interrupt...
Sleeping until next timer interrupt...
Waiting for timer interrupt...
Sleeping until next timer interrupt...
Waiting for timer interrupt...
X:   -0.70°/s | Y:    0.38°/s | Z:   -0.17°/s
Sleeping until next timer interrupt...
Waiting for timer interrupt...
Sleeping until next timer interrupt...
Waiting for timer interrupt...
Sleeping until next timer interrupt...
Waiting for timer interrupt...
Sleeping until next timer interrupt...
Waiting for timer interrupt...
Sleeping until next timer interrupt...
Waiting for timer interrupt...
Sleeping until next timer interrupt...
Waiting for timer interrupt...
Sleeping until next timer interrupt...
Waiting for timer interrupt...
Sleeping until next timer interrupt...
Waiting for timer interrupt...
X:   -0.56°/s | Y:    0.56°/s | Z:   -0.46°/s
Sleeping until next timer interrupt...
Waiting for timer interrupt...
Sleeping until next timer interrupt...
Waiting for timer interrupt...
Sleeping until next timer interrupt...
Waiting for timer interrupt...
Sleeping until next timer interrupt...
Waiting for timer interrupt...
Sleeping until next timer interrupt...
Waiting for timer interrupt...
Sleeping until next timer interrupt...
Waiting for timer interrupt...
Sleeping until next timer interrupt...
Waiting for timer interrupt...
Sleeping until next timer interrupt...
Waiting for timer interrupt...
X:   -0.49°/s | Y:    0.21°/s | Z:   -0.38°/s
Sleeping until next timer interrupt...
Waiting for timer interrupt...
Sleeping until next timer interrupt...
Waiting for timer interrupt...
Sleeping until next timer interrupt...
Waiting for timer interrupt...
Sleeping until next timer interrupt...
Waiting for timer interrupt...
Sleeping until next timer interrupt...
Waiting for timer interrupt...
Sleeping until next timer interrupt...
Waiting for timer interrupt...
Sleeping until next timer interrupt...
Waiting for timer interrupt...
Sleeping until next timer interrupt...
Waiting for timer interrupt...
X:    0.00°/s | Y:    0.40°/s | Z:   -0.88°/s
Sleeping until next timer interrupt...
Waiting for timer interrupt...
Sleeping until next timer interrupt...
Waiting for timer interrupt...
Sleeping until next timer interrupt...
Waiting for timer interrupt...
Sleeping until next timer interrupt...
Waiting for timer interrupt...
Sleeping until next timer interrupt...
Waiting for timer interrupt...
Sleeping until next timer interrupt...
Waiting for timer interrupt...
Sleeping until next timer interrupt...
Waiting for timer interrupt...
Sleeping until next timer interrupt...
Waiting for timer interrupt...
X:   -0.07°/s | Y:    0.49°/s | Z:    0.09°/s
Sleeping until next timer interrupt...
Waiting for timer interrupt...
Sleeping until next timer interrupt...
Waiting for timer interrupt...
Sleeping until next timer interrupt...
Waiting for timer interrupt...
Sleeping until next timer interrupt...
Waiting for timer interrupt...
Sleeping until next timer interrupt...
Waiting for timer interrupt...
Sleeping until next timer interrupt...
Waiting for timer interrupt...
Sleeping until next timer interrupt...
Waiting for timer interrupt...
Sleeping until next timer interrupt...
Waiting for timer interrupt...
X:    0.21°/s | Y:    0.23°/s | Z:   -0.58°/s
Sleeping until next timer interrupt...
Waiting for timer interrupt...
Sleeping until next timer interrupt...
Waiting for timer interrupt...
Sleeping until next timer interrupt...
Waiting for timer interrupt...
Sleeping until next timer interrupt...
Waiting for timer interrupt...
Sleeping until next timer interrupt...
Waiting for timer interrupt...
Sleeping until next timer interrupt...
Waiting for timer interrupt...
Sleeping until next timer interrupt...
Waiting for timer interrupt...
Sleeping until next timer interrupt...
Waiting for timer interrupt...
X:   -0.26°/s | Y:   -0.05°/s | Z:   -0.33°/s
Sleeping until next timer interrupt...
Waiting for timer interrupt...
Sleeping until next timer interrupt...
Waiting for timer interrupt...
Sleeping until next timer interrupt...
Waiting for timer interrupt...
Sleeping until next timer interrupt...
Waiting for timer interrupt...
Sleeping until next timer interrupt...
Waiting for timer interrupt...
Sleeping until next timer interrupt...
Waiting for timer interrupt...
Sleeping until next timer interrupt...
Waiting for timer interrupt...
Sleeping until next timer interrupt...
Waiting for timer interrupt...
X:    4.32°/s | Y:    0.30°/s | Z:   -0.81°/s
Sleeping until next timer interrupt...
Waiting for timer interrupt...
Sleeping until next timer interrupt...
Waiting for timer interrupt...
Sleeping until next timer interrupt...
Waiting for timer interrupt...
Sleeping until next timer interrupt...
Waiting for timer interrupt...
Sleeping until next timer interrupt...
Waiting for timer interrupt...
Sleeping until next timer interrupt...
Waiting for timer interrupt...
Sleeping until next timer interrupt...
Waiting for timer interrupt...
Sleeping until next timer interrupt...
Waiting for timer interrupt...
X:   -0.25°/s | Y:    0.07°/s | Z:   -1.33°/s
Sleeping until next timer interrupt...
Waiting for timer interrupt...
Sleeping until next timer interrupt...
Waiting for timer interrupt...
Sleeping until next timer interrupt...
Waiting for timer interrupt...
Sleeping until next timer interrupt...
Waiting for timer interrupt...
Sleeping until next timer interrupt...
Waiting for timer interrupt...
Sleeping until next timer interrupt...
Waiting for timer interrupt...
Sleeping until next timer interrupt...
Waiting for timer interrupt...
Sleeping until next timer interrupt...
Waiting for timer interrupt...
X:   -0.56°/s | Y:   -4.15°/s | Z:   -0.96°/s
Sleeping until next timer interrupt...
Waiting for timer interrupt...
Sleeping until next timer interrupt...
Waiting for timer interrupt...
Sleeping until next timer interrupt...
Waiting for timer interrupt...
Sleeping until next timer interrupt...
Waiting for timer interrupt...
Sleeping until next timer interrupt...
Waiting for timer interrupt...
Sleeping until next timer interrupt...
Waiting for timer interrupt...
Sleeping until next timer interrupt...
Waiting for timer interrupt...
Sleeping until next timer interrupt...
Waiting for timer interrupt...
X:   -0.40°/s | Y:    0.33°/s | Z:   -0.44°/s
Sleeping until next timer interrupt...
Waiting for timer interrupt...
Sleeping until next timer interrupt...
Waiting for timer interrupt...
Sleeping until next timer interrupt...
Waiting for timer interrupt...
Sleeping until next timer interrupt...
Waiting for timer interrupt...
Sleeping until next timer interrupt...
Waiting for timer interrupt...
Sleeping until next timer interrupt...
Waiting for timer interrupt...
Sleeping until next timer interrupt...
Waiting for timer interrupt...
Sleeping until next timer interrupt...
Waiting for timer interrupt...
X:   -0.38°/s | Y:    0.54°/s | Z:   -0.68°/s
Sleeping until next timer interrupt...
Waiting for timer interrupt...
Sleeping until next timer interrupt...
Waiting for timer interrupt...
Sleeping until next timer interrupt...
Waiting for timer interrupt...
Sleeping until next timer interrupt...
Waiting for timer interrupt...
Sleeping until next timer interrupt...
Waiting for timer interrupt...
Sleeping until next timer interrupt...
Waiting for timer interrupt...
Sleeping until next timer interrupt...
Waiting for timer interrupt...
Sleeping until next timer interrupt...
Waiting for timer interrupt...
X:   -0.51°/s | Y:    0.61°/s | Z:   -0.75°/s
Sleeping until next timer interrupt...
Waiting for timer interrupt...
Sleeping until next timer interrupt...
Waiting for timer interrupt...
Sleeping until next timer interrupt...
Waiting for timer interrupt...
Sleeping until next timer interrupt...
Waiting for timer interrupt...
Sleeping until next timer interrupt...
Waiting for timer interrupt...
Sleeping until next timer interrupt...
Waiting for timer interrupt...
Sleeping until next timer interrupt...
Waiting for timer interrupt...
Sleeping until next timer interrupt...
Waiting for timer interrupt...
X:   -0.54°/s | Y:    0.35°/s | Z:   -0.60°/s
Sleeping until next timer interrupt...
Waiting for timer interrupt...
Sleeping until next timer interrupt...
Waiting for timer interrupt...
Sleeping until next timer interrupt...
Waiting for timer interrupt...
Sleeping until next timer interrupt...
Waiting for timer interrupt...
Sleeping until next timer interrupt...
Waiting for timer interrupt...
Sleeping until next timer interrupt...
Waiting for timer interrupt...
Sleeping until next timer interrupt...
Waiting for timer interrupt...
Sleeping until next timer interrupt...
Waiting for timer interrupt...
X:   -0.12°/s | Y:    0.35°/s | Z:   -0.38°/s
Sleeping until next timer interrupt...
Waiting for timer interrupt...
Sleeping until next timer interrupt...
Waiting for timer interrupt...
Sleeping until next timer interrupt...
Waiting for timer interrupt...
Sleeping until next timer interrupt...
Waiting for timer interrupt...
Sleeping until next timer interrupt...
Waiting for timer interrupt...
Sleeping until next timer interrupt...
Waiting for timer interrupt...
Sleeping until next timer interrupt...
Waiting for timer interrupt...
Sleeping until next timer interrupt...
Waiting for timer interrupt...
X:   -0.56°/s | Y:    0.30°/s | Z:   -0.58°/s
Sleeping until next timer interrupt...
Waiting for timer interrupt...
Sleeping until next timer interrupt...
Waiting for timer interrupt...
Sleeping until next timer interrupt...
Waiting for timer interrupt...
Sleeping until next timer interrupt...
Waiting for timer interrupt...
Sleeping until next timer interrupt...
Waiting for timer interrupt...
Sleeping until next timer interrupt...
Waiting for timer interrupt...
Sleeping until next timer interrupt...
Waiting for timer interrupt...
Sleeping until next timer interrupt...
Waiting for timer interrupt...
X:   -0.54°/s | Y:    0.82°/s | Z:   -0.61°/s
Sleeping until next timer interrupt...
Waiting for timer interrupt...
Sleeping until next timer interrupt...
Waiting for timer interrupt...
Sleeping until next timer interrupt...
Waiting for timer interrupt...
Sleeping until next timer interrupt...
Waiting for timer interrupt...
Sleeping until next timer interrupt...
Waiting for timer interrupt...
Sleeping until next timer interrupt...
Waiting for timer interrupt...
Sleeping until next timer interrupt...
Waiting for timer interrupt...
Sleeping until next timer interrupt...
Waiting for timer interrupt...
X:   -0.30°/s | Y:    0.63°/s | Z:   -0.54°/s
Sleeping until next timer interrupt...
Waiting for timer interrupt...
Sleeping until next timer interrupt...
Waiting for timer interrupt...
Sleeping until next timer interrupt...
Waiting for timer interrupt...
Sleeping until next timer interrupt...
Waiting for timer interrupt...
Sleeping until next timer interrupt...
Waiting for timer interrupt...
Sleeping until next timer interrupt...
Waiting for timer interrupt...
Sleeping until next timer interrupt...
Waiting for timer interrupt...
Sleeping until next timer interrupt...
Waiting for timer interrupt...
X:   -0.16°/s | Y:    0.02°/s | Z:   -0.19°/s
Sleeping until next timer interrupt...
Waiting for timer interrupt...
Sleeping until next timer interrupt...
Waiting for timer interrupt...
Sleeping until next timer interrupt...
Waiting for timer interrupt...
Sleeping until next timer interrupt...
Waiting for timer interrupt...
Sleeping until next timer interrupt...
Waiting for timer interrupt...
Sleeping until next timer interrupt...
Waiting for timer interrupt...
Sleeping until next timer interrupt...
Waiting for timer interrupt...
Sleeping until next timer interrupt...
Waiting for timer interrupt...
X:   -0.23°/s | Y:    0.30°/s | Z:   -0.63°/s
Sleeping until next timer interrupt...
Waiting for timer interrupt...
Sleeping until next timer interrupt...
Waiting for timer interrupt...
Sleeping until next timer interrupt...
Waiting for timer interrupt...
Sleeping until next timer interrupt...
Waiting for timer interrupt...
Sleeping until next timer interrupt...
Waiting for timer interrupt...
Sleeping until next timer interrupt...
Waiting for timer interrupt...
Sleeping until next timer interrupt...
Waiting for timer interrupt...
Sleeping until next timer interrupt...
Waiting for timer interrupt...
X:   -0.38°/s | Y:   -0.21°/s | Z:    0.04°/s
Sleeping until next timer interrupt...
Waiting for timer interrupt...
Sleeping until next timer interrupt...
Waiting for timer interrupt...
Sleeping until next timer interrupt...
Waiting for timer interrupt...
Sleeping until next timer interrupt...
Waiting for timer interrupt...
Sleeping until next timer interrupt...
Waiting for timer interrupt...
Sleeping until next timer interrupt...
Waiting for timer interrupt...
Sleeping until next timer interrupt...
Waiting for timer interrupt...
Sleeping until next timer interrupt...
Waiting for timer interrupt...
X:    0.09°/s | Y:    0.19°/s | Z:    0.02°/s
Sleeping until next timer interrupt...
Waiting for timer interrupt...
Sleeping until next timer interrupt...
Waiting for timer interrupt...
Sleeping until next timer interrupt...
Waiting for timer interrupt...
Sleeping until next timer interrupt...
Waiting for timer interrupt...
Sleeping until next timer interrupt...
Waiting for timer interrupt...
Sleeping until next timer interrupt...
Waiting for timer interrupt...
Sleeping until next timer interrupt...
Waiting for timer interrupt...
Sleeping until next timer interrupt...
Waiting for timer interrupt...
X:   -0.02°/s | Y:   -0.02°/s | Z:   -0.09°/s
Sleeping until next timer interrupt...
Waiting for timer interrupt...
Sleeping until next timer interrupt...
Waiting for timer interrupt...
Sleeping until next timer interrupt...
Waiting for timer interrupt...
Sleeping until next timer interrupt...
Waiting for timer interrupt...
Sleeping until next timer interrupt...
Waiting for timer interrupt...
Sleeping until next timer interrupt...
Waiting for timer interrupt...
Sleeping until next timer interrupt...
Waiting for timer interrupt...
Sleeping until next timer interrupt...
Waiting for timer interrupt...
X:   -0.30°/s | Y:    0.12°/s | Z:   -0.31°/s
Sleeping until next timer interrupt...
Waiting for timer interrupt...
Sleeping until next timer interrupt...
Waiting for timer interrupt...
Sleeping until next timer interrupt...
Waiting for timer interrupt...
Sleeping until next timer interrupt...
Waiting for timer interrupt...
Sleeping until next timer interrupt...
Waiting for timer interrupt...
Sleeping until next timer interrupt...
Waiting for timer interrupt...
Sleeping until next timer interrupt...
Waiting for timer interrupt...
Sleeping until next timer interrupt...
Waiting for timer interrupt...
X:   -0.30°/s | Y:    0.17°/s | Z:   -0.46°/s
Sleeping until next timer interrupt...
Waiting for timer interrupt...
Sleeping until next timer interrupt...
Waiting for timer interrupt...
Sleeping until next timer interrupt...
Waiting for timer interrupt...
Sleeping until next timer interrupt...
Waiting for timer interrupt...
Sleeping until next timer interrupt...
Waiting for timer interrupt...
Sleeping until next timer interrupt...
Waiting for timer interrupt...
Sleeping until next timer interrupt...
Waiting for timer interrupt...
Sleeping until next timer interrupt...
Waiting for timer interrupt...
X:   -0.26°/s | Y:    0.17°/s | Z:   -0.98°/s
Sleeping until next timer interrupt...
Waiting for timer interrupt...
Sleeping until next timer interrupt...
Waiting for timer interrupt...
Sleeping until next timer interrupt...
Waiting for timer interrupt...
Sleeping until next timer interrupt...
Waiting for timer interrupt...
Sleeping until next timer interrupt...
Waiting for timer interrupt...
Sleeping until next timer interrupt...
Waiting for timer interrupt...
Sleeping until next timer interrupt...
Waiting for timer interrupt...
Sleeping until next timer interrupt...
Waiting for timer interrupt...
X:   -0.67°/s | Y:    0.40°/s | Z:   -0.35°/s
Sleeping until next timer interrupt...
Waiting for timer interrupt...
Sleeping until next timer interrupt...
Waiting for timer interrupt...
Sleeping until next timer interrupt...
Waiting for timer interrupt...
Sleeping until next timer interrupt...
Waiting for timer interrupt...
Sleeping until next timer interrupt...
Waiting for timer interrupt...
Sleeping until next timer interrupt...
Waiting for timer interrupt...
Sleeping until next timer interrupt...
Waiting for timer interrupt...
Sleeping until next timer interrupt...
Waiting for timer interrupt...
X:   -0.84°/s | Y:    0.30°/s | Z:   -0.26°/s
Sleeping until next timer interrupt...
Waiting for timer interrupt...
Sleeping until next timer interrupt...
Waiting for timer interrupt...
Sleeping until next timer interrupt...
Waiting for timer interrupt...
Sleeping until next timer interrupt...
Waiting for timer interrupt...
Sleeping until next timer interrupt...
Waiting for timer interrupt...
Sleeping until next timer interrupt...
Waiting for timer interrupt...
Sleeping until next timer interrupt...
Waiting for timer interrupt...
Sleeping until next timer interrupt...
Waiting for timer interrupt...
X:   -0.65°/s | Y:    0.63°/s | Z:   -0.89°/s
Sleeping until next timer interrupt...
Waiting for timer interrupt...
Sleeping until next timer interrupt...
Waiting for timer interrupt...
Sleeping until next timer interrupt...
Waiting for timer interrupt...
Sleeping until next timer interrupt...
Waiting for timer interrupt...
Sleeping until next timer interrupt...
Waiting for timer interrupt...
Sleeping until next timer interrupt...
Waiting for timer interrupt...
Sleeping until next timer interrupt...
Waiting for timer interrupt...
Sleeping until next timer interrupt...
Waiting for timer interrupt...
X:   -0.16°/s | Y:    0.63°/s | Z:   -0.19°/s
Sleeping until next timer interrupt...
Waiting for timer interrupt...
Sleeping until next timer interrupt...
Waiting for timer interrupt...
Sleeping until next timer interrupt...
Waiting for timer interrupt...
Sleeping until next timer interrupt...
Waiting for timer interrupt...
Sleeping until next timer interrupt...
Waiting for timer interrupt...
Sleeping until next timer interrupt...
Waiting for timer interrupt...
Sleeping until next timer interrupt...
Waiting for timer interrupt...
Sleeping until next timer interrupt...
Waiting for timer interrupt...
X:   -0.12°/s | Y:    0.88°/s | Z:   -0.81°/s
Sleeping until next timer interrupt...
Waiting for timer interrupt...
Sleeping until next timer interrupt...
Waiting for timer interrupt...
Sleeping until next timer interrupt...
Waiting for timer interrupt...
Sleeping until next timer interrupt...
Waiting for timer interrupt...
Sleeping until next timer interrupt...
Waiting for timer interrupt...
Sleeping until next timer interrupt...
Waiting for timer interrupt...
Sleeping until next timer interrupt...
Waiting for timer interrupt...
Sleeping until next timer interrupt...
Waiting for timer interrupt...
X:   -0.63°/s | Y:    0.47°/s | Z:   -0.89°/s
Sleeping until next timer interrupt...
Waiting for timer interrupt...
Sleeping until next timer interrupt...
Waiting for timer interrupt...
Sleeping until next timer interrupt...
Waiting for timer interrupt...
Sleeping until next timer interrupt...
Waiting for timer interrupt...
Sleeping until next timer interrupt...
Waiting for timer interrupt...
Sleeping until next timer interrupt...
Waiting for timer interrupt...
Sleeping until next timer interrupt...
Waiting for timer interrupt...
Sleeping until next timer interrupt...
Waiting for timer interrupt...
X:   -0.44°/s | Y:    0.26°/s | Z:   -0.60°/s
Sleeping until next timer interrupt...
Waiting for timer interrupt...
Sleeping until next timer interrupt...
Waiting for timer interrupt...
Sleeping until next timer interrupt...
Waiting for timer interrupt...
Sleeping until next timer interrupt...
Waiting for timer interrupt...
Sleeping until next timer interrupt...
Waiting for timer interrupt...
Sleeping until next timer interrupt...
Waiting for timer interrupt...
Sleeping until next timer interrupt...
Waiting for timer interrupt...
Sleeping until next timer interrupt...
Waiting for timer interrupt...
X:   -0.44°/s | Y:    0.35°/s | Z:   -0.17°/s
Sleeping until next timer interrupt...
Waiting for timer interrupt...
Sleeping until next timer interrupt...
Waiting for timer interrupt...
Sleeping until next timer interrupt...
Waiting for timer interrupt...
Sleeping until next timer interrupt...
Waiting for timer interrupt...
Sleeping until next timer interrupt...
Waiting for timer interrupt...
Sleeping until next timer interrupt...
Waiting for timer interrupt...
Sleeping until next timer interrupt...
Waiting for timer interrupt...
Sleeping until next timer interrupt...
Waiting for timer interrupt...
X:   -0.56°/s | Y:    0.00°/s | Z:   -0.28°/s
Sleeping until next timer interrupt...
Waiting for timer interrupt...
Sleeping until next timer interrupt...
Waiting for timer interrupt...
Sleeping until next timer interrupt...
Waiting for timer interrupt...
Sleeping until next timer interrupt...
Waiting for timer interrupt...
Sleeping until next timer interrupt...
Waiting for timer interrupt...
Sleeping until next timer interrupt...
Waiting for timer interrupt...
Sleeping until next timer interrupt...
Waiting for timer interrupt...
Sleeping until next timer interrupt...
Waiting for timer interrupt...
X:   -0.33°/s | Y:    0.26°/s | Z:   -0.49°/s
Sleeping until next timer interrupt...
Waiting for timer interrupt...
Sleeping until next timer interrupt...
Waiting for timer interrupt...
Sleeping until next timer interrupt...
Waiting for timer interrupt...
Sleeping until next timer interrupt...
Waiting for timer interrupt...
Sleeping until next timer interrupt...
Waiting for timer interrupt...
Sleeping until next timer interrupt...
Waiting for timer interrupt...
Sleeping until next timer interrupt...
Waiting for timer interrupt...
Sleeping until next timer interrupt...
Waiting for timer interrupt...
X:   -0.35°/s | Y:    0.10°/s | Z:   -0.19°/s
Sleeping until next timer interrupt...
Waiting for timer interrupt...
Sleeping until next timer interrupt...
Waiting for timer interrupt...
Sleeping until next timer interrupt...
Waiting for timer interrupt...
Sleeping until next timer interrupt...
Waiting for timer interrupt...
Sleeping until next timer interrupt...
Waiting for timer interrupt...
Sleeping until next timer interrupt...
Waiting for timer interrupt...
Sleeping until next timer interrupt...
Waiting for timer interrupt...
Sleeping until next timer interrupt...
Waiting for timer interrupt...
X:   -0.23°/s | Y:    0.00°/s | Z:   -0.61°/s
Sleeping until next timer interrupt...
Waiting for timer interrupt...
Sleeping until next timer interrupt...
Waiting for timer interrupt...
Sleeping until next timer interrupt...
Waiting for timer interrupt...
Sleeping until next timer interrupt...
Waiting for timer interrupt...
Sleeping until next timer interrupt...
Waiting for timer interrupt...
Sleeping until next timer interrupt...
Waiting for timer interrupt...
Sleeping until next timer interrupt...
Waiting for timer interrupt...
Sleeping until next timer interrupt...
Waiting for timer interrupt...
X:    0.09°/s | Y:    0.02°/s | Z:   -0.30°/s
Sleeping until next timer interrupt...
Waiting for timer interrupt...
Sleeping until next timer interrupt...
Waiting for timer interrupt...
Sleeping until next timer interrupt...
Waiting for timer interrupt...
Sleeping until next timer interrupt...
Waiting for timer interrupt...
Sleeping until next timer interrupt...
Waiting for timer interrupt...
Sleeping until next timer interrupt...
Waiting for timer interrupt...
Sleeping until next timer interrupt...
Waiting for timer interrupt...
Sleeping until next timer interrupt...
Waiting for timer interrupt...
X:   -0.28°/s | Y:    0.19°/s | Z:   -0.14°/s
Sleeping until next timer interrupt...
Waiting for timer interrupt...
Sleeping until next timer interrupt...
Waiting for timer interrupt...
Sleeping until next timer interrupt...
Waiting for timer interrupt...
Sleeping until next timer interrupt...
Waiting for timer interrupt...
Sleeping until next timer interrupt...
Waiting for timer interrupt...
Sleeping until next timer interrupt...
Waiting for timer interrupt...
Sleeping until next timer interrupt...
Waiting for timer interrupt...
Sleeping until next timer interrupt...
Waiting for timer interrupt...
X:   -0.12°/s | Y:    0.38°/s | Z:   -0.19°/s
Sleeping until next timer interrupt...
Waiting for timer interrupt...
Sleeping until next timer interrupt...
Waiting for timer interrupt...
Sleeping until next timer interrupt...
Waiting for timer interrupt...
Sleeping until next timer interrupt...
Waiting for timer interrupt...
Sleeping until next timer interrupt...
Waiting for timer interrupt...
Sleeping until next timer interrupt...
Waiting for timer interrupt...
Sleeping until next timer interrupt...
Waiting for timer interrupt...
Sleeping until next timer interrupt...
Waiting for timer interrupt...
X:    0.37°/s | Y:    0.16°/s | Z:   -0.49°/s
Sleeping until next timer interrupt...
Waiting for timer interrupt...
Sleeping until next timer interrupt...
Waiting for timer interrupt...
Sleeping until next timer interrupt...
Waiting for timer interrupt...
Sleeping until next timer interrupt...
Waiting for timer interrupt...
Sleeping until next timer interrupt...
Waiting for timer interrupt...
Sleeping until next timer interrupt...
Waiting for timer interrupt...
Sleeping until next timer interrupt...
Waiting for timer interrupt...
Sleeping until next timer interrupt...
Waiting for timer interrupt...
X:   -0.25°/s | Y:    0.16°/s | Z:   -1.09°/s
Sleeping until next timer interrupt...
Waiting for timer interrupt...
Sleeping until next timer interrupt...
Waiting for timer interrupt...
Sleeping until next timer interrupt...
Waiting for timer interrupt...
Sleeping until next timer interrupt...
Waiting for timer interrupt...
Sleeping until next timer interrupt...
Waiting for timer interrupt...
Sleeping until next timer interrupt...
Waiting for timer interrupt...
Sleeping until next timer interrupt...
Waiting for timer interrupt...
Sleeping until next timer interrupt...
Waiting for timer interrupt...
X:   -0.51°/s | Y:    0.56°/s | Z:   -0.23°/s
Sleeping until next timer interrupt...
Waiting for timer interrupt...
Sleeping until next timer interrupt...
Waiting for timer interrupt...
Sleeping until next timer interrupt...
Waiting for timer interrupt...
Sleeping until next timer interrupt...
Waiting for timer interrupt...
Sleeping until next timer interrupt...
Waiting for timer interrupt...
Sleeping until next timer interrupt...
Waiting for timer interrupt...
Sleeping until next timer interrupt...
Waiting for timer interrupt...
Sleeping until next timer interrupt...
Waiting for timer interrupt...
X:   -0.52°/s | Y:    0.10°/s | Z:   -0.58°/s
Sleeping until next timer interrupt...
Waiting for timer interrupt...
Sleeping until next timer interrupt...
Waiting for timer interrupt...
Sleeping until next timer interrupt...
Waiting for timer interrupt...
Sleeping until next timer interrupt...
Waiting for timer interrupt...
Sleeping until next timer interrupt...
Waiting for timer interrupt...
Sleeping until next timer interrupt...
Waiting for timer interrupt...
Sleeping until next timer interrupt...
Waiting for timer interrupt...
Sleeping until next timer interrupt...
Waiting for timer interrupt...
X:   -0.38°/s | Y:    0.26°/s | Z:   -0.35°/s
Sleeping until next timer interrupt...
Waiting for timer interrupt...
Sleeping until next timer interrupt...
Waiting for timer interrupt...
Sleeping until next timer interrupt...
Waiting for timer interrupt...
Sleeping until next timer interrupt...
Waiting for timer interrupt...
Sleeping until next timer interrupt...
Waiting for timer interrupt...
Sleeping until next timer interrupt...
Waiting for timer interrupt...
Sleeping until next timer interrupt...
Waiting for timer interrupt...
Sleeping until next timer interrupt...
Waiting for timer interrupt...
X:   -0.51°/s | Y:    0.12°/s | Z:   -0.96°/s
Sleeping until next timer interrupt...
Waiting for timer interrupt...
Sleeping until next timer interrupt...
Waiting for timer interrupt...
Sleeping until next timer interrupt...
Waiting for timer interrupt...
Sleeping until next timer interrupt...
Waiting for timer interrupt...
Sleeping until next timer interrupt...
Waiting for timer interrupt...
Sleeping until next timer interrupt...
Waiting for timer interrupt...
Sleeping until next timer interrupt...
Waiting for timer interrupt...
Sleeping until next timer interrupt...
Waiting for timer interrupt...
X:   -0.44°/s | Y:    0.58°/s | Z:   -0.28°/s
Sleeping until next timer interrupt...
Waiting for timer interrupt...
Sleeping until next timer interrupt...
Waiting for timer interrupt...
Sleeping until next timer interrupt...
Waiting for timer interrupt...
Sleeping until next timer interrupt...
Waiting for timer interrupt...
Sleeping until next timer interrupt...
Waiting for timer interrupt...
Sleeping until next timer interrupt...
Waiting for timer interrupt...
Sleeping until next timer interrupt...
Waiting for timer interrupt...
Sleeping until next timer interrupt...
Waiting for timer interrupt...
X:   -0.16°/s | Y:    0.46°/s | Z:   -0.31°/s
Sleeping until next timer interrupt...
Waiting for timer interrupt...
Sleeping until next timer interrupt...
Waiting for timer interrupt...
Sleeping until next timer interrupt...
Waiting for timer interrupt...
Sleeping until next timer interrupt...
Waiting for timer interrupt...
Sleeping until next timer interrupt...
Waiting for timer interrupt...
Sleeping until next timer interrupt...
Waiting for timer interrupt...
Sleeping until next timer interrupt...
Waiting for timer interrupt...
Sleeping until next timer interrupt...
Waiting for timer interrupt...
X:   -0.19°/s | Y:    0.37°/s | Z:   -0.67°/s
Sleeping until next timer interrupt...
Waiting for timer interrupt...
Sleeping until next timer interrupt...
Waiting for timer interrupt...
Sleeping until next timer interrupt...
Waiting for timer interrupt...
Sleeping until next timer interrupt...
Waiting for timer interrupt...
Sleeping until next timer interrupt...
Waiting for timer interrupt...
Sleeping until next timer interrupt...
Waiting for timer interrupt...
Sleeping until next timer interrupt...
Waiting for timer interrupt...
Sleeping until next timer interrupt...
Waiting for timer interrupt...
X:   -0.21°/s | Y:    0.42°/s | Z:   -0.47°/s
Sleeping until next timer interrupt...
Waiting for timer interrupt...
Sleeping until next timer interrupt...
Waiting for timer interrupt...
Sleeping until next timer interrupt...
Waiting for timer interrupt...
Sleeping until next timer interrupt...
Waiting for timer interrupt...
Sleeping until next timer interrupt...
Waiting for timer interrupt...
Sleeping until next timer interrupt...
Waiting for timer interrupt...
Sleeping until next timer interrupt...
Waiting for timer interrupt...
Sleeping until next timer interrupt...
Waiting for timer interrupt...
X:    0.04°/s | Y:    0.42°/s | Z:   -0.33°/s
Sleeping until next timer interrupt...
Waiting for timer interrupt...
Sleeping until next timer interrupt...
Waiting for timer interrupt...
Sleeping until next timer interrupt...
Waiting for timer interrupt...
Sleeping until next timer interrupt...
Waiting for timer interrupt...
Sleeping until next timer interrupt...
Waiting for timer interrupt...
Sleeping until next timer interrupt...
Waiting for timer interrupt...
Sleeping until next timer interrupt...
Waiting for timer interrupt...
Sleeping until next timer interrupt...
Waiting for timer interrupt...
X:   -0.49°/s | Y:    0.26°/s | Z:   -0.51°/s
Sleeping until next timer interrupt...
Waiting for timer interrupt...
Sleeping until next timer interrupt...
Waiting for timer interrupt...
Sleeping until next timer interrupt...
Waiting for timer interrupt...
Sleeping until next timer interrupt...
Waiting for timer interrupt...
Sleeping until next timer interrupt...
Waiting for timer interrupt...
Sleeping until next timer interrupt...
Waiting for timer interrupt...
Sleeping until next timer interrupt...
Waiting for timer interrupt...
Sleeping until next timer interrupt...
Waiting for timer interrupt...
X:    0.00°/s | Y:    0.35°/s | Z:   -0.33°/s
Sleeping until next timer interrupt...
Waiting for timer interrupt...
Sleeping until next timer interrupt...
Waiting for timer interrupt...
Sleeping until next timer interrupt...
Waiting for timer interrupt...
Sleeping until next timer interrupt...
Waiting for timer interrupt...
Sleeping until next timer interrupt...
Waiting for timer interrupt...
Sleeping until next timer interrupt...
Waiting for timer interrupt...
Sleeping until next timer interrupt...
Waiting for timer interrupt...
Sleeping until next timer interrupt...
Waiting for timer interrupt...
X:   -0.09°/s | Y:    0.05°/s | Z:   -0.16°/s
Sleeping until next timer interrupt...
Waiting for timer interrupt...
Sleeping until next timer interrupt...
Waiting for timer interrupt...
Sleeping until next timer interrupt...
Waiting for timer interrupt...
Sleeping until next timer interrupt...
Waiting for timer interrupt...
Sleeping until next timer interrupt...
Waiting for timer interrupt...
Sleeping until next timer interrupt...
Waiting for timer interrupt...
Sleeping until next timer interrupt...
Waiting for timer interrupt...
Sleeping until next timer interrupt...
Waiting for timer interrupt...
X:   -0.42°/s | Y:    0.00°/s | Z:   -0.61°/s
Sleeping until next timer interrupt...
Waiting for timer interrupt...
Sleeping until next timer interrupt...
Waiting for timer interrupt...
Sleeping until next timer interrupt...
Waiting for timer interrupt...
Sleeping until next timer interrupt...
Waiting for timer interrupt...
Sleeping until next timer interrupt...
Waiting for timer interrupt...
Sleeping until next timer interrupt...
Waiting for timer interrupt...
Sleeping until next timer interrupt...
Waiting for timer interrupt...
Sleeping until next timer interrupt...
Waiting for timer interrupt...
X:   -0.17°/s | Y:   -0.02°/s | Z:   -0.44°/s
Sleeping until next timer interrupt...
Waiting for timer interrupt...
Sleeping until next timer interrupt...
Waiting for timer interrupt...
Sleeping until next timer interrupt...
Waiting for timer interrupt...
Sleeping until next timer interrupt...
Waiting for timer interrupt...
Sleeping until next timer interrupt...
Waiting for timer interrupt...
Sleeping until next timer interrupt...
Waiting for timer interrupt...
Sleeping until next timer interrupt...
Waiting for timer interrupt...
Sleeping until next timer interrupt...
Waiting for timer interrupt...
X:   -0.19°/s | Y:   -0.12°/s | Z:   -0.19°/s
Sleeping until next timer interrupt...
Waiting for timer interrupt...
Sleeping until next timer interrupt...
Waiting for timer interrupt...
Sleeping until next timer interrupt...
Waiting for timer interrupt...
Sleeping until next timer interrupt...
Waiting for timer interrupt...
Sleeping until next timer interrupt...
Waiting for timer interrupt...
Sleeping until next timer interrupt...
Waiting for timer interrupt...
Sleeping until next timer interrupt...
Waiting for timer interrupt...
Sleeping until next timer interrupt...
Waiting for timer interrupt...
X:   -0.30°/s | Y:    0.09°/s | Z:   -0.79°/s
Sleeping until next timer interrupt...
Waiting for timer interrupt...
Sleeping until next timer interrupt...
Waiting for timer interrupt...
Sleeping until next timer interrupt...
Waiting for timer interrupt...
Sleeping until next timer interrupt...
Waiting for timer interrupt...
Sleeping until next timer interrupt...
Waiting for timer interrupt...
Sleeping until next timer interrupt...
Waiting for timer interrupt...
Sleeping until next timer interrupt...
Waiting for timer interrupt...
Sleeping until next timer interrupt...
Waiting for timer interrupt...
X:   -0.30°/s | Y:    0.33°/s | Z:   -0.40°/s
Sleeping until next timer interrupt...
Waiting for timer interrupt...
Sleeping until next timer interrupt...
Waiting for timer interrupt...
Sleeping until next timer interrupt...
Waiting for timer interrupt...
Sleeping until next timer interrupt...
Waiting for timer interrupt...
Sleeping until next timer interrupt...
Waiting for timer interrupt...
Sleeping until next timer interrupt...
Waiting for timer interrupt...
Sleeping until next timer interrupt...
Waiting for timer interrupt...
Sleeping until next timer interrupt...
Waiting for timer interrupt...
X:   -0.56°/s | Y:    0.04°/s | Z:   -0.35°/s
Sleeping until next timer interrupt...
Waiting for timer interrupt...
Sleeping until next timer interrupt...
Waiting for timer interrupt...
Sleeping until next timer interrupt...
Waiting for timer interrupt...
Sleeping until next timer interrupt...
Waiting for timer interrupt...
Sleeping until next timer interrupt...
Waiting for timer interrupt...
Sleeping until next timer interrupt...
Waiting for timer interrupt...
Sleeping until next timer interrupt...
Waiting for timer interrupt...
Sleeping until next timer interrupt...
Waiting for timer interrupt...
X:   -0.04°/s | Y:    0.16°/s | Z:   -0.44°/s
Sleeping until next timer interrupt...
Waiting for timer interrupt...
Sleeping until next timer interrupt...
Waiting for timer interrupt...
Sleeping until next timer interrupt...
Waiting for timer interrupt...
Sleeping until next timer interrupt...
Waiting for timer interrupt...
Sleeping until next timer interrupt...
Waiting for timer interrupt...
Sleeping until next timer interrupt...
Waiting for timer interrupt...
Sleeping until next timer interrupt...
Waiting for timer interrupt...
Sleeping until next timer interrupt...
Waiting for timer interrupt...
X:   -0.19°/s | Y:    0.05°/s | Z:   -0.63°/s
Sleeping until next timer interrupt...
Waiting for timer interrupt...
Sleeping until next timer interrupt...
Waiting for timer interrupt...
Sleeping until next timer interrupt...
Waiting for timer interrupt...
Sleeping until next timer interrupt...
Waiting for timer interrupt...
Sleeping until next timer interrupt...
Waiting for timer interrupt...
Sleeping until next timer interrupt...
Waiting for timer interrupt...
Sleeping until next timer interrupt...
Waiting for timer interrupt...
Sleeping until next timer interrupt...
Waiting for timer interrupt...
X:   -0.40°/s | Y:    0.35°/s | Z:   -0.61°/s
Sleeping until next timer interrupt...
Waiting for timer interrupt...
Sleeping until next timer interrupt...
Waiting for timer interrupt...
Sleeping until next timer interrupt...
Waiting for timer interrupt...
Sleeping until next timer interrupt...
Waiting for timer interrupt...
Sleeping until next timer interrupt...
Waiting for timer interrupt...
Sleeping until next timer interrupt...
Waiting for timer interrupt...
Sleeping until next timer interrupt...
Waiting for timer interrupt...
Sleeping until next timer interrupt...
Waiting for timer interrupt...
X:   -0.63°/s | Y:    0.28°/s | Z:   -0.19°/s
Sleeping until next timer interrupt...
Waiting for timer interrupt...
Sleeping until next timer interrupt...
Waiting for timer interrupt...
Sleeping until next timer interrupt...
Waiting for timer interrupt...
Sleeping until next timer interrupt...
Waiting for timer interrupt...
Sleeping until next timer interrupt...
Waiting for timer interrupt...
Sleeping until next timer interrupt...
Waiting for timer interrupt...
Sleeping until next timer interrupt...
Waiting for timer interrupt...
Sleeping until next timer interrupt...
Waiting for timer interrupt...
X:   -0.54°/s | Y:    0.30°/s | Z:   -0.86°/s
Sleeping until next timer interrupt...
Waiting for timer interrupt...
Sleeping until next timer interrupt...
Waiting for timer interrupt...
Sleeping until next timer interrupt...
Waiting for timer interrupt...
Sleeping until next timer interrupt...
Waiting for timer interrupt...
Sleeping until next timer interrupt...
Waiting for timer interrupt...
Sleeping until next timer interrupt...
Waiting for timer interrupt...
Sleeping until next timer interrupt...
Waiting for timer interrupt...
Sleeping until next timer interrupt...
Waiting for timer interrupt...
X:   -0.56°/s | Y:    0.47°/s | Z:   -0.35°/s
Sleeping until next timer interrupt...
Waiting for timer interrupt...
Sleeping until next timer interrupt...
Waiting for timer interrupt...
Sleeping until next timer interrupt...
Waiting for timer interrupt...
Sleeping until next timer interrupt...
Waiting for timer interrupt...
Sleeping until next timer interrupt...
Waiting for timer interrupt...
Sleeping until next timer interrupt...
Waiting for timer interrupt...
Sleeping until next timer interrupt...
Waiting for timer interrupt...
Sleeping until next timer interrupt...
Waiting for timer interrupt...
X:   -0.49°/s | Y:    0.25°/s | Z:   -0.58°/s
Sleeping until next timer interrupt...
Waiting for timer interrupt...
Sleeping until next timer interrupt...
Waiting for timer interrupt...
Sleeping until next timer interrupt...
Waiting for timer interrupt...
Sleeping until next timer interrupt...
Waiting for timer interrupt...
Sleeping until next timer interrupt...
Waiting for timer interrupt...
Sleeping until next timer interrupt...
Waiting for timer interrupt...
Sleeping until next timer interrupt...
Waiting for timer interrupt...
Sleeping until next timer interrupt...
Waiting for timer interrupt...
X:    0.16°/s | Y:    1.12°/s | Z:   -0.31°/s
Sleeping until next timer interrupt...
Waiting for timer interrupt...
Sleeping until next timer interrupt...
Waiting for timer interrupt...
Sleeping until next timer interrupt...
Waiting for timer interrupt...
Sleeping until next timer interrupt...
Waiting for timer interrupt...
Sleeping until next timer interrupt...
Waiting for timer interrupt...
Sleeping until next timer interrupt...
Waiting for timer interrupt...
Sleeping until next timer interrupt...
Waiting for timer interrupt...
Sleeping until next timer interrupt...
Waiting for timer interrupt...
X:   -0.44°/s | Y:    0.51°/s | Z:   -1.03°/s
Sleeping until next timer interrupt...
Waiting for timer interrupt...
Sleeping until next timer interrupt...
Waiting for timer interrupt...
Sleeping until next timer interrupt...
Waiting for timer interrupt...
Sleeping until next timer interrupt...
Waiting for timer interrupt...
Sleeping until next timer interrupt...
Waiting for timer interrupt...
Sleeping until next timer interrupt...
Waiting for timer interrupt...
Sleeping until next timer interrupt...
Waiting for timer interrupt...
Sleeping until next timer interrupt...
Waiting for timer interrupt...
X:   -0.38°/s | Y:    0.09°/s | Z:   -0.51°/s
Sleeping until next timer interrupt...
Waiting for timer interrupt...
Sleeping until next timer interrupt...
Waiting for timer interrupt...
Sleeping until next timer interrupt...
Waiting for timer interrupt...
Sleeping until next timer interrupt...
Waiting for timer interrupt...
Sleeping until next timer interrupt...
Waiting for timer interrupt...
Sleeping until next timer interrupt...
Waiting for timer interrupt...
Sleeping until next timer interrupt...
Waiting for timer interrupt...
Sleeping until next timer interrupt...
Waiting for timer interrupt...
X:   -0.54°/s | Y:    0.31°/s | Z:   -0.33°/s
Sleeping until next timer interrupt...
Waiting for timer interrupt...
Sleeping until next timer interrupt...
Waiting for timer interrupt...
Sleeping until next timer interrupt...
Waiting for timer interrupt...
Sleeping until next timer interrupt...
Waiting for timer interrupt...
Sleeping until next timer interrupt...
Waiting for timer interrupt...
Sleeping until next timer interrupt...
Waiting for timer interrupt...
Sleeping until next timer interrupt...
Waiting for timer interrupt...
Sleeping until next timer interrupt...
Waiting for timer interrupt...
X:   -0.35°/s | Y:   -0.05°/s | Z:   -0.26°/s
Sleeping until next timer interrupt...
Waiting for timer interrupt...
Sleeping until next timer interrupt...
Waiting for timer interrupt...
Sleeping until next timer interrupt...
Waiting for timer interrupt...
Sleeping until next timer interrupt...
Waiting for timer interrupt...
Sleeping until next timer interrupt...
Waiting for timer interrupt...
Sleeping until next timer interrupt...
Waiting for timer interrupt...
Sleeping until next timer interrupt...
Waiting for timer interrupt...
Sleeping until next timer interrupt...
Waiting for timer interrupt...
X:   -0.23°/s | Y:    0.49°/s | Z:   -0.21°/s
Sleeping until next timer interrupt...
Waiting for timer interrupt...
Sleeping until next timer interrupt...
Waiting for timer interrupt...
Sleeping until next timer interrupt...
Waiting for timer interrupt...
Sleeping until next timer interrupt...
Waiting for timer interrupt...
Sleeping until next timer interrupt...
Waiting for timer interrupt...
Sleeping until next timer interrupt...
Waiting for timer interrupt...
Sleeping until next timer interrupt...
Waiting for timer interrupt...
Sleeping until next timer interrupt...
Waiting for timer interrupt...
X:   -0.09°/s | Y:    0.14°/s | Z:   -0.33°/s
Sleeping until next timer interrupt...
Waiting for timer interrupt...
Sleeping until next timer interrupt...
Waiting for timer interrupt...
Sleeping until next timer interrupt...
Waiting for timer interrupt...
Sleeping until next timer interrupt...
Waiting for timer interrupt...
Sleeping until next timer interrupt...
Waiting for timer interrupt...
Sleeping until next timer interrupt...
Waiting for timer interrupt...
Sleeping until next timer interrupt...
Waiting for timer interrupt...
Sleeping until next timer interrupt...
Waiting for timer interrupt...
X:   -0.23°/s | Y:    0.09°/s | Z:   -0.10°/s
Sleeping until next timer interrupt...
Waiting for timer interrupt...
Sleeping until next timer interrupt...
Waiting for timer interrupt...
Sleeping until next timer interrupt...
Waiting for timer interrupt...
Sleeping until next timer interrupt...
Waiting for timer interrupt...
Sleeping until next timer interrupt...
Waiting for timer interrupt...
Sleeping until next timer interrupt...
Waiting for timer interrupt...
Sleeping until next timer interrupt...
Waiting for timer interrupt...
Sleeping until next timer interrupt...
Waiting for timer interrupt...
X:   -0.19°/s | Y:    0.37°/s | Z:   -0.47°/s
Sleeping until next timer interrupt...
Waiting for timer interrupt...
Sleeping until next timer interrupt...
Waiting for timer interrupt...
Sleeping until next timer interrupt...
Waiting for timer interrupt...
Sleeping until next timer interrupt...
Waiting for timer interrupt...
Sleeping until next timer interrupt...
Waiting for timer interrupt...
Sleeping until next timer interrupt...
Waiting for timer interrupt...
Sleeping until next timer interrupt...
Waiting for timer interrupt...
Sleeping until next timer interrupt...
Waiting for timer interrupt...
X:   -0.23°/s | Y:    0.19°/s | Z:   -0.37°/s
Sleeping until next timer interrupt...
Waiting for timer interrupt...
Sleeping until next timer interrupt...
Waiting for timer interrupt...
Sleeping until next timer interrupt...
Waiting for timer interrupt...
Sleeping until next timer interrupt...
Waiting for timer interrupt...
Sleeping until next timer interrupt...
Waiting for timer interrupt...
Sleeping until next timer interrupt...
Waiting for timer interrupt...
Sleeping until next timer interrupt...
Waiting for timer interrupt...
Sleeping until next timer interrupt...
Waiting for timer interrupt...
X:   -0.14°/s | Y:    0.05°/s | Z:   -0.42°/s
Sleeping until next timer interrupt...
Waiting for timer interrupt...
Sleeping until next timer interrupt...
Waiting for timer interrupt...
Sleeping until next timer interrupt...
Waiting for timer interrupt...
Sleeping until next timer interrupt...
Waiting for timer interrupt...
Sleeping until next timer interrupt...
Waiting for timer interrupt...
Sleeping until next timer interrupt...
Waiting for timer interrupt...
Sleeping until next timer interrupt...
Waiting for timer interrupt...
Sleeping until next timer interrupt...
Waiting for timer interrupt...
X:   -0.47°/s | Y:    0.16°/s | Z:   -0.81°/s
Sleeping until next timer interrupt...
Waiting for timer interrupt...
Sleeping until next timer interrupt...
Waiting for timer interrupt...
Sleeping until next timer interrupt...
Waiting for timer interrupt...
Sleeping until next timer interrupt...
Waiting for timer interrupt...
Sleeping until next timer interrupt...
Waiting for timer interrupt...
Sleeping until next timer interrupt...
Waiting for timer interrupt...
Sleeping until next timer interrupt...
Waiting for timer interrupt...
Sleeping until next timer interrupt...
Waiting for timer interrupt...
X:   -0.58°/s | Y:    0.26°/s | Z:   -0.89°/s
Sleeping until next timer interrupt...
Waiting for timer interrupt...
Sleeping until next timer interrupt...
Waiting for timer interrupt...
Sleeping until next timer interrupt...
Waiting for timer interrupt...
Sleeping until next timer interrupt...
Waiting for timer interrupt...
Sleeping until next timer interrupt...
Waiting for timer interrupt...
Sleeping until next timer interrupt...
Waiting for timer interrupt...
Sleeping until next timer interrupt...
Waiting for timer interrupt...
Sleeping until next timer interrupt...
Waiting for timer interrupt...
X:   -0.74°/s | Y:    0.47°/s | Z:   -0.72°/s
Sleeping until next timer interrupt...
Waiting for timer interrupt...
Sleeping until next timer interrupt...
Waiting for timer interrupt...
Sleeping until next timer interrupt...
Waiting for timer interrupt...
Sleeping until next timer interrupt...
Waiting for timer interrupt...
Sleeping until next timer interrupt...
Waiting for timer interrupt...
Sleeping until next timer interrupt...
Waiting for timer interrupt...
Sleeping until next timer interrupt...
Waiting for timer interrupt...
Sleeping until next timer interrupt...
Waiting for timer interrupt...
X:   -0.10°/s | Y:    0.25°/s | Z:   -0.46°/s
Sleeping until next timer interrupt...
Waiting for timer interrupt...
Sleeping until next timer interrupt...
Waiting for timer interrupt...
Sleeping until next timer interrupt...
Waiting for timer interrupt...
Sleeping until next timer interrupt...
Waiting for timer interrupt...
Sleeping until next timer interrupt...
Waiting for timer interrupt...
Sleeping until next timer interrupt...
Waiting for timer interrupt...
Sleeping until next timer interrupt...
Waiting for timer interrupt...
Sleeping until next timer interrupt...
Waiting for timer interrupt...
X:   -0.47°/s | Y:    0.30°/s | Z:   -0.51°/s
Sleeping until next timer interrupt...
Waiting for timer interrupt...
Sleeping until next timer interrupt...
Waiting for timer interrupt...
Sleeping until next timer interrupt...
Waiting for timer interrupt...
Sleeping until next timer interrupt...
Waiting for timer interrupt...
Sleeping until next timer interrupt...
Waiting for timer interrupt...
Sleeping until next timer interrupt...
Waiting for timer interrupt...
Sleeping until next timer interrupt...
Waiting for timer interrupt...
Sleeping until next timer interrupt...
Waiting for timer interrupt...
X:   -0.33°/s | Y:    0.51°/s | Z:   -0.51°/s
Sleeping until next timer interrupt...
Waiting for timer interrupt...
Sleeping until next timer interrupt...
Waiting for timer interrupt...
Sleeping until next timer interrupt...
Waiting for timer interrupt...
Sleeping until next timer interrupt...
Waiting for timer interrupt...
Sleeping until next timer interrupt...
Waiting for timer interrupt...
Sleeping until next timer interrupt...
Waiting for timer interrupt...
Sleeping until next timer interrupt...
Waiting for timer interrupt...
Sleeping until next timer interrupt...
Waiting for timer interrupt...
X:   -0.38°/s | Y:    0.47°/s | Z:   -0.52°/s
Sleeping until next timer interrupt...
Waiting for timer interrupt...
Sleeping until next timer interrupt...
Waiting for timer interrupt...
Sleeping until next timer interrupt...
Waiting for timer interrupt...
Sleeping until next timer interrupt...
Waiting for timer interrupt...
Sleeping until next timer interrupt...
Waiting for timer interrupt...
Sleeping until next timer interrupt...
Waiting for timer interrupt...
Sleeping until next timer interrupt...
Waiting for timer interrupt...
Sleeping until next timer interrupt...
Waiting for timer interrupt...
X:   -0.94°/s | Y:    0.16°/s | Z:   -0.61°/s
Sleeping until next timer interrupt...
Waiting for timer interrupt...
Sleeping until next timer interrupt...
Waiting for timer interrupt...
Sleeping until next timer interrupt...
Waiting for timer interrupt...
Sleeping until next timer interrupt...
Waiting for timer interrupt...
Sleeping until next timer interrupt...
Waiting for timer interrupt...
Sleeping until next timer interrupt...
Waiting for timer interrupt...
Sleeping until next timer interrupt...
Waiting for timer interrupt...
Sleeping until next timer interrupt...
Waiting for timer interrupt...
X:   -0.38°/s | Y:    0.19°/s | Z:   -0.44°/s
Sleeping until next timer interrupt...
Waiting for timer interrupt...
Sleeping until next timer interrupt...
Waiting for timer interrupt...
Sleeping until next timer interrupt...
Waiting for timer interrupt...
Sleeping until next timer interrupt...
Waiting for timer interrupt...
Sleeping until next timer interrupt...
Waiting for timer interrupt...
Sleeping until next timer interrupt...
Waiting for timer interrupt...
Sleeping until next timer interrupt...
Waiting for timer interrupt...
Sleeping until next timer interrupt...
Waiting for timer interrupt...
X:   -0.21°/s | Y:    0.46°/s | Z:   -0.60°/s
Sleeping until next timer interrupt...
Waiting for timer interrupt...
Sleeping until next timer interrupt...
Waiting for timer interrupt...
Sleeping until next timer interrupt...
Waiting for timer interrupt...
Sleeping until next timer interrupt...
Waiting for timer interrupt...
Sleeping until next timer interrupt...
Waiting for timer interrupt...
Sleeping until next timer interrupt...
Waiting for timer interrupt...
Sleeping until next timer interrupt...
Waiting for timer interrupt...
Sleeping until next timer interrupt...
Waiting for timer interrupt...
X:   -0.09°/s | Y:    4.29°/s | Z:   -0.47°/s
Sleeping until next timer interrupt...
Waiting for timer interrupt...
Sleeping until next timer interrupt...
Waiting for timer interrupt...
Sleeping until next timer interrupt...
Waiting for timer interrupt...
Sleeping until next timer interrupt...
Waiting for timer interrupt...
Sleeping until next timer interrupt...
Waiting for timer interrupt...
Sleeping until next timer interrupt...
Waiting for timer interrupt...
Sleeping until next timer interrupt...
Waiting for timer interrupt...
Sleeping until next timer interrupt...
Waiting for timer interrupt...
X:    0.04°/s | Y:    0.02°/s | Z:   -0.17°/s
Sleeping until next timer interrupt...
Waiting for timer interrupt...
Sleeping until next timer interrupt...
Waiting for timer interrupt...
Sleeping until next timer interrupt...
Waiting for timer interrupt...
Sleeping until next timer interrupt...
Waiting for timer interrupt...
Sleeping until next timer interrupt...
Waiting for timer interrupt...
Sleeping until next timer interrupt...
Waiting for timer interrupt...
Sleeping until next timer interrupt...
Waiting for timer interrupt...
Sleeping until next timer interrupt...
Waiting for timer interrupt...
X:    0.16°/s | Y:    0.04°/s | Z:   -0.02°/s
Sleeping until next timer interrupt...
Waiting for timer interrupt...
Sleeping until next timer interrupt...
Waiting for timer interrupt...
Sleeping until next timer interrupt...
Waiting for timer interrupt...
Sleeping until next timer interrupt...
Waiting for timer interrupt...
Sleeping until next timer interrupt...
Waiting for timer interrupt...
Sleeping until next timer interrupt...
Waiting for timer interrupt...
Sleeping until next timer interrupt...
Waiting for timer interrupt...
Sleeping until next timer interrupt...
Waiting for timer interrupt...
X:   -0.21°/s | Y:    0.42°/s | Z:   -0.67°/s
Sleeping until next timer interrupt...
Waiting for timer interrupt...
Sleeping until next timer interrupt...
Waiting for timer interrupt...
Sleeping until next timer interrupt...
Waiting for timer interrupt...
Sleeping until next timer interrupt...
Waiting for timer interrupt...
Sleeping until next timer interrupt...
Waiting for timer interrupt...
Sleeping until next timer interrupt...
Waiting for timer interrupt...
Sleeping until next timer interrupt...
Waiting for timer interrupt...
Sleeping until next timer interrupt...
Waiting for timer interrupt...
X:   -0.49°/s | Y:    0.16°/s | Z:   -0.47°/s
Sleeping until next timer interrupt...
Waiting for timer interrupt...
Sleeping until next timer interrupt...
Waiting for timer interrupt...
Sleeping until next timer interrupt...
Waiting for timer interrupt...
Sleeping until next timer interrupt...
Waiting for timer interrupt...
Sleeping until next timer interrupt...
Waiting for timer interrupt...
Sleeping until next timer interrupt...
Waiting for timer interrupt...
Sleeping until next timer interrupt...
Waiting for timer interrupt...
Sleeping until next timer interrupt...
Waiting for timer interrupt...
X:   -0.31°/s | Y:   -0.21°/s | Z:   -0.38°/s
Sleeping until next timer interrupt...
Waiting for timer interrupt...
Sleeping until next timer interrupt...
Waiting for timer interrupt...
Sleeping until next timer interrupt...
Waiting for timer interrupt...
Sleeping until next timer interrupt...
Waiting for timer interrupt...
Sleeping until next timer interrupt...
Waiting for timer interrupt...
Sleeping until next timer interrupt...
Waiting for timer interrupt...
Sleeping until next timer interrupt...
Waiting for timer interrupt...
Sleeping until next timer interrupt...
Waiting for timer interrupt...
X:   -0.49°/s | Y:    0.25°/s | Z:   -0.65°/s
Sleeping until next timer interrupt...
Waiting for timer interrupt...
Sleeping until next timer interrupt...
Waiting for timer interrupt...
Sleeping until next timer interrupt...
Waiting for timer interrupt...
Sleeping until next timer interrupt...
Waiting for timer interrupt...
Sleeping until next timer interrupt...
Waiting for timer interrupt...
Sleeping until next timer interrupt...
Waiting for timer interrupt...
Sleeping until next timer interrupt...
Waiting for timer interrupt...
Sleeping until next timer interrupt...
Waiting for timer interrupt...
X:   -0.52°/s | Y:    0.40°/s | Z:   -0.42°/s
Sleeping until next timer interrupt...
Waiting for timer interrupt...
Sleeping until next timer interrupt...
Waiting for timer interrupt...
Sleeping until next timer interrupt...
Waiting for timer interrupt...
Sleeping until next timer interrupt...
Waiting for timer interrupt...
Sleeping until next timer interrupt...
Waiting for timer interrupt...
Sleeping until next timer interrupt...
Waiting for timer interrupt...
Sleeping until next timer interrupt...
Waiting for timer interrupt...
Sleeping until next timer interrupt...
Waiting for timer interrupt...
X:   -0.44°/s | Y:    0.33°/s | Z:   -0.46°/s
Sleeping until next timer interrupt...
Waiting for timer interrupt...
Sleeping until next timer interrupt...
Waiting for timer interrupt...
Sleeping until next timer interrupt...
Waiting for timer interrupt...
Sleeping until next timer interrupt...
Waiting for timer interrupt...
Sleeping until next timer interrupt...
Waiting for timer interrupt...
Sleeping until next timer interrupt...
Waiting for timer interrupt...
Sleeping until next timer interrupt...
Waiting for timer interrupt...
Sleeping until next timer interrupt...
Waiting for timer interrupt...
X:   -0.79°/s | Y:    0.28°/s | Z:   -0.58°/s
Sleeping until next timer interrupt...
Waiting for timer interrupt...
Sleeping until next timer interrupt...
Waiting for timer interrupt...
Sleeping until next timer interrupt...
Waiting for timer interrupt...
Sleeping until next timer interrupt...
Waiting for timer interrupt...
Sleeping until next timer interrupt...
Waiting for timer interrupt...
Sleeping until next timer interrupt...
Waiting for timer interrupt...
Sleeping until next timer interrupt...
Waiting for timer interrupt...
Sleeping until next timer interrupt...
Waiting for timer interrupt...
X:   -0.56°/s | Y:    0.61°/s | Z:   -0.65°/s
Sleeping until next timer interrupt...
Waiting for timer interrupt...
Sleeping until next timer interrupt...
Waiting for timer interrupt...
Sleeping until next timer interrupt...
Waiting for timer interrupt...
Sleeping until next timer interrupt...
Waiting for timer interrupt...
Sleeping until next timer interrupt...
Waiting for timer interrupt...
Sleeping until next timer interrupt...
Waiting for timer interrupt...
Sleeping until next timer interrupt...
Waiting for timer interrupt...
Sleeping until next timer interrupt...
Waiting for timer interrupt...
X:   -0.19°/s | Y:    0.26°/s | Z:   -0.26°/s
Sleeping until next timer interrupt...
Waiting for timer interrupt...
Sleeping until next timer interrupt...
Waiting for timer interrupt...
Sleeping until next timer interrupt...
Waiting for timer interrupt...
Sleeping until next timer interrupt...
Waiting for timer interrupt...
Sleeping until next timer interrupt...
Waiting for timer interrupt...
Sleeping until next timer interrupt...
Waiting for timer interrupt...
Sleeping until next timer interrupt...
Waiting for timer interrupt...
Sleeping until next timer interrupt...
Waiting for timer interrupt...
X:   -0.70°/s | Y:    0.28°/s | Z:   -0.54°/s
Sleeping until next timer interrupt...
Waiting for timer interrupt...
Sleeping until next timer interrupt...
Waiting for timer interrupt...
Sleeping until next timer interrupt...
Waiting for timer interrupt...
Sleeping until next timer interrupt...
Waiting for timer interrupt...
Sleeping until next timer interrupt...
Waiting for timer interrupt...
Sleeping until next timer interrupt...
Waiting for timer interrupt...
Sleeping until next timer interrupt...
Waiting for timer interrupt...
Sleeping until next timer interrupt...
Waiting for timer interrupt...
X:   -0.52°/s | Y:    0.31°/s | Z:   -0.26°/s
Sleeping until next timer interrupt...
Waiting for timer interrupt...
Sleeping until next timer interrupt...
Waiting for timer interrupt...
Sleeping until next timer interrupt...
Waiting for timer interrupt...
Sleeping until next timer interrupt...
Waiting for timer interrupt...
Sleeping until next timer interrupt...
Waiting for timer interrupt...
Sleeping until next timer interrupt...
Waiting for timer interrupt...
Sleeping until next timer interrupt...
Waiting for timer interrupt...
Sleeping until next timer interrupt...
Waiting for timer interrupt...
X:   -0.75°/s | Y:    0.51°/s | Z:   -0.17°/s
Sleeping until next timer interrupt...
Waiting for timer interrupt...
Sleeping until next timer interrupt...
Waiting for timer interrupt...
Sleeping until next timer interrupt...
Waiting for timer interrupt...
Sleeping until next timer interrupt...
Waiting for timer interrupt...
Sleeping until next timer interrupt...
Waiting for timer interrupt...
Sleeping until next timer interrupt...
Waiting for timer interrupt...
Sleeping until next timer interrupt...
Waiting for timer interrupt...
Sleeping until next timer interrupt...
Waiting for timer interrupt...
X:   -0.61°/s | Y:    0.38°/s | Z:   -0.75°/s
Sleeping until next timer interrupt...
Waiting for timer interrupt...
Sleeping until next timer interrupt...
Waiting for timer interrupt...
Sleeping until next timer interrupt...
Waiting for timer interrupt...
Sleeping until next timer interrupt...
Waiting for timer interrupt...
Sleeping until next timer interrupt...
Waiting for timer interrupt...
Sleeping until next timer interrupt...
Waiting for timer interrupt...
Sleeping until next timer interrupt...
Waiting for timer interrupt...
Sleeping until next timer interrupt...
Waiting for timer interrupt...
X:   -0.68°/s | Y:    0.30°/s | Z:   -0.68°/s
Sleeping until next timer interrupt...
Waiting for timer interrupt...
Sleeping until next timer interrupt...
Waiting for timer interrupt...
Sleeping until next timer interrupt...
Waiting for timer interrupt...
Sleeping until next timer interrupt...
Waiting for timer interrupt...
Sleeping until next timer interrupt...
Waiting for timer interrupt...
Sleeping until next timer interrupt...
Waiting for timer interrupt...
Sleeping until next timer interrupt...
Waiting for timer interrupt...
Sleeping until next timer interrupt...
Waiting for timer interrupt...
X:   -0.02°/s | Y:    0.30°/s | Z:   -0.40°/s
Sleeping until next timer interrupt...
Waiting for timer interrupt...
Sleeping until next timer interrupt...
Waiting for timer interrupt...
Sleeping until next timer interrupt...
Waiting for timer interrupt...
Sleeping until next timer interrupt...
Waiting for timer interrupt...
Sleeping until next timer interrupt...
Waiting for timer interrupt...
Sleeping until next timer interrupt...
Waiting for timer interrupt...
Sleeping until next timer interrupt...
Waiting for timer interrupt...
Sleeping until next timer interrupt...
Waiting for timer interrupt...
X:   -0.09°/s | Y:    0.10°/s | Z:   -0.25°/s
Sleeping until next timer interrupt...
Waiting for timer interrupt...
Sleeping until next timer interrupt...
Waiting for timer interrupt...
Sleeping until next timer interrupt...
Waiting for timer interrupt...
Sleeping until next timer interrupt...
Waiting for timer interrupt...
Sleeping until next timer interrupt...
Waiting for timer interrupt...
Sleeping until next timer interrupt...
Waiting for timer interrupt...
Sleeping until next timer interrupt...
Waiting for timer interrupt...
Sleeping until next timer interrupt...
Waiting for timer interrupt...
X:    0.02°/s | Y:    0.26°/s | Z:   -0.26°/s
Sleeping until next timer interrupt...
Waiting for timer interrupt...
Sleeping until next timer interrupt...
Waiting for timer interrupt...
Sleeping until next timer interrupt...
Waiting for timer interrupt...
Sleeping until next timer interrupt...
Waiting for timer interrupt...
Sleeping until next timer interrupt...
Waiting for timer interrupt...
Sleeping until next timer interrupt...
Waiting for timer interrupt...
Sleeping until next timer interrupt...
Waiting for timer interrupt...
Sleeping until next timer interrupt...
Waiting for timer interrupt...
X:    0.12°/s | Y:    0.35°/s | Z:   -0.25°/s
Sleeping until next timer interrupt...
Waiting for timer interrupt...
Sleeping until next timer interrupt...
Waiting for timer interrupt...
Sleeping until next timer interrupt...
Waiting for timer interrupt...
Sleeping until next timer interrupt...
Waiting for timer interrupt...
Sleeping until next timer interrupt...
Waiting for timer interrupt...
Sleeping until next timer interrupt...
Waiting for timer interrupt...
Sleeping until next timer interrupt...
Waiting for timer interrupt...
Sleeping until next timer interrupt...
Waiting for timer interrupt...
X:   -0.25°/s | Y:   -0.12°/s | Z:   -0.12°/s
Sleeping until next timer interrupt...
Waiting for timer interrupt...
Sleeping until next timer interrupt...
Waiting for timer interrupt...
Sleeping until next timer interrupt...
Waiting for timer interrupt...
Sleeping until next timer interrupt...
Waiting for timer interrupt...
Sleeping until next timer interrupt...
Waiting for timer interrupt...
Sleeping until next timer interrupt...
Waiting for timer interrupt...
Sleeping until next timer interrupt...
Waiting for timer interrupt...
Sleeping until next timer interrupt...
Waiting for timer interrupt...
X:   -0.05°/s | Y:    0.54°/s | Z:   -0.35°/s
Sleeping until next timer interrupt...
Waiting for timer interrupt...
Sleeping until next timer interrupt...
Waiting for timer interrupt...
Sleeping until next timer interrupt...
Waiting for timer interrupt...
Sleeping until next timer interrupt...
Waiting for timer interrupt...
Sleeping until next timer interrupt...
Waiting for timer interrupt...
Sleeping until next timer interrupt...
Waiting for timer interrupt...
Sleeping until next timer interrupt...
Waiting for timer interrupt...
Sleeping until next timer interrupt...
Waiting for timer interrupt...
X:   -0.30°/s | Y:    0.28°/s | Z:   -0.25°/s
Sleeping until next timer interrupt...
Waiting for timer interrupt...
Sleeping until next timer interrupt...
Waiting for timer interrupt...
Sleeping until next timer interrupt...
Waiting for timer interrupt...
Sleeping until next timer interrupt...
Waiting for timer interrupt...
Sleeping until next timer interrupt...
Waiting for timer interrupt...
Sleeping until next timer interrupt...
Waiting for timer interrupt...
Sleeping until next timer interrupt...
Waiting for timer interrupt...
Sleeping until next timer interrupt...
Waiting for timer interrupt...
X:   -0.26°/s | Y:   -0.37°/s | Z:   -0.37°/s
Sleeping until next timer interrupt...
Waiting for timer interrupt...
Sleeping until next timer interrupt...
Waiting for timer interrupt...
Sleeping until next timer interrupt...
Waiting for timer interrupt...
Sleeping until next timer interrupt...
Waiting for timer interrupt...
Sleeping until next timer interrupt...
Waiting for timer interrupt...
Sleeping until next timer interrupt...
Waiting for timer interrupt...
Sleeping until next timer interrupt...
Waiting for timer interrupt...
Sleeping until next timer interrupt...
Waiting for timer interrupt...
X:   -0.75°/s | Y:    0.23°/s | Z:   -0.47°/s
Sleeping until next timer interrupt...
Waiting for timer interrupt...
Sleeping until next timer interrupt...
Waiting for timer interrupt...
Sleeping until next timer interrupt...
Waiting for timer interrupt...
Sleeping until next timer interrupt...
Waiting for timer interrupt...
Sleeping until next timer interrupt...
Waiting for timer interrupt...
Sleeping until next timer interrupt...
Waiting for timer interrupt...
Sleeping until next timer interrupt...
Waiting for timer interrupt...
Sleeping until next timer interrupt...
Waiting for timer interrupt...
X:   -0.21°/s | Y:    0.09°/s | Z:   -0.72°/s
Sleeping until next timer interrupt...
Waiting for timer interrupt...
Sleeping until next timer interrupt...
Waiting for timer interrupt...
Sleeping until next timer interrupt...
Waiting for timer interrupt...
Sleeping until next timer interrupt...
Waiting for timer interrupt...
Sleeping until next timer interrupt...
Waiting for timer interrupt...
Sleeping until next timer interrupt...
Waiting for timer interrupt...
Sleeping until next timer interrupt...
Waiting for timer interrupt...
Sleeping until next timer interrupt...
Waiting for timer interrupt...
X:   -0.23°/s | Y:    0.19°/s | Z:   -1.09°/s
Sleeping until next timer interrupt...
Waiting for timer interrupt...
Sleeping until next timer interrupt...
Waiting for timer interrupt...
Sleeping until next timer interrupt...
Waiting for timer interrupt...
Sleeping until next timer interrupt...
Waiting for timer interrupt...
Sleeping until next timer interrupt...
Waiting for timer interrupt...
Sleeping until next timer interrupt...
Waiting for timer interrupt...
Sleeping until next timer interrupt...
Waiting for timer interrupt...
Sleeping until next timer interrupt...
Waiting for timer interrupt...
X:   -0.40°/s | Y:    0.38°/s | Z:   -0.47°/s
Sleeping until next timer interrupt...
Waiting for timer interrupt...
Sleeping until next timer interrupt...
Waiting for timer interrupt...
Sleeping until next timer interrupt...
Waiting for timer interrupt...
Sleeping until next timer interrupt...
Waiting for timer interrupt...
Sleeping until next timer interrupt...
Waiting for timer interrupt...
Sleeping until next timer interrupt...
Waiting for timer interrupt...
Sleeping until next timer interrupt...
Waiting for timer interrupt...
Sleeping until next timer interrupt...
Waiting for timer interrupt...
X:   -0.52°/s | Y:    0.02°/s | Z:   -0.65°/s
Sleeping until next timer interrupt...
Waiting for timer interrupt...
Sleeping until next timer interrupt...
Waiting for timer interrupt...
Sleeping until next timer interrupt...
Waiting for timer interrupt...
Sleeping until next timer interrupt...
Waiting for timer interrupt...
Sleeping until next timer interrupt...
Waiting for timer interrupt...
Sleeping until next timer interrupt...
Waiting for timer interrupt...
Sleeping until next timer interrupt...
Waiting for timer interrupt...
Sleeping until next timer interrupt...
Waiting for timer interrupt...
X:    0.00°/s | Y:   -0.16°/s | Z:   -0.68°/s
Sleeping until next timer interrupt...
Waiting for timer interrupt...
Sleeping until next timer interrupt...
Waiting for timer interrupt...
Sleeping until next timer interrupt...
Waiting for timer interrupt...
Sleeping until next timer interrupt...
Waiting for timer interrupt...
Sleeping until next timer interrupt...
Waiting for timer interrupt...
Sleeping until next timer interrupt...
Waiting for timer interrupt...
Sleeping until next timer interrupt...
Waiting for timer interrupt...
Sleeping until next timer interrupt...
Waiting for timer interrupt...
X:   -0.65°/s | Y:    0.37°/s | Z:   -0.63°/s
Sleeping until next timer interrupt...
Waiting for timer interrupt...
Sleeping until next timer interrupt...
Waiting for timer interrupt...
Sleeping until next timer interrupt...
Waiting for timer interrupt...
Sleeping until next timer interrupt...
Waiting for timer interrupt...
Sleeping until next timer interrupt...
Waiting for timer interrupt...
Sleeping until next timer interrupt...
Waiting for timer interrupt...
Sleeping until next timer interrupt...
Waiting for timer interrupt...
Sleeping until next timer interrupt...
Waiting for timer interrupt...
X:   -0.68°/s | Y:    0.38°/s | Z:   -0.21°/s
Sleeping until next timer interrupt...
Waiting for timer interrupt...
Sleeping until next timer interrupt...
Waiting for timer interrupt...
Sleeping until next timer interrupt...
Waiting for timer interrupt...
Sleeping until next timer interrupt...
Waiting for timer interrupt...
Sleeping until next timer interrupt...
Waiting for timer interrupt...
Sleeping until next timer interrupt...
Waiting for timer interrupt...
Sleeping until next timer interrupt...
Waiting for timer interrupt...
Sleeping until next timer interrupt...
Waiting for timer interrupt...
X:   -0.67°/s | Y:    0.42°/s | Z:   -0.75°/s
Sleeping until next timer interrupt...
Waiting for timer interrupt...
Sleeping until next timer interrupt...
Waiting for timer interrupt...
Sleeping until next timer interrupt...
Waiting for timer interrupt...
Sleeping until next timer interrupt...
Waiting for timer interrupt...
Sleeping until next timer interrupt...
Waiting for timer interrupt...
Sleeping until next timer interrupt...
Waiting for timer interrupt...
Sleeping until next timer interrupt...
Waiting for timer interrupt...
Sleeping until next timer interrupt...
Waiting for timer interrupt...
X:   -0.33°/s | Y:    0.52°/s | Z:   -0.23°/s
Sleeping until next timer interrupt...
Waiting for timer interrupt...
Sleeping until next timer interrupt...
Waiting for timer interrupt...
Sleeping until next timer interrupt...
Waiting for timer interrupt...
Sleeping until next timer interrupt...
Waiting for timer interrupt...
Sleeping until next timer interrupt...
Waiting for timer interrupt...
Sleeping until next timer interrupt...
Waiting for timer interrupt...
Sleeping until next timer interrupt...
Waiting for timer interrupt...
Sleeping until next timer interrupt...
Waiting for timer interrupt...
X:   -0.75°/s | Y:    0.21°/s | Z:   -0.21°/s
Sleeping until next timer interrupt...
Waiting for timer interrupt...
Sleeping until next timer interrupt...
Waiting for timer interrupt...
Sleeping until next timer interrupt...
Waiting for timer interrupt...
Sleeping until next timer interrupt...
Waiting for timer interrupt...
Sleeping until next timer interrupt...
Waiting for timer interrupt...
Sleeping until next timer interrupt...
Waiting for timer interrupt...
Sleeping until next timer interrupt...
Waiting for timer interrupt...
Sleeping until next timer interrupt...
Waiting for timer interrupt...
X:   -0.65°/s | Y:    0.12°/s | Z:   -0.65°/s
Sleeping until next timer interrupt...
Waiting for timer interrupt...
Sleeping until next timer interrupt...
Waiting for timer interrupt...
Sleeping until next timer interrupt...
Waiting for timer interrupt...
Sleeping until next timer interrupt...
Waiting for timer interrupt...
Sleeping until next timer interrupt...
Waiting for timer interrupt...
Sleeping until next timer interrupt...
Waiting for timer interrupt...
Sleeping until next timer interrupt...
Waiting for timer interrupt...
Sleeping until next timer interrupt...
Waiting for timer interrupt...
X:   -0.60°/s | Y:    0.19°/s | Z:   -0.67°/s
Sleeping until next timer interrupt...
Waiting for timer interrupt...
Sleeping until next timer interrupt...
Waiting for timer interrupt...
Sleeping until next timer interrupt...
Waiting for timer interrupt...
Sleeping until next timer interrupt...
Waiting for timer interrupt...
Sleeping until next timer interrupt...
Waiting for timer interrupt...
Sleeping until next timer interrupt...
Waiting for timer interrupt...
Sleeping until next timer interrupt...
Waiting for timer interrupt...
Sleeping until next timer interrupt...
Waiting for timer interrupt...
X:   -0.54°/s | Y:    0.51°/s | Z:   -0.07°/s
Sleeping until next timer interrupt...
Waiting for timer interrupt...
Sleeping until next timer interrupt...
Waiting for timer interrupt...
Sleeping until next timer interrupt...
Waiting for timer interrupt...
Sleeping until next timer interrupt...
Waiting for timer interrupt...
Sleeping until next timer interrupt...
Waiting for timer interrupt...
Sleeping until next timer interrupt...
Waiting for timer interrupt...
Sleeping until next timer interrupt...
Waiting for timer interrupt...
Sleeping until next timer interrupt...
Waiting for timer interrupt...
X:   -0.30°/s | Y:    0.33°/s | Z:   -0.70°/s
Sleeping until next timer interrupt...
Waiting for timer interrupt...
Sleeping until next timer interrupt...
Waiting for timer interrupt...
Sleeping until next timer interrupt...
Waiting for timer interrupt...
Sleeping until next timer interrupt...
Waiting for timer interrupt...
Sleeping until next timer interrupt...
Waiting for timer interrupt...
Sleeping until next timer interrupt...
Waiting for timer interrupt...
Sleeping until next timer interrupt...
Waiting for timer interrupt...
Sleeping until next timer interrupt...
Waiting for timer interrupt...
X:   -0.26°/s | Y:    0.44°/s | Z:   -0.19°/s
Sleeping until next timer interrupt...
Waiting for timer interrupt...
Sleeping until next timer interrupt...
Waiting for timer interrupt...
Sleeping until next timer interrupt...
Waiting for timer interrupt...
Sleeping until next timer interrupt...
Waiting for timer interrupt...
Sleeping until next timer interrupt...
Waiting for timer interrupt...
Sleeping until next timer interrupt...
Waiting for timer interrupt...
Sleeping until next timer interrupt...
Waiting for timer interrupt...
Sleeping until next timer interrupt...
Waiting for timer interrupt...
X:   -0.23°/s | Y:    0.37°/s | Z:    0.16°/s
Sleeping until next timer interrupt...
Waiting for timer interrupt...
Sleeping until next timer interrupt...
Waiting for timer interrupt...
Sleeping until next timer interrupt...
Waiting for timer interrupt...
Sleeping until next timer interrupt...
Waiting for timer interrupt...
Sleeping until next timer interrupt...
Waiting for timer interrupt...
Sleeping until next timer interrupt...
Waiting for timer interrupt...
Sleeping until next timer interrupt...
Waiting for timer interrupt...
Sleeping until next timer interrupt...
Waiting for timer interrupt...
X:   -0.10°/s | Y:    0.35°/s | Z:   -1.01°/s
Sleeping until next timer interrupt...
Waiting for timer interrupt...
Sleeping until next timer interrupt...
Waiting for timer interrupt...
Sleeping until next timer interrupt...
Waiting for timer interrupt...
Sleeping until next timer interrupt...
Waiting for timer interrupt...
Sleeping until next timer interrupt...
Waiting for timer interrupt...
Sleeping until next timer interrupt...
Waiting for timer interrupt...
Sleeping until next timer interrupt...
Waiting for timer interrupt...
Sleeping until next timer interrupt...
Waiting for timer interrupt...
X:   -0.60°/s | Y:    0.42°/s | Z:   -0.98°/s
Sleeping until next timer interrupt...
Waiting for timer interrupt...
Sleeping until next timer interrupt...
Waiting for timer interrupt...
Sleeping until next timer interrupt...
Waiting for timer interrupt...
Sleeping until next timer interrupt...
Waiting for timer interrupt...
Sleeping until next timer interrupt...
Waiting for timer interrupt...
Sleeping until next timer interrupt...
Waiting for timer interrupt...
Sleeping until next timer interrupt...
Waiting for timer interrupt...
Sleeping until next timer interrupt...
Waiting for timer interrupt...
X:   -0.49°/s | Y:   -0.02°/s | Z:   -0.33°/s
Sleeping until next timer interrupt...
Waiting for timer interrupt...
Sleeping until next timer interrupt...
Waiting for timer interrupt...
Sleeping until next timer interrupt...
Waiting for timer interrupt...
Sleeping until next timer interrupt...
Waiting for timer interrupt...
Sleeping until next timer interrupt...
Waiting for timer interrupt...
Sleeping until next timer interrupt...
Waiting for timer interrupt...
Sleeping until next timer interrupt...
Waiting for timer interrupt...
Sleeping until next timer interrupt...
Waiting for timer interrupt...
X:   -0.47°/s | Y:    0.28°/s | Z:   -0.60°/s
Sleeping until next timer interrupt...
Waiting for timer interrupt...
Sleeping until next timer interrupt...
Waiting for timer interrupt...
Sleeping until next timer interrupt...
Waiting for timer interrupt...
Sleeping until next timer interrupt...
Waiting for timer interrupt...
===============================
I3G4250D Gyroscope Demo
===============================

Step 1: Detecting gyroscope...
✓ Found: I3g4250d

Step 2: Initializing driver...
✓ WHO_AM_I: 0xD3

Step 3: Configuring sensor...
✓ Configuration complete:
  - Data Rate: 400 Hz (timer interrupt)
  - Range: 500 °/s

Step 4: Starting interrupt-driven mode...
──────────────────────────────────────

⚠️  ANOMALY #1: Δx=0.58, Δy=402.66, Δz=27.61
X:   -0.58°/s | Y: -402.66°/s | Z:   27.61°/s
⚠️  ANOMALY #2: Δx=0.26, Δy=402.48, Δz=28.09
X:   -4.41°/s | Y:    0.37°/s | Z:   -1.21°/s
X:    0.31°/s | Y:    0.44°/s | Z:   -0.47°/s
X:   -0.19°/s | Y:    0.37°/s | Z:   -0.30°/s
X:   -0.35°/s | Y:    4.46°/s | Z:   -0.30°/s
X:    0.05°/s | Y:    0.05°/s | Z:   -0.70°/s
X:   -0.47°/s | Y:    0.16°/s | Z:   -0.38°/s
X:   -0.16°/s | Y:    0.23°/s | Z:   -0.82°/s
X:   -0.40°/s | Y:    0.14°/s | Z:   -0.42°/s
X:   -0.04°/s | Y:    0.23°/s | Z:   -0.60°/s
X:   -0.61°/s | Y:    0.40°/s | Z:   -0.35°/s
X:   -0.94°/s | Y:    0.56°/s | Z:   -0.68°/s
X:   -0.51°/s | Y:    0.47°/s | Z:   -0.37°/s
X:   -0.46°/s | Y:    0.30°/s | Z:   -0.51°/s
X:   -0.28°/s | Y:    0.68°/s | Z:   -0.82°/s
X:   -0.42°/s | Y:    0.44°/s | Z:   -0.54°/s
X:   -0.82°/s | Y:    0.81°/s | Z:   -0.30°/s
X:   -0.42°/s | Y:    0.47°/s | Z:   -0.94°/s
X:   -0.44°/s | Y:    0.28°/s | Z:   -0.65°/s
X:   -0.25°/s | Y:    0.77°/s | Z:   -0.12°/s
X:   -0.54°/s | Y:    0.26°/s | Z:   -0.60°/s
X:   -0.44°/s | Y:    0.40°/s | Z:   -0.25°/s
X:   -0.17°/s | Y:   -0.04°/s | Z:    0.26°/s
X:   -0.17°/s | Y:    0.37°/s | Z:    0.14°/s
X:   -0.40°/s | Y:    0.00°/s | Z:   -0.31°/s
X:   -0.82°/s | Y:    0.33°/s | Z:   -0.31°/s
X:    0.05°/s | Y:   -4.34°/s | Z:   -0.09°/s
X:   -0.17°/s | Y:    0.38°/s | Z:   -1.00°/s
X:   -0.46°/s | Y:   -0.17°/s | Z:   -4.46°/s
X:   -0.61°/s | Y:    0.54°/s | Z:   -0.60°/s
X:   -0.46°/s | Y:    0.25°/s | Z:   -0.42°/s
X:   -0.51°/s | Y:    0.37°/s | Z:   -0.09°/s
X:   -0.46°/s | Y:    0.19°/s | Z:   -0.58°/s
X:   -0.77°/s | Y:    0.67°/s | Z:   -0.70°/s
X:   -0.44°/s | Y:    0.14°/s | Z:   -0.28°/s
X:   -0.33°/s | Y:    0.54°/s | Z:   -0.38°/s
X:   -0.40°/s | Y:    0.26°/s | Z:   -0.35°/s
X:   -0.42°/s | Y:    0.02°/s | Z:   -0.81°/s
X:   -0.44°/s | Y:    0.19°/s | Z:   -0.74°/s
X:   -0.04°/s | Y:    0.35°/s | Z:   -0.49°/s
X:   -0.16°/s | Y:    0.33°/s | Z:   -0.44°/s
X:   -0.25°/s | Y:    0.17°/s | Z:   -0.47°/s
X:   -0.60°/s | Y:    0.09°/s | Z:   -0.42°/s
X:   -0.35°/s | Y:    0.12°/s | Z:   -0.42°/s
X:   -0.17°/s | Y:    0.47°/s | Z:   -0.91°/s
X:   -0.07°/s | Y:    0.33°/s | Z:   -0.52°/s
X:    0.02°/s | Y:    0.04°/s | Z:   -0.38°/s
X:   -0.10°/s | Y:    0.14°/s | Z:   -0.02°/s
X:   -0.49°/s | Y:    0.38°/s | Z:   -0.68°/s
X:   -0.38°/s | Y:    0.33°/s | Z:   -1.00°/s
X:   -0.68°/s | Y:    0.61°/s | Z:   -0.60°/s
X:   -0.65°/s | Y:    0.38°/s | Z:   -0.58°/s
X:   -0.51°/s | Y:    0.65°/s | Z:   -0.58°/s
X:   -0.52°/s | Y:    0.86°/s | Z:   -0.42°/s
X:   -0.56°/s | Y:    0.72°/s | Z:   -0.79°/s
X:   -0.49°/s | Y:    0.46°/s | Z:   -0.25°/s
X:   -0.30°/s | Y:    0.31°/s | Z:   -0.86°/s
X:    0.04°/s | Y:    0.09°/s | Z:   -0.65°/s
X:   -0.46°/s | Y:    0.12°/s | Z:   -0.37°/s
X:   -0.40°/s | Y:    0.12°/s | Z:   -0.49°/s
X:   -0.30°/s | Y:    0.07°/s | Z:   -0.35°/s
X:   -0.12°/s | Y:    0.30°/s | Z:   -0.63°/s
X:   -0.47°/s | Y:   -0.05°/s | Z:   -0.49°/s
X:   -0.31°/s | Y:    0.02°/s | Z:   -0.68°/s
X:   -0.52°/s | Y:    0.30°/s | Z:   -0.17°/s
X:   -0.82°/s | Y:    0.81°/s | Z:   -0.12°/s
X:   -0.25°/s | Y:    0.56°/s | Z:   -0.16°/s
X:   -0.40°/s | Y:    0.35°/s | Z:   -0.81°/s
X:   -0.42°/s | Y:    0.17°/s | Z:   -0.86°/s
X:   -0.54°/s | Y:    0.17°/s | Z:   -0.61°/s
X:   -0.26°/s | Y:    0.17°/s | Z:    0.09°/s
X:   -0.35°/s | Y:   -0.04°/s | Z:   -0.65°/s
X:   -0.35°/s | Y:    0.09°/s | Z:    0.05°/s
X:   -0.14°/s | Y:    0.26°/s | Z:   -0.82°/s
X:   -0.25°/s | Y:    0.31°/s | Z:   -0.17°/s
X:    0.02°/s | Y:    0.49°/s | Z:   -0.21°/s
X:   -0.28°/s | Y:   -0.12°/s | Z:   -1.23°/s
X:   -0.28°/s | Y:    0.12°/s | Z:   -0.25°/s
X:    0.14°/s | Y:    0.56°/s | Z:   -0.42°/s
X:   -0.44°/s | Y:    0.49°/s | Z:   -0.33°/s
X:   -0.65°/s | Y:    0.54°/s | Z:   -0.19°/s
X:   -0.51°/s | Y:    0.12°/s | Z:   -0.68°/s
X:   -0.33°/s | Y:    0.35°/s | Z:   -0.44°/s
X:   -0.40°/s | Y:    0.25°/s | Z:   -0.63°/s
X:   -0.54°/s | Y:    0.74°/s | Z:   -0.31°/s
X:   -0.38°/s | Y:    0.14°/s | Z:   -0.44°/s
X:   -0.28°/s | Y:   -0.04°/s | Z:   -0.58°/s
X:   -0.09°/s | Y:    0.07°/s | Z:   -0.28°/s
X:   -0.25°/s | Y:    0.25°/s | Z:   -0.14°/s
X:   -0.54°/s | Y:    0.56°/s | Z:   -0.52°/s
X:   -0.02°/s | Y:   -0.47°/s | Z:   -0.51°/s
X:    0.05°/s | Y:    0.17°/s | Z:   -0.67°/s
X:   -0.81°/s | Y:    1.10°/s | Z:   -0.82°/s
X:   -0.07°/s | Y:    0.67°/s | Z:   -0.17°/s
X:   -0.46°/s | Y:    0.67°/s | Z:   -0.49°/s
X:   -1.05°/s | Y:   -1.68°/s | Z:    1.59°/s
X:    2.36°/s | Y:   -4.71°/s | Z:   -1.68°/s
X:    9.73°/s | Y:   14.68°/s | Z:  -23.10°/s
X:    0.09°/s | Y:   90.46°/s | Z:   -0.74°/s
X:    1.49°/s | Y:  -23.91°/s | Z:   12.27°/s
X:  -16.49°/s | Y:   27.30°/s | Z:   22.24°/s
X:   12.28°/s | Y:   19.51°/s | Z:   20.63°/s
X:  -36.98°/s | Y:   66.04°/s | Z:    9.20°/s
X:  -40.04°/s | Y:  136.27°/s | Z:   15.57°/s
⚠️  ANOMALY #3: Δx=7.25, Δy=131.01, Δz=74.93
X:   20.19°/s | Y:  311.10°/s | Z:   92.86°/s
⚠️  ANOMALY #4: Δx=44.45, Δy=101.55, Δz=34.49
X:  -32.50°/s | Y:  159.86°/s | Z:  100.07°/s
X:   -5.07°/s | Y:   46.17°/s | Z:   25.97°/s
X:   -5.84°/s | Y:   -7.00°/s | Z:   -2.80°/s
X:  -20.46°/s | Y:  -42.54°/s | Z:   -6.20°/s
X:  -20.84°/s | Y:  -79.96°/s | Z:   -9.69°/s
X:   -7.39°/s | Y:  -60.95°/s | Z:   -3.26°/s
X:   11.81°/s | Y: -192.20°/s | Z:  -30.10°/s
X:   25.71°/s | Y: -275.87°/s | Z:  -57.77°/s
X:  -31.03°/s | Y: -125.04°/s | Z:  -40.04°/s
X:  -42.35°/s | Y:  -78.38°/s | Z:  -11.27°/s
X:  -35.96°/s | Y:  -30.76°/s | Z:  -19.76°/s
X:  -19.15°/s | Y:  -18.90°/s | Z:  -11.23°/s
X:    5.36°/s | Y:   27.84°/s | Z:    4.06°/s
X:    9.73°/s | Y:  264.74°/s | Z:   64.66°/s
⚠️  ANOMALY #5: Δx=5.37, Δy=143.12, Δz=39.72
⚠️  ANOMALY #6: Δx=22.68, Δy=165.37, Δz=31.78
⚠️  ANOMALY #7: Δx=10.64, Δy=136.46, Δz=3.68
X:   35.38°/s | Y:  436.70°/s | Z:  141.03°/s
⚠️  ANOMALY #8: Δx=12.41, Δy=184.91, Δz=32.30
X:   24.85°/s | Y:  111.46°/s | Z:  121.38°/s
X:   -0.28°/s | Y:   -2.29°/s | Z:   46.95°/s
X:  -14.19°/s | Y:  -34.95°/s | Z:   -5.88°/s
X:  -45.53°/s | Y:  -75.76°/s | Z:  -42.82°/s
X:  -52.04°/s | Y: -119.84°/s | Z:  -71.89°/s
X:   -6.46°/s | Y: -248.46°/s | Z: -213.43°/s
⚠️  ANOMALY #9: Δx=12.86, Δy=110.42, Δz=12.11
X:  -38.59°/s | Y:  -68.21°/s | Z: -249.81°/s
X:  -43.54°/s | Y:   -3.08°/s | Z:  -55.16°/s
X:   -5.16°/s | Y:  -10.45°/s | Z:  -13.84°/s
X:    8.35°/s | Y:   -2.05°/s | Z:    0.44°/s
X:   31.25°/s | Y:   49.98°/s | Z:   54.11°/s
X:   42.17°/s | Y:   37.82°/s | Z:  115.36°/s
X:  134.85°/s | Y:   91.79°/s | Z:  244.23°/s
X:   20.56°/s | Y:   53.55°/s | Z:  213.15°/s
X:  -45.67°/s | Y:   37.26°/s | Z:   77.40°/s
X:   -2.15°/s | Y:   26.97°/s | Z:   78.01°/s
X:  -30.07°/s | Y:   10.81°/s | Z:   73.50°/s
X:  -15.89°/s | Y:   20.37°/s | Z:   92.91°/s
X:    3.13°/s | Y:    7.61°/s | Z:   73.03°/s
X:   -8.09°/s | Y:  -15.57°/s | Z:   53.87°/s
X:    9.43°/s | Y:  -23.75°/s | Z:   43.45°/s
X:   19.48°/s | Y:  -23.01°/s | Z:   23.64°/s
X:    5.16°/s | Y:   -6.47°/s | Z:  -24.11°/s
X:   -1.54°/s | Y:   -4.67°/s | Z:  -46.79°/s
X:   -2.10°/s | Y:  -10.59°/s | Z:  -55.79°/s
X:    1.59°/s | Y:   -7.54°/s | Z:  -57.70°/s
X:   -8.84°/s | Y:   10.73°/s | Z:  -44.35°/s
X:  -18.27°/s | Y:   14.09°/s | Z:  -66.01°/s
X:  -23.52°/s | Y:   -0.37°/s | Z:  -45.10°/s
X:  -15.38°/s | Y:   23.03°/s | Z:  -78.36°/s
X:  -16.27°/s | Y:    3.97°/s | Z:  -45.92°/s
X:  -13.32°/s | Y:   13.07°/s | Z:  -48.30°/s
X:   11.31°/s | Y:   18.74°/s | Z:  -48.07°/s
X:    9.33°/s | Y:    5.44°/s | Z:  -58.17°/s
X:    2.54°/s | Y:   -6.55°/s | Z:  -43.47°/s
X:  -23.99°/s | Y:    9.66°/s | Z:  -26.55°/s
X:  -70.84°/s | Y: -116.92°/s | Z:   38.85°/s
X:  -45.10°/s | Y:  -23.42°/s | Z:    9.29°/s
⚠️  ANOMALY #10: Δx=155.77, Δy=15.00, Δz=42.61
X:  146.65°/s | Y:    5.01°/s | Z:   33.15°/s
⚠️  ANOMALY #11: Δx=256.93, Δy=11.73, Δz=67.81
⚠️  ANOMALY #12: Δx=175.07, Δy=14.05, Δz=58.17
X: -178.71°/s | Y:   10.78°/s | Z:  -43.65°/s
⚠️  ANOMALY #13: Δx=274.36, Δy=42.54, Δz=96.64
⚠️  ANOMALY #14: Δx=158.38, Δy=10.11, Δz=28.19
⚠️  ANOMALY #15: Δx=271.85, Δy=18.57, Δz=53.03
X:  -95.20°/s | Y:   13.16°/s | Z:  -26.09°/s
⚠️  ANOMALY #16: Δx=243.64, Δy=6.61, Δz=60.34
X:  203.07°/s | Y:    3.61°/s | Z:   50.37°/s
⚠️  ANOMALY #17: Δx=194.53, Δy=28.89, Δz=59.43
⚠️  ANOMALY #18: Δx=203.72, Δy=24.12, Δz=49.46
⚠️  ANOMALY #19: Δx=242.74, Δy=8.21, Δz=74.58
X:   66.39°/s | Y:   21.81°/s | Z:   44.35°/s
⚠️  ANOMALY #20: Δx=130.73, Δy=56.88, Δz=19.99
⚠️  ANOMALY #21: Δx=108.48, Δy=18.38, Δz=60.53
⚠️  ANOMALY #22: Δx=210.14, Δy=22.43, Δz=47.99
X: -142.22°/s | Y:   35.77°/s | Z:  -47.69°/s
⚠️  ANOMALY #23: Δx=150.94, Δy=13.74, Δz=80.01
⚠️  ANOMALY #24: Δx=129.62, Δy=80.64, Δz=23.66
⚠️  ANOMALY #25: Δx=169.79, Δy=64.43, Δz=60.51
X:  -70.32°/s | Y:   16.34°/s | Z:  -31.69°/s
⚠️  ANOMALY #26: Δx=182.75, Δy=91.44, Δz=45.38
X:  158.29°/s | Y:  -84.18°/s | Z:   39.32°/s
⚠️  ANOMALY #27: Δx=125.48, Δy=67.99, Δz=56.93
⚠️  ANOMALY #28: Δx=127.07, Δy=82.43, Δz=22.68
X:  -20.81°/s | Y:   46.64°/s | Z:  -24.38°/s
X:   19.74°/s | Y:   -9.82°/s | Z:  -51.05°/s
X:  -40.65°/s | Y:   53.44°/s | Z:  -81.71°/s
X:   32.41°/s | Y:   13.65°/s | Z:  -57.99°/s
X:   23.20°/s | Y:    3.03°/s | Z:  -12.02°/s
X:   36.07°/s | Y:   15.40°/s | Z:  -14.91°/s
X:   -0.21°/s | Y:   -1.00°/s | Z:  -13.65°/s
X:   -0.96°/s | Y:   -6.35°/s | Z:  -12.34°/s
X:   15.65°/s | Y:    1.42°/s | Z:  -15.33°/s
X:    3.39°/s | Y:   -0.42°/s | Z:   -1.05°/s
X: -149.96°/s | Y:   52.74°/s | Z:   28.05°/s
X: -244.02°/s | Y:   51.15°/s | Z:   18.76°/s
⚠️  ANOMALY #29: Δx=120.01, Δy=52.85, Δz=2.92
X:   39.92°/s | Y:   -3.57°/s | Z:    5.53°/s
X:   13.04°/s | Y:    3.03°/s | Z:    3.90°/s
X:   14.58°/s | Y:    2.54°/s | Z:    0.21°/s
X:    9.24°/s | Y:    3.48°/s | Z:   -7.96°/s
X:   11.39°/s | Y:    0.16°/s | Z:   -6.02°/s
X:   53.34°/s | Y:  -36.52°/s | Z:   21.05°/s
⚠️  ANOMALY #30: Δx=188.60, Δy=33.07, Δz=15.84
⚠️  ANOMALY #31: Δx=119.51, Δy=20.70, Δz=12.55
⚠️  ANOMALY #32: Δx=194.65, Δy=39.78, Δz=55.56
X:  260.43°/s | Y:  -60.41°/s | Z:   10.94°/s
⚠️  ANOMALY #33: Δx=265.76, Δy=61.78, Δz=13.46
X:    7.32°/s | Y:   33.25°/s | Z:   16.83°/s
X:   -1.70°/s | Y:    3.76°/s | Z:   -3.20°/s
X:  -11.83°/s | Y:   -2.43°/s | Z:   -0.28°/s
X:    7.07°/s | Y:    0.12°/s | Z:    0.23°/s
X:    3.99°/s | Y:   -1.70°/s | Z:    4.72°/s
X:    4.50°/s | Y:    7.75°/s | Z:   12.37°/s
X:   -0.05°/s | Y:   10.15°/s | Z:   28.07°/s
X:    6.14°/s | Y:   30.83°/s | Z:  109.65°/s
X:    8.54°/s | Y:    4.36°/s | Z:  157.87°/s
X:   27.19°/s | Y:    9.78°/s | Z:  112.14°/s
X:   10.60°/s | Y:   16.03°/s | Z:   46.90°/s
X:    9.19°/s | Y:   -3.67°/s | Z:   -5.01°/s
X:  -10.81°/s | Y:  -21.91°/s | Z:  -12.74°/s
X:  -48.70°/s | Y:   -6.88°/s | Z:  -50.78°/s
X:   -7.93°/s | Y:   -2.71°/s | Z:  -48.07°/s
X:   30.71°/s | Y:   13.32°/s | Z:   -2.61°/s
X:   47.53°/s | Y:   16.12°/s | Z:   16.69°/s
X:   50.96°/s | Y:  -13.09°/s | Z:   14.77°/s
X:   54.81°/s | Y:   12.06°/s | Z:   10.74°/s
X:   24.78°/s | Y:    0.10°/s | Z:   -5.34°/s
X:   -6.32°/s | Y:   -5.60°/s | Z:    0.23°/s
X:  -87.24°/s | Y:  -15.59°/s | Z:  -14.45°/s
X: -150.41°/s | Y:  -60.22°/s | Z:   -9.50°/s
X: -178.26°/s | Y:  -44.15°/s | Z:  -30.22°/s
X: -122.46°/s | Y:  -54.51°/s | Z:  -26.84°/s
X:   42.53°/s | Y:   13.97°/s | Z:   14.91°/s
X:   77.09°/s | Y:   38.13°/s | Z:    8.98°/s
X:  160.56°/s | Y:   42.65°/s | Z:   22.82°/s
X:   54.69°/s | Y:   -8.45°/s | Z:   10.29°/s
X:   94.13°/s | Y:   30.57°/s | Z:   -5.69°/s
X:   41.32°/s | Y:   15.66°/s | Z:    4.64°/s
X:    0.14°/s | Y:   16.87°/s | Z:   -1.31°/s
X:  -43.51°/s | Y:   24.73°/s | Z:   -1.28°/s
X: -164.15°/s | Y:  -33.62°/s | Z:  -24.31°/s
X: -162.10°/s | Y:  -60.04°/s | Z:  -67.55°/s
X: -134.77°/s | Y:  -44.21°/s | Z:  -59.22°/s
X:  -56.21°/s | Y:  -35.37°/s | Z:  -32.60°/s
X:   70.53°/s | Y:   43.00°/s | Z:   28.17°/s
X:  171.36°/s | Y:   92.17°/s | Z:   59.59°/s
X:  158.38°/s | Y:   66.36°/s | Z:   43.80°/s
X:   85.47°/s | Y:   18.08°/s | Z:   18.74°/s
X:   43.28°/s | Y:   53.87°/s | Z:    6.23°/s
X:   30.14°/s | Y:   55.90°/s | Z:    3.41°/s
X:   19.48°/s | Y:   65.83°/s | Z:  -11.11°/s
X:   -1.00°/s | Y:  -11.69°/s | Z:  -72.15°/s
X:  -53.94°/s | Y:  -80.04°/s | Z: -147.00°/s
X:  -64.57°/s | Y: -171.88°/s | Z: -202.76°/s
X:  -28.12°/s | Y:  -74.71°/s | Z: -136.43°/s
X:   49.23°/s | Y:   18.74°/s | Z:  -54.51°/s
X:    4.57°/s | Y:   36.58°/s | Z:  -23.27°/s
X:   61.22°/s | Y:   23.42°/s | Z:   -1.72°/s
X:   52.60°/s | Y:   47.90°/s | Z:  -26.57°/s
X:   22.89°/s | Y:  -18.27°/s | Z:  -12.35°/s
X:   -4.51°/s | Y:  -25.44°/s | Z:   -6.23°/s
X:  -32.38°/s | Y:  -22.82°/s | Z:    3.34°/s
X:  -14.86°/s | Y:    5.78°/s | Z:   -2.90°/s
X:  -14.51°/s | Y:  -26.76°/s | Z:    7.84°/s
X:  -20.97°/s | Y:  -39.38°/s | Z:    4.24°/s
X:   -8.00°/s | Y:  -79.17°/s | Z:    0.49°/s
X:   -3.27°/s | Y:  -19.20°/s | Z:   -3.78°/s
X:   20.63°/s | Y:   59.83°/s | Z:   11.74°/s
X:  -67.17°/s | Y:  150.08°/s | Z:   11.52°/s
X:   22.07°/s | Y:   63.65°/s | Z:   69.04°/s
X:   30.61°/s | Y:   16.12°/s | Z:   65.01°/s
X:   19.08°/s | Y:  -49.24°/s | Z:   63.28°/s

📊 Interrupt Stats (every0 loops / ~2.5s):
  Avg Cycles/Loop: 179722
  Loop Time: 2496.139μs
  Anomalies: 33
  CPU Usage: ~99.8%
──────────────────────────────────────
X:    6.41°/s | Y:  -28.49°/s | Z:   45.48°/s
X:   34.63°/s | Y:  -44.87°/s | Z:   49:   -8.40°/s | Y:   -6.30° Z:  39°/s
X:    7.14°/s | -21.10°/s |  49°/s
:  38°/s | 37 Z:  82.53°/s
X:   21.14°  ./s | 60°/s
X:  -0.94° Y: -2.38°/s |  -6.8:   -9.°/s | Y:   13.09° Z:  -33.72°/s:   -6° Y:   1.68°-93°/s
X: -29.73°/s |-16 -75:   30.89°/s |20.90°/s | -11:  22 Y:   10   1°/s
: °°/s:   -1.00°/s | Y:    2.89°/s | Z:    1.82°/s
X:  -10.11°/s | Y:   -5.58°/s | Z:    3.94°/s
X:  -19.18°/s | Y:   -7.30°/s | Z:   13.98°/s
X:   -7.32°/s | Y:    1.23°/s | Z:    3.50°/s
X:   -5.55°/s | Y:   10.01°/s | Z:   11.01°/s
X:   64.87°/s | Y:  -20.46°/s | Z:   -1.14°/s
X:  -81.50°/s | Y:   26.15°/s | Z:  -67.90°/s
X:  -97.35°/s | Y:   26.76°/s | Z: -195.98°/s
X:   74.76°/s | Y:  -17.27°/s | Z: -157.96°/s
X:   55.00°/s | Y:    5.64°/s | Z:  -42.65°/s
⚠️  ANOMALY #34: Δx=105.77, Δy=33.74, Δz=15.61
X:  -56.82°/s | Y:  -98.32°/s | Z:    8.57°/s
X:  -10.26°/s | Y: -105.88°/s | Z:  -17.33°/s
X:   -5.25°/s | Y: -117.02°/s | Z:  -12.28°/s
⚠️  ANOMALY #35: Δx=19.09, Δy=151.97, Δz=61.88
⚠️  ANOMALY #36: Δx=7.14, Δy=293.51, Δz=90.37
X:   24.50°/s | Y:   82.27°/s | Z:  -32.71°/s
⚠️  ANOMALY #37: Δx=22.28, Δy=212.78, Δz=51.80
X:   -1.15°/s | Y:    3.78°/s | Z:   -0.70°/s
X:    0.04°/s | Y:    0.09°/s | Z:   -0.30°/s
X:   -0.16°/s | Y:   -0.23°/s | Z:   -0.49°/s
X:   -0.46°/s | Y:    0.00°/s | Z:   -0.91°/s
X:   -0.42°/s | Y:   -0.09°/s | Z:    0.05°/s
X:   -0.44°/s | Y:   -0.30°/s | Z:   -0.40°/s
X:    0.33°/s | Y:   -0.10°/s | Z:   -0.91°/s
X:   -0.16°/s | Y:    0.28°/s | Z:   -0.94°/s
X:   -0.28°/s | Y:    0.10°/s | Z:    0.40°/s
X:    0.12°/s | Y:    0.02°/s | Z:   -0.25°/s
X:   -0.25°/s | Y:    0.38°/s | Z:   -0.46°/s
X:   -0.30°/s | Y:    0.23°/s | Z:   -0.38°/s
X:   -0.65°/s | Y:    0.35°/s | Z:   -0.33°/s
X:   -0.33°/s | Y:    0.46°/s | Z:   -0.65°/s
X:   -0.38°/s | Y:    0.21°/s | Z:   -0.16°/s
X:   -0.37°/s | Y:    0.56°/s | Z:   -0.23°/s
X:   -0.44°/s | Y:    0.61°/s | Z:   -0.65°/s
X:   -0.30°/s | Y:    0.21°/s | Z:   -0.51°/s
X:    0.05°/s | Y:    0.60°/s | Z:   -0.51°/s
X:   -0.21°/s | Y:    0.40°/s | Z:   -0.60°/s
X:   -0.21°/s | Y:    0.02°/s | Z:   -0.10°/s
X:   -0.37°/s | Y:   -0.16°/s | Z:   -0.28°/s
X:   -0.19°/s | Y:    0.49°/s | Z:   -0.28°/s
X:   -0.14°/s | Y:    0.09°/s | Z:    0.04°/s
X:   -0.56°/s | Y:   -0.33°/s | Z:   -0.30°/s
X:   -0.21°/s | Y:    0.23°/s | Z:   -0.31°/s
X:   -0.42°/s | Y:    0.37°/s | Z:   -0.44°/s
X:   -0.10°/s | Y:    0.56°/s | Z:   -0.40°/s
X:   -0.68°/s | Y:    0.25°/s | Z:   -0.61°/s
X:   -0.33°/s | Y:    0.75°/s | Z:   -0.33°/s
X:   -0.33°/s | Y:    0.54°/s | Z:    0.23°/s
X:   -0.33°/s | Y:   -0.07°/s | Z:   -0.86°/s
X:   -0.25°/s | Y:    0.21°/s | Z:   -0.63°/s
X:   -0.46°/s | Y:    0.42°/s | Z:   -0.40°/s
X:   -0.47°/s | Y:    0.40°/s | Z:   -0.21°/s
X:   -0.51°/s | Y:    0.61°/s | Z:   -0.23°/s
X:   -0.58°/s | Y:    0.84°/s | Z:   -0.46°/s
X:   -0.63°/s | Y:    0.46°/s | Z:   -0.56°/s
X:   -4.48°/s | Y:    0.37°/s | Z:   -0.44°/s
X:   -0.26°/s | Y:   -0.04°/s | Z:   -0.68°/s
X:   -0.37°/s | Y:    4.45°/s | Z:   -0.35°/s
X:   -0.52°/s | Y:    4.45°/s | Z:   -0.60°/s
X:   -0.21°/s | Y:    0.00°/s | Z:   -0.91°/s
X:   -0.30°/s | Y:   -0.25°/s | Z:   -0.09°/s
X:   -0.21°/s | Y:   -0.02°/s | Z:   -0.35°/s
X:   -0.25°/s | Y:    0.16°/s | Z:   -0.33°/s
X:   -0.42°/s | Y:    0.19°/s | Z:   -0.89°/s
X:   -0.19°/s | Y:    0.09°/s | Z:   -0.77°/s
X:   -0.79°/s | Y:    0.19°/s | Z:   -0.30°/s
X:   -0.31°/s | Y:    0.25°/s | Z:   -0.89°/s
X:   -0.31°/s | Y:    0.37°/s | Z:   -0.47°/s
X:   -0.52°/s | Y:    0.42°/s | Z:   -0.86°/s
X:   -0.33°/s | Y:    0.74°/s | Z:   -0.52°/s
X:   -0.52°/s | Y:    0.31°/s | Z:   -0.42°/s
X:   -0.30°/s | Y:    0.84°/s | Z:   -0.79°/s
X:   -0.25°/s | Y:    0.75°/s | Z:   -0.40°/s
X:   -1.01°/s | Y:    0.35°/s | Z:   -0.51°/s
X:   -0.47°/s | Y:    0.67°/s | Z:    0.07°/s
X:   -0.26°/s | Y:    0.26°/s | Z:   -0.46°/s
X:   -0.35°/s | Y:    0.37°/s | Z:   -0.30°/s
X:   -0.68°/s | Y:    0.26°/s | Z:   -0.79°/s
X:   -0.70°/s | Y:    0.07°/s | Z:   -0.38°/s
X:   -0.38°/s | Y:    0.21°/s | Z:   -0.12°/s
X:   -0.09°/s | Y:    0.14°/s | Z:   -0.07°/s
X:   -0.42°/s | Y:    0.19°/s | Z:   -0.12°/s
X:   -0.25°/s | Y:   -0.35°/s | Z:   -0.30°/s
X:   -0.35°/s | Y:    0.14°/s | Z:   -0.14°/s
X:   -0.09°/s | Y:   -0.02°/s | Z:   -0.82°/s
X:   -0.51°/s | Y:    0.23°/s | Z:   -0.33°/s
X:   -0.49°/s | Y:    0.25°/s | Z:   -0.49°/s
X:   -0.10°/s | Y:    0.44°/s | Z:   -0.44°/s
X:   -0.35°/s | Y:    0.33°/s | Z:   -0.67°/s
X:   -0.35°/s | Y:    0.65°/s | Z:   -0.49°/s
X:   -0.58°/s | Y:    0.79°/s | Z:   -0.16°/s
X:   -0.28°/s | Y:    0.26°/s | Z:    0.12°/s
X:   -0.56°/s | Y:    0.52°/s | Z:   -0.49°/s
X:   -0.26°/s | Y:    0.67°/s | Z:   -0.74°/s
X:   -0.38°/s | Y:    0.46°/s | Z:   -0.38°/s
X:   -0.72°/s | Y:    0.33°/s | Z:   -0.33°/s
X:   -0.19°/s | Y:    0.49°/s | Z:   -0.54°/s
X:   -0.67°/s | Y:    0.26°/s | Z:   -0.40°/s
X:   -0.35°/s | Y:   -0.09°/s | Z:   -0.68°/s
X:   -0.37°/s | Y:   -0.12°/s | Z:   -0.88°/s
X:   -0.16°/s | Y:    0.12°/s | Z:   -0.02°/s
X:   -0.46°/s | Y:    0.05°/s | Z:   -0.26°/s
X:   -0.02°/s | Y:    0.12°/s | Z:   -0.75°/s
X:    0.02°/s | Y:    0.33°/s | Z:   -0.35°/s
X:    0.04°/s | Y:    0.10°/s | Z:   -0.26°/s
X:    0.17°/s | Y:   -0.12°/s | Z:   -0.61°/s
X:   -0.16°/s | Y:    0.12°/s | Z:   -0.52°/s
X:   -0.25°/s | Y:    0.14°/s | Z:   -0.40°/s
X:   -0.56°/s | Y:    0.26°/s | Z:   -0.70°/s
X:   -0.28°/s | Y:    0.30°/s | Z:   -0.04°/s
X:   -0.14°/s | Y:    0.35°/s | Z:   -0.91°/s
X:    0.02°/s | Y:    0.84°/s | Z:   -0.52°/s
X:   -0.86°/s | Y:    0.44°/s | Z:   -0.44°/s
X:   -0.28°/s | Y:    0.86°/s | Z:   -0.60°/s
X:   -0.17°/s | Y:    0.54°/s | Z:   -0.19°/s
X:   -0.17°/s | Y:    0.26°/s | Z:   -0.65°/s
X:   -0.09°/s | Y:    0.26°/s | Z:   -0.51°/s
X:   -0.54°/s | Y:    0.26°/s | Z:   -0.26°/s
X:   -0.47°/s | Y:    0.44°/s | Z:   -0.82°/s
X:   -0.30°/s | Y:   -0.09°/s | Z:   -0.47°/s
X:   -0.19°/s | Y:   -0.02°/s | Z:   -0.09°/s
X:   -0.04°/s | Y:    0.40°/s | Z:   -0.31°/s
X:   -0.16°/s | Y:   -0.28°/s | Z:   -0.67°/s
X:    0.09°/s | Y:    0.07°/s | Z:   -0.60°/s
X:   -0.61°/s | Y:    0.31°/s | Z:   -0.19°/s
X:   -0.60°/s | Y:   -0.10°/s | Z:   -0.31°/s
X:   -0.40°/s | Y:    0.04°/s | Z:   -0.77°/s
X:   -0.31°/s | Y:    0.42°/s | Z:    0.00°/s
X:   -0.26°/s | Y:    0.42°/s | Z:   -0.25°/s
X:   -0.54°/s | Y:    0.54°/s | Z:   -0.09°/s
X:   -0.37°/s | Y:    0.28°/s | Z:   -0.54°/s
X:   -0.68°/s | Y:   -0.02°/s | Z:   -0.54°/s
X:   -0.72°/s | Y:    0.37°/s | Z:   -0.40°/s
X:   -0.70°/s | Y:    0.35°/s | Z:    0.02°/s
X:   -0.33°/s | Y:    0.31°/s | Z:   -0.21°/s
X:   -0.16°/s | Y:    0.00°/s | Z:   -0.25°/s
X:   -0.31°/s | Y:    0.02°/s | Z:   -0.16°/s
X:   -0.68°/s | Y:    0.09°/s | Z:    0.33°/s
X:   -0.21°/s | Y:    0.44°/s | Z:   -0.23°/s
X:   -0.49°/s | Y:    0.17°/s | Z:   -0.70°/s
X:   -0.16°/s | Y:    0.65°/s | Z:   -0.19°/s
X:   -0.33°/s | Y:    0.58°/s | Z:   -0.77°/s
X:   -0.33°/s | Y:    0.88°/s | Z:   -0.77°/s
X:   -0.70°/s | Y:    0.42°/s | Z:   -0.70°/s
X:   -0.56°/s | Y:    0.51°/s | Z:    0.12°/s
X:   -0.38°/s | Y:   -0.02°/s | Z:   -0.30°/s
X:   -0.42°/s | Y:    0.38°/s | Z:   -0.51°/s
X:   -0.61°/s | Y:    0.12°/s | Z:   -0.67°/s
X:   -0.23°/s | Y:    0.17°/s | Z:   -0.16°/s
X:   -0.38°/s | Y:   -0.35°/s | Z:   -0.60°/s
X:   -0.33°/s | Y:    0.28°/s | Z:   -0.42°/s
X:    0.17°/s | Y:   -0.09°/s | Z:   -1.19°/s
X:   -0.16°/s | Y:    0.17°/s | Z:   -0.33°/s
X:    0.09°/s | Y:   -0.31°/s | Z:   -0.49°/s
X:   -0.72°/s | Y:    0.31°/s | Z:   -0.25°/s
X:   -0.37°/s | Y:    0.26°/s | Z:   -0.19°/s
X:   -0.40°/s | Y:    1.03°/s | Z:   -0.16°/s
X:   -0.35°/s | Y:    0.10°/s | Z:   -0.38°/s
X:   -0.63°/s | Y:    0.91°/s | Z:   -0.31°/s
X:   -0.84°/s | Y:    0.44°/s | Z:   -0.31°/s
X:   -0.28°/s | Y:    0.54°/s | Z:   -0.19°/s
X:   -0.12°/s | Y:    0.42°/s | Z:   -0.72°/s
X:   -0.14°/s | Y:    0.51°/s | Z:   -0.65°/s
X:   -0.67°/s | Y:    0.58°/s | Z:   -0.58°/s
X:   -0.49°/s | Y:    0.07°/s | Z:   -0.31°/s
X:   -0.52°/s | Y:    0.05°/s | Z:   -0.60°/s
X:   -0.28°/s | Y:    0.60°/s | Z:   -0.70°/s
X:   -0.10°/s | Y:    0.33°/s | Z:   -0.35°/s
X:   -0.44°/s | Y:   -0.02°/s | Z:   -0.42°/s
X:   -0.14°/s | Y:    0.35°/s | Z:   -0.44°/s
X:   -0.37°/s | Y:    0.19°/s | Z:   -0.28°/s
X:   -0.33°/s | Y:    0.17°/s | Z:   -0.28°/s
X:   -0.09°/s | Y:    0.07°/s | Z:   -0.42°/s
X:   -0.44°/s | Y:    0.31°/s | Z:    0.14°/s
X:    4.39°/s | Y:    0.21°/s | Z:   -0.12°/s
X:   -0.67°/s | Y:    0.31°/s | Z:   -0.28°/s
X:   -0.52°/s | Y:    0.02°/s | Z:   -0.14°/s
X:   -0.54°/s | Y:   -4.45°/s | Z:    0.00°/s
X:   -0.37°/s | Y:    0.05°/s | Z:   -0.61°/s
X:   -0.28°/s | Y:    0.26°/s | Z:   -1.00°/s
X:   -0.23°/s | Y:    0.14°/s | Z:   -1.07°/s
X:   -0.33°/s | Y:    0.31°/s | Z:   -0.47°/s
X:   -0.49°/s | Y:    0.49°/s | Z:   -0.91°/s
X:   -0.40°/s | Y:    0.47°/s | Z:   -0.38°/s
X:   -0.68°/s | Y:    0.14°/s | Z:   -0.07°/s
X:   -0.40°/s | Y:    0.46°/s | Z:    0.17°/s
X:   -0.63°/s | Y:    0.30°/s | Z:   -0.35°/s
X:   -0.52°/s | Y:    0.70°/s | Z:   -0.94°/s
X:   -0.88°/s | Y:    0.88°/s | Z:   -0.77°/s
X:   -0.67°/s | Y:    0.44°/s | Z:   -0.49°/s
X:   -0.44°/s | Y:    0.37°/s | Z:   -0.07°/s
X:   -0.74°/s | Y:    0.56°/s | Z:   -0.42°/s
X:   -0.98°/s | Y:    0.63°/s | Z:    0.04°/s
X:   -0.58°/s | Y:    0.54°/s | Z:    0.02°/s
X:   -0.49°/s | Y:    0.09°/s | Z:   -0.56°/s
X:   -0.30°/s | Y:    0.35°/s | Z:   -0.09°/s
X:   -0.63°/s | Y:    0.28°/s | Z:   -0.35°/s
X:   -0.14°/s | Y:    4.22°/s | Z:   -0.38°/s
X:   -0.35°/s | Y:    0.30°/s | Z:   -0.42°/s
X:   -0.42°/s | Y:    0.14°/s | Z:   -0.42°/s
X:   -0.42°/s | Y:   -0.14°/s | Z:   -0.02°/s
X:   -0.31°/s | Y:    0.10°/s | Z:   -0.40°/s
X:   -0.31°/s | Y:   -0.02°/s | Z:   -0.70°/s
X:   -0.21°/s | Y:    0.14°/s | Z:   -0.37°/s
X:   -0.16°/s | Y:    0.28°/s | Z:   -0.16°/s
X:   -0.07°/s | Y:   -0.19°/s | Z:    0.00°/s
X:   -0.19°/s | Y:   -0.02°/s | Z:   -0.52°/s
X:   -0.54°/s | Y:    0.37°/s | Z:    0.05°/s
X:   -0.72°/s | Y:    0.16°/s | Z:   -0.23°/s
X:   -0.37°/s | Y:    0.54°/s | Z:   -0.54°/s
X:   -0.44°/s | Y:    0.60°/s | Z:   -0.56°/s
X:   -0.93°/s | Y:    0.67°/s | Z:   -0.68°/s
X:   -0.58°/s | Y:    0.65°/s | Z:   -1.07°/s
X:   -0.14°/s | Y:    0.54°/s | Z:   -0.54°/s
X:   -0.56°/s | Y:    0.42°/s | Z:   -0.52°/s
X:   -0.82°/s | Y:    0.74°/s | Z:   -0.17°/s
X:   -0.33°/s | Y:    0.61°/s | Z:   -0.61°/s
X:   -0.23°/s | Y:    0.04°/s | Z:   -0.81°/s
X:    0.00°/s | Y:    4.34°/s | Z:    0.46°/s
X:   -0.30°/s | Y:    0.19°/s | Z:   -0.16°/s
X:   -0.25°/s | Y:   -0.05°/s | Z:   -0.10°/s
X:   -0.14°/s | Y:   -0.12°/s | Z:   -0.23°/s
X:   -0.31°/s | Y:    0.05°/s | Z:   -0.38°/s
X:   -0.14°/s | Y:    0.19°/s | Z:   -0.30°/s
X:   -0.28°/s | Y:   -0.02°/s | Z:   -0.23°/s
X:    0.09°/s | Y:    0.31°/s | Z:   -0.25°/s
X:   -0.40°/s | Y:    0.07°/s | Z:   -0.21°/s
X:    0.05°/s | Y:    0.12°/s | Z:   -0.17°/s
X:   -0.40°/s | Y:    0.40°/s | Z:   -0.70°/s
X:   -0.05°/s | Y:    0.35°/s | Z:   -0.05°/s
X:   -0.19°/s | Y:    0.52°/s | Z:   -0.23°/s
X:   -1.19°/s | Y:    0.63°/s | Z:   -0.61°/s
X:   -0.38°/s | Y:    0.37°/s | Z:   -0.31°/s
X:   -0.60°/s | Y:    0.52°/s | Z:   -0.47°/s
X:   -0.35°/s | Y:    0.58°/s | Z:   -0.21°/s
X:   -0.19°/s | Y:    0.31°/s | Z:    0.12°/s
X:   -0.07°/s | Y:    0.46°/s | Z:   -0.75°/s
X:   -0.61°/s | Y:    0.42°/s | Z:    0.02°/s
X:   -0.37°/s | Y:    0.35°/s | Z:   -0.51°/s
X:   -0.38°/s | Y:    0.00°/s | Z:   -0.09°/s

📊 Interrupt Stats (every 1000 loops / ~2.5s):
  Avg Cycles/Loop: 180000
  Loop Time: 2500.000μs
  Anomalies: 37
  CPU Usage: ~100.0%
──────────────────────────────────────
X:   -0.04°/s | Y:    0.21°/s | Z:   -0.26°/s
X:   -0.09°/s | Y:    0.10°/s | Z:   -0.42°/s
X:   -0.19°/s | Y:    0.42°/s | Z:   -0.60°/s
X:   -0.31°/s | Y:   -0.07°/s | Z:   -0.07°/s
X:   -0.46°/s | Y:   -0.26°/s | Z:   -0.07°/s
X:    0.04°/s | Y:   -0.37°/s | Z:   -0.51°/s
X:   -0.40°/s | Y:   -0.16°/s | Z:   -1.09°/s
X:   -0.16°/s | Y:    0.05°/s | Z:   -0.30°/s
X:   -0.33°/s | Y:   -0.05°/s | Z:   -0.17°/s
X:   -0.70°/s | Y:    0.05°/s | Z:   -0.63°/s
X:   -0.67°/s | Y:    0.07°/s | Z:   -0.51°/s
X:   -0.51°/s | Y:    0.42°/s | Z:   -0.86°/s
X:   -0.77°/s | Y:    0.04°/s | Z:   -0.58°/s
X:   -0.70°/s | Y:    0.16°/s | Z:   -0.63°/s
X:   -0.70°/s | Y:    0.42°/s | Z:   -0.23°/s
X:   -0.23°/s | Y:    0.44°/s | Z:   -0.67°/s
X:   -0.31°/s | Y:    0.31°/s | Z:   -0.25°/s
X:   -0.28°/s | Y:    0.46°/s | Z:   -0.77°/s
X:   -0.17°/s | Y:    0.68°/s | Z:   -0.38°/s
X:   -0.42°/s | Y:    0.00°/s | Z:   -0.88°/s
X:   -0.68°/s | Y:    0.21°/s | Z:   -0.42°/s
X:   -0.14°/s | Y:    0.33°/s | Z:   -4.38°/s
X:   -0.47°/s | Y:    0.09°/s | Z:    4.08°/s
X:   -0.04°/s | Y:    0.35°/s | Z:   -0.25°/s
X:   -0.52°/s | Y:    0.16°/s | Z:    0.00°/s
X:   -0.38°/s | Y:   -0.02°/s | Z:   -0.77°/s
X:   -0.31°/s | Y:    0.12°/s | Z:   -0.35°/s
X:   -0.21°/s | Y:   -0.25°/s | Z:   -0.44°/s
X:   -0.04°/s | Y:   -0.28°/s | Z:   -0.17°/s
X:   -0.54°/s | Y:    0.07°/s | Z:   -0.54°/s
X:   -0.46°/s | Y:    0.07°/s | Z:   -0.70°/s
X:   -0.21°/s | Y:    0.12°/s | Z:   -0.63°/s
X:   -0.07°/s | Y:    0.10°/s | Z:   -0.30°/s
X:   -0.17°/s | Y:    0.19°/s | Z:   -0.28°/s
X:   -0.49°/s | Y:   -0.17°/s | Z:   -0.31°/s
X:   -0.46°/s | Y:    0.31°/s | Z:   -0.38°/s
X:   -0.19°/s | Y:    0.26°/s | Z:   -0.23°/s
X:   -0.02°/s | Y:    0.63°/s | Z:   -0.88°/s
X:   -0.56°/s | Y:    0.09°/s | Z:   -0.84°/s
X:   -0.44°/s | Y:    0.07°/s | Z:   -0.47°/s
X:   -0.74°/s | Y:    0.89°/s | Z:   -0.42°/s
X:   -0.30°/s | Y:    0.67°/s | Z:   -0.70°/s
X:   -0.81°/s | Y:    0.33°/s | Z:   -0.54°/s
X:   -0.79°/s | Y:    0.38°/s | Z:   -0.67°/s
X:   -0.47°/s | Y:    0.33°/s | Z:   -0.12°/s
X:   -0.44°/s | Y:    0.72°/s | Z:   -0.82°/s
X:   -0.51°/s | Y:    0.42°/s | Z:   -0.77°/s
X:   -0.35°/s | Y:    0.31°/s | Z:    0.05°/s
X:   -0.37°/s | Y:    0.37°/s | Z:   -0.79°/s
X:   -0.49°/s | Y:    0.00°/s | Z:   -0.30°/s
X:   -0.31°/s | Y:    0.09°/s | Z:   -0.16°/s
X:   -0.19°/s | Y:    0.49°/s | Z:   -0.47°/s
X:    0.07°/s | Y:   -0.16°/s | Z:   -0.54°/s
X:    0.00°/s | Y:    0.19°/s | Z:   -0.72°/s
X:   -0.81°/s | Y:    0.14°/s | Z:   -0.42°/s
X:   -0.31°/s | Y:    0.19°/s | Z:   -0.60°/s
X:   -0.52°/s | Y:    0.38°/s | Z:   -0.44°/s
X:   -0.42°/s | Y:   -0.17°/s | Z:   -0.23°/s
X:   -0.47°/s | Y:   -0.31°/s | Z:   -0.60°/s
X:   -0.52°/s | Y:    0.52°/s | Z:   -0.49°/s
X:   -0.26°/s | Y:    0.52°/s | Z:   -0.14°/s
X:   -0.61°/s | Y:    0.63°/s | Z:   -0.91°/s
X:   -0.51°/s | Y:    0.44°/s | Z:   -0.30°/s
X:   -0.35°/s | Y:    0.09°/s | Z:   -0.49°/s
X:   -0.82°/s | Y:    0.35°/s | Z:   -0.51°/s
X:   -0.86°/s | Y:    0.68°/s | Z:   -0.38°/s
X:   -0.33°/s | Y:    0.51°/s | Z:   -0.61°/s
X:   -0.10°/s | Y:    0.56°/s | Z:   -0.30°/s
X:   -0.09°/s | Y:    0.35°/s | Z:   -0.54°/s
X:   -0.38°/s | Y:    0.54°/s | Z:   -0.58°/s
X:   -0.67°/s | Y:    0.47°/s | Z:   -0.77°/s
X:   -0.30°/s | Y:    0.35°/s | Z:    0.04°/s
X:   -0.56°/s | Y:    0.35°/s | Z:   -0.72°/s
X:   -0.61°/s | Y:    0.35°/s | Z:   -0.40°/s
X:   -0.37°/s | Y:    0.05°/s | Z:   -0.54°/s
X:   -0.23°/s | Y:    0.23°/s | Z:   -0.46°/s
X:   -0.67°/s | Y:    0.51°/s | Z:   -0.54°/s
X:   -0.10°/s | Y:   -0.14°/s | Z:   -0.46°/s
X:    3.99°/s | Y:    0.05°/s | Z:   -0.49°/s
X:   -0.16°/s | Y:    0.04°/s | Z:   -0.31°/s
X:   -0.49°/s | Y:    0.12°/s | Z:   -0.33°/s
X:   -0.40°/s | Y:    0.14°/s | Z:   -0.75°/s
X:   -0.07°/s | Y:    0.51°/s | Z:   -0.38°/s
X:   -0.60°/s | Y:    0.12°/s | Z:    3.85°/s
X:   -0.47°/s | Y:    0.89°/s | Z:   -0.72°/s
X:   -0.58°/s | Y:    0.60°/s | Z:   -0.23°/s
X:   -0.84°/s | Y:    0.52°/s | Z:   -0.54°/s
X:   -0.58°/s | Y:    0.38°/s | Z:   -0.70°/s
X:   -0.49°/s | Y:    0.42°/s | Z:   -0.44°/s
X:   -0.21°/s | Y:    0.74°/s | Z:   -1.19°/s
X:   -0.93°/s | Y:    0.82°/s | Z:   -0.56°/s
X:   -0.89°/s | Y:    0.70°/s | Z:   -0.86°/s
X:   -0.28°/s | Y:    0.65°/s | Z:   -0.72°/s
X:   -0.17°/s | Y:    0.26°/s | Z:   -0.17°/s
X:   -0.61°/s | Y:    0.21°/s | Z:   -1.03°/s
X:   -0.40°/s | Y:    0.52°/s | Z:   -0.09°/s
X:   -0.42°/s | Y:    0.23°/s | Z:   -0.46°/s
X:   -0.02°/s | Y:    0.25°/s | Z:   -0.25°/s
X:    0.26°/s | Y:    0.56°/s | Z:   -0.16°/s
X:   -0.47°/s | Y:    0.10°/s | Z:   -0.21°/s
X:    0.02°/s | Y:   -0.21°/s | Z:   -0.25°/s
X:   -0.25°/s | Y:    0.26°/s | Z:   -0.31°/s
X:   -0.25°/s | Y:    0.02°/s | Z:   -0.19°/s
X:   -0.42°/s | Y:    0.07°/s | Z:   -0.46°/s
X:   -0.49°/s | Y:    0.52°/s | Z:   -0.23°/s
X:   -0.19°/s | Y:    0.16°/s | Z:   -0.81°/s
X:   -0.38°/s | Y:    0.61°/s | Z:   -0.61°/s
X:   -0.30°/s | Y:    0.67°/s | Z:   -0.74°/s
X:   -0.56°/s | Y:    0.31°/s | Z:   -0.51°/s
X:   -0.54°/s | Y:    0.31°/s | Z:   -0.51°/s
X:   -0.38°/s | Y:    0.56°/s | Z:   -0.42°/s
X:   -0.88°/s | Y:    0.37°/s | Z:   -0.33°/s
X:   -0.44°/s | Y:    0.56°/s | Z:   -0.38°/s
X:   -0.54°/s | Y:    0.70°/s | Z:   -0.17°/s
X:   -0.40°/s | Y:    0.30°/s | Z:   -0.33°/s
X:   -0.26°/s | Y:    0.12°/s | Z:   -0.60°/s
X:   -0.51°/s | Y:   -0.16°/s | Z:   -0.26°/s
X:   -0.28°/s | Y:    0.30°/s | Z:   -0.17°/s
X:    0.16°/s | Y:    0.02°/s | Z:   -0.26°/s
X:   -0.02°/s | Y:   -0.10°/s | Z:   -0.47°/s
X:    0.10°/s | Y:    0.19°/s | Z:   -0.47°/s
X:   -0.47°/s | Y:    0.52°/s | Z:   -0.40°/s
X:   -0.14°/s | Y:    0.49°/s | Z:   -0.35°/s
X:   -0.31°/s | Y:    0.46°/s | Z:    0.12°/s
X:   -0.94°/s | Y:    0.70°/s | Z:   -0.58°/s
X:   -0.70°/s | Y:    0.65°/s | Z:   -0.46°/s
X:   -0.60°/s | Y:    0.35°/s | Z:   -0.28°/s
X:   -0.19°/s | Y:    0.54°/s | Z:   -1.03°/s
X:   -0.54°/s | Y:    0.63°/s | Z:   -0.40°/s
X:   -0.37°/s | Y:    0.07°/s | Z:   -0.75°/s
X:   -0.68°/s | Y:    0.38°/s | Z:   -0.91°/s
X:   -0.35°/s | Y:    0.54°/s | Z:   -0.74°/s
X:   -0.25°/s | Y:   -0.31°/s | Z:   -0.21°/s
X:   -0.56°/s | Y:    0.16°/s | Z:    0.05°/s
X:   -0.38°/s | Y:   -0.07°/s | Z:   -0.61°/s
X:   -0.10°/s | Y:   -0.47°/s | Z:   -0.60°/s
X:   -0.33°/s | Y:    0.23°/s | Z:   -0.79°/s
X:   -0.10°/s | Y:   -0.19°/s | Z:   -0.16°/s
X:   -0.37°/s | Y:    0.10°/s | Z:   -0.68°/s
X:   -0.19°/s | Y:    0.10°/s | Z:   -0.44°/s
X:   -0.40°/s | Y:    0.21°/s | Z:   -0.51°/s
X:   -0.94°/s | Y:   -0.07°/s | Z:   -0.72°/s
X:   -0.81°/s | Y:    0.33°/s | Z:   -0.49°/s
X:   -0.28°/s | Y:    0.56°/s | Z:   -0.65°/s
X:   -0.70°/s | Y:    0.40°/s | Z:   -0.67°/s
X:   -0.54°/s | Y:    0.30°/s | Z:   -0.96°/s
X:   -0.14°/s | Y:    0.25°/s | Z:   -0.40°/s
X:   -0.37°/s | Y:    0.28°/s | Z:   -0.46°/s
X:   -0.54°/s | Y:   -0.21°/s | Z:   -0.63°/s
X:   -0.51°/s | Y:    0.05°/s | Z:   -0.40°/s
X:    0.17°/s | Y:    0.02°/s | Z:   -0.14°/s
X:   -0.23°/s | Y:   -0.05°/s | Z:   -0.16°/s
X:    0.10°/s | Y:   -0.02°/s | Z:    0.05°/s
X:   -0.14°/s | Y:    0.10°/s | Z:   -0.26°/s
X:   -0.42°/s | Y:    0.19°/s | Z:   -0.72°/s
X:   -0.30°/s | Y:    0.56°/s | Z:   -1.19°/s
X:   -0.52°/s | Y:    0.37°/s | Z:   -0.19°/s
X:   -0.67°/s | Y:    0.09°/s | Z:   -0.60°/s
X:   -0.35°/s | Y:    0.47°/s | Z:   -0.82°/s
X:   -0.33°/s | Y:    0.58°/s | Z:   -0.47°/s
X:   -0.23°/s | Y:    0.44°/s | Z:    0.26°/s
X:   -0.25°/s | Y:    0.35°/s | Z:   -0.54°/s
X:   -0.02°/s | Y:    0.46°/s | Z:   -0.77°/s
X:   -0.02°/s | Y:    4.45°/s | Z:   -0.17°/s
X:   -0.38°/s | Y:    0.37°/s | Z:   -0.42°/s
X:    0.19°/s | Y:    0.10°/s | Z:   -0.82°/s
X:    0.10°/s | Y:   -0.16°/s | Z:   -0.68°/s
X:   -0.16°/s | Y:    0.42°/s | Z:   -0.79°/s
X:   -0.28°/s | Y:    0.54°/s | Z:    0.19°/s
X:   -0.46°/s | Y:    0.31°/s | Z:   -0.96°/s
X:   -0.25°/s | Y:    0.35°/s | Z:   -0.21°/s
X:   -0.38°/s | Y:    0.31°/s | Z:   -0.72°/s
X:   -0.74°/s | Y:    0.28°/s | Z:   -0.74°/s
X:   -0.86°/s | Y:    0.65°/s | Z:   -0.14°/s
X:   -0.60°/s | Y:    0.40°/s | Z:   -0.38°/s
X:   -0.17°/s | Y:    0.33°/s | Z:   -0.60°/s
X:   -0.37°/s | Y:   -0.02°/s | Z:   -0.94°/s
X:   -0.77°/s | Y:    0.42°/s | Z:   -0.33°/s
X:   -0.25°/s | Y:    0.17°/s | Z:   -0.60°/s
X:   -0.25°/s | Y:    0.38°/s | Z:   -0.16°/s
X:   -0.38°/s | Y:    0.05°/s | Z:   -0.47°/s
X:   -0.02°/s | Y:    0.42°/s | Z:   -0.05°/s
X:   -0.35°/s | Y:    0.46°/s | Z:   -0.93°/s
X:   -0.46°/s | Y:    0.05°/s | Z:   -0.02°/s
X:   -0.52°/s | Y:    0.44°/s | Z:   -0.54°/s
X:   -0.68°/s | Y:    0.33°/s | Z:   -0.58°/s
X:   -0.60°/s | Y:    0.67°/s | Z:   -0.49°/s
X:   -0.68°/s | Y:    0.65°/s | Z:   -0.42°/s
X:   -1.03°/s | Y:    0.74°/s | Z:   -0.17°/s
X:   -0.14°/s | Y:    0.63°/s | Z:   -0.58°/s
X:   -0.54°/s | Y:    0.31°/s | Z:   -0.28°/s
X:   -0.42°/s | Y:    0.33°/s | Z:   -0.21°/s
X:   -0.28°/s | Y:    0.56°/s | Z:    0.23°/s
X:   -0.38°/s | Y:    0.31°/s | Z:   -0.42°/s
X:   -0.47°/s | Y:    0.54°/s | Z:   -0.60°/s
X:   -0.05°/s | Y:    0.14°/s | Z:   -0.28°/s
X:   -0.79°/s | Y:    0.12°/s | Z:   -0.75°/s
X:   -0.40°/s | Y:    0.38°/s | Z:   -0.10°/s
X:    0.26°/s | Y:    0.10°/s | Z:   -0.49°/s
X:   -0.17°/s | Y:   -0.21°/s | Z:   -0.04°/s
X:   -0.70°/s | Y:    0.07°/s | Z:   -0.42°/s
X:   -0.75°/s | Y:    0.37°/s | Z:   -0.33°/s
X:   -0.25°/s | Y:    0.23°/s | Z:   -0.63°/s
X:   -0.58°/s | Y:    0.56°/s | Z:   -0.44°/s
X:   -0.88°/s | Y:    0.67°/s | Z:   -0.86°/s
X:   -0.44°/s | Y:    0.54°/s | Z:   -0.40°/s
X:   -0.61°/s | Y:    0.74°/s | Z:   -0.52°/s
X:   -0.46°/s | Y:    0.65°/s | Z:   -0.30°/s
X:   -0.28°/s | Y:    0.28°/s | Z:   -0.12°/s
X:   -0.40°/s | Y:    0.00°/s | Z:   -0.91°/s
X:   -0.37°/s | Y:    0.07°/s | Z:   -0.28°/s
X:   -0.14°/s | Y:    0.28°/s | Z:   -0.30°/s
X:    0.28°/s | Y:   -0.05°/s | Z:   -0.21°/s
X:   -0.21°/s | Y:    0.07°/s | Z:   -0.33°/s
X:   -0.26°/s | Y:   -0.25°/s | Z:   -0.10°/s
X:   -0.21°/s | Y:   -0.17°/s | Z:   -0.82°/s
X:    0.17°/s | Y:    0.10°/s | Z:   -0.91°/s
X:   -0.28°/s | Y:    0.05°/s | Z:    0.16°/s
X:   -0.30°/s | Y:    0.28°/s | Z:   -0.58°/s
X:   -0.56°/s | Y:    0.52°/s | Z:   -0.49°/s
X:   -0.44°/s | Y:    0.67°/s | Z:   -0.37°/s
X:   -0.72°/s | Y:    0.31°/s | Z:   -0.44°/s
X:   -0.44°/s | Y:    0.51°/s | Z:   -0.68°/s
X:   -0.47°/s | Y:    0.07°/s | Z:   -0.12°/s
X:   -0.25°/s | Y:    0.09°/s | Z:   -0.56°/s
X:   -0.19°/s | Y:    0.25°/s | Z:   -0.25°/s
X:   -0.44°/s | Y:    0.14°/s | Z:   -0.14°/s
X:    0.23°/s | Y:   -0.05°/s | Z:   -0.17°/s
X:    0.04°/s | Y:    0.09°/s | Z:   -0.17°/s
X:   -0.42°/s | Y:    0.04°/s | Z:   -0.19°/s
X:   -0.42°/s | Y:    0.35°/s | Z:   -0.51°/s
X:   -0.10°/s | Y:    0.02°/s | Z:   -0.04°/s
X:   -0.58°/s | Y:    0.54°/s | Z:   -0.91°/s
X:   -0.17°/s | Y:    0.79°/s | Z:   -0.77°/s
X:   -0.74°/s | Y:    0.28°/s | Z:    0.00°/s
X:   -0.63°/s | Y:    0.38°/s | Z:   -0.82°/s
X:   -0.70°/s | Y:    0.72°/s | Z:   -0.89°/s
X:   -0.61°/s | Y:    0.35°/s | Z:    0.05°/s
X:   -1.00°/s | Y:    0.35°/s | Z:   -0.61°/s
X:   -0.04°/s | Y:    0.54°/s | Z:   -0.30°/s
X:   -0.12°/s | Y:    0.61°/s | Z:   -0.35°/s
X:   -0.31°/s | Y:    0.52°/s | Z:   -0.37°/s
X:   -0.30°/s | Y:    0.30°/s | Z:   -0.37°/s
X:   -0.19°/s | Y:   -0.05°/s | Z:   -0.23°/s
X:   -0.07°/s | Y:    0.14°/s | Z:   -0.19°/s
X:   -0.07°/s | Y:   -0.02°/s | Z:   -0.93°/s
X:    0.33°/s | Y:    0.17°/s | Z:   -0.21°/s
X:   -0.31°/s | Y:    0.21°/s | Z:   -0.94°/s
X:   -0.09°/s | Y:    0.68°/s | Z:   -0.52°/s
X:   -0.54°/s | Y:    0.74°/s | Z:   -0.33°/s

📊 Interrupt Stats (every 1000 loops / ~2.5s):
  Avg Cycles/Loop: 180000
  Loop Time: 2500.000μs
  Anomalies: 37
  CPU Usage: ~100.0%
──────────────────────────────────────
X:   -0.14°/s | Y:    0.40°/s | Z:   -0.19°/s
X:   -0.12°/s | Y:    0.88°/s | Z:   -1.03°/s
X:   -0.40°/s | Y:    0.49°/s | Z:   -0.94°/s
X:   -0.67°/s | Y:    0.68°/s | Z:   -0.98°/s
X:   -0.54°/s | Y:    0.67°/s | Z:   -0.74°/s
X:   -0.19°/s | Y:    0.35°/s | Z:   -0.52°/s
X:   -0.25°/s | Y:    0.21°/s | Z:   -0.98°/s
X:   -0.37°/s | Y:    0.56°/s | Z:   -0.30°/s
X:   -0.04°/s | Y:   -0.02°/s | Z:    0.04°/s
X:   -0.14°/s | Y:    0.07°/s | Z:   -0.49°/s
X:   -0.49°/s | Y:   -0.10°/s | Z:   -0.65°/s
X:   -0.47°/s | Y:    0.10°/s | Z:   -0.56°/s
X:   -0.67°/s | Y:    0.52°/s | Z:   -0.61°/s
X:   -0.79°/s | Y:    0.33°/s | Z:   -0.51°/s
X:   -0.28°/s | Y:    1.00°/s | Z:   -0.46°/s
X:   -0.37°/s | Y:    0.17°/s | Z:   -0.63°/s
X:   -0.67°/s | Y:    0.12°/s | Z:   -0.37°/s
X:   -0.44°/s | Y:    0.02°/s | Z:   -0.05°/s
X:   -0.21°/s | Y:    0.12°/s | Z:   -0.25°/s
X:   -0.28°/s | Y:   -0.21°/s | Z:   -0.40°/s
X:   -0.42°/s | Y:   -0.07°/s | Z:   -0.28°/s
X:    0.02°/s | Y:    0.10°/s | Z:   -0.16°/s
X:   -0.56°/s | Y:   -0.02°/s | Z:   -0.79°/s
X:   -0.02°/s | Y:   -0.10°/s | Z:   -0.38°/s
X:   -1.03°/s | Y:    0.09°/s | Z:   -0.16°/s
X:   -0.25°/s | Y:    0.68°/s | Z:   -0.81°/s
X:   -0.40°/s | Y:    0.21°/s | Z:   -0.09°/s
X:   -0.61°/s | Y:    0.74°/s | Z:   -0.81°/s
X:   -0.91°/s | Y:    0.75°/s | Z:   -0.42°/s
X:   -0.51°/s | Y:    0.54°/s | Z:   -0.21°/s
X:   -0.61°/s | Y:    0.04°/s | Z:   -1.03°/s
X:   -0.35°/s | Y:    0.19°/s | Z:   -0.35°/s
X:   -0.30°/s | Y:    0.68°/s | Z:   -0.51°/s
X:   -0.17°/s | Y:    0.12°/s | Z:   -0.16°/s
X:    0.12°/s | Y:    0.04°/s | Z:   -0.77°/s
X:    0.23°/s | Y:    0.19°/s | Z:   -0.33°/s
X:   -0.35°/s | Y:   -0.10°/s | Z:   -0.47°/s
X:    0.14°/s | Y:    0.30°/s | Z:   -0.47°/s
X:   -0.38°/s | Y:    0.35°/s | Z:   -0.70°/s
X:   -0.52°/s | Y:    0.52°/s | Z:   -0.52°/s
X:   -0.26°/s | Y:    0.51°/s | Z:   -0.60°/s
X:   -0.82°/s | Y:    0.30°/s | Z:    0.31°/s
X:   -0.56°/s | Y:    0.77°/s | Z:    0.04°/s
X:   -0.54°/s | Y:    0.42°/s | Z:   -0.98°/s
X:   -0.33°/s | Y:    0.77°/s | Z:   -0.72°/s
X:   -0.63°/s | Y:    0.52°/s | Z:    0.09°/s
X:   -0.47°/s | Y:    0.26°/s | Z:   -0.38°/s
X:   -0.14°/s | Y:    0.35°/s | Z:   -0.51°/s
X:    0.02°/s | Y:    0.05°/s | Z:   -0.77°/s
X:    0.17°/s | Y:    0.12°/s | Z:   -0.09°/s
X:   -0.74°/s | Y:   -0.33°/s | Z:   -0.47°/s
X:   -0.14°/s | Y:    0.17°/s | Z:   -0.47°/s
X:    0.17°/s | Y:    0.04°/s | Z:   -0.38°/s
X:   -0.61°/s | Y:    0.21°/s | Z:   -0.23°/s
X:   -0.42°/s | Y:   -0.16°/s | Z:   -0.10°/s
X:   -0.70°/s | Y:    0.49°/s | Z:   -0.72°/s
X:   -0.38°/s | Y:    0.58°/s | Z:   -0.70°/s
X:   -0.47°/s | Y:    0.61°/s | Z:   -0.31°/s
X:   -0.51°/s | Y:    0.81°/s | Z:   -0.63°/s
X:   -0.31°/s | Y:    0.44°/s | Z:   -0.28°/s
X:   -0.44°/s | Y:    0.79°/s | Z:   -0.54°/s
X:   -0.17°/s | Y:    0.74°/s | Z:   -0.23°/s
X:   -0.21°/s | Y:    0.60°/s | Z:   -0.31°/s
X:   -0.33°/s | Y:    0.40°/s | Z:   -0.94°/s
X:   -0.49°/s | Y:    0.25°/s | Z:   -0.68°/s
X:   -0.51°/s | Y:    0.10°/s | Z:   -0.42°/s
X:   -0.14°/s | Y:    0.17°/s | Z:   -0.47°/s
X:   -0.46°/s | Y:    0.31°/s | Z:   -0.19°/s
X:   -0.17°/s | Y:    0.38°/s | Z:   -0.05°/s
X:   -0.31°/s | Y:    0.05°/s | Z:   -0.23°/s
X:    0.00°/s | Y:    0.31°/s | Z:   -0.12°/s
X:   -0.35°/s | Y:    0.00°/s | Z:   -0.82°/s
X:   -0.10°/s | Y:    0.10°/s | Z:   -0.61°/s
X:   -0.12°/s | Y:   -0.16°/s | Z:   -0.49°/s
X:   -0.56°/s | Y:    0.54°/s | Z:    0.21°/s
X:   -0.49°/s | Y:    0.25°/s | Z:   -0.75°/s
X:   -0.33°/s | Y:    0.72°/s | Z:   -1.01°/s
X:   -0.38°/s | Y:    0.65°/s | Z:   -0.26°/s
X:   -0.26°/s | Y:    0.68°/s | Z:   -0.33°/s
X:   -0.33°/s | Y:    0.38°/s | Z:   -0.14°/s
X:   -0.51°/s | Y:    0.37°/s | Z:   -0.40°/s
X:   -0.38°/s | Y:    0.16°/s | Z:   -0.17°/s
X:   -0.33°/s | Y:    0.14°/s | Z:   -0.68°/s
X:    0.00°/s | Y:    0.31°/s | Z:   -0.21°/s
X:   -0.10°/s | Y:   -0.16°/s | Z:   -0.70°/s
X:    0.02°/s | Y:    0.14°/s | Z:   -0.28°/s
X:   -0.42°/s | Y:    0.12°/s | Z:   -0.70°/s
X:   -0.70°/s | Y:    0.28°/s | Z:   -0.10°/s
X:   -0.33°/s | Y:    0.51°/s | Z:   -0.63°/s
X:   -0.65°/s | Y:    0.35°/s | Z:   -0.65°/s
X:   -0.79°/s | Y:    0.44°/s | Z:   -0.54°/s
X:   -0.33°/s | Y:    0.26°/s | Z:   -0.72°/s
X:   -0.30°/s | Y:    0.38°/s | Z:   -0.94°/s
X:   -0.67°/s | Y:    0.09°/s | Z:   -0.09°/s
X:   -0.75°/s | Y:   -0.17°/s | Z:   -0.16°/s
X:    4.36°/s | Y:    0.30°/s | Z:   -0.40°/s
X:   -0.10°/s | Y:    0.31°/s | Z:   -0.47°/s
X:    0.37°/s | Y:   -4.25°/s | Z:   -0.35°/s
X:   -0.54°/s | Y:    0.12°/s | Z:   -0.04°/s
X:   -0.60°/s | Y:    0.30°/s | Z:   -0.70°/s
X:   -0.16°/s | Y:    0.77°/s | Z:   -1.15°/s
X:   -0.46°/s | Y:    0.61°/s | Z:   -0.30°/s
X:   -0.79°/s | Y:    0.84°/s | Z:    0.05°/s
X:   -0.42°/s | Y:    0.40°/s | Z:   -0.75°/s
X:   -0.58°/s | Y:    0.54°/s | Z:   -0.21°/s
X:   -0.75°/s | Y:    0.74°/s | Z:   -0.81°/s
X:   -0.56°/s | Y:    0.49°/s | Z:   -0.98°/s
X:   -0.49°/s | Y:    0.17°/s | Z:   -0.70°/s
X:   -0.10°/s | Y:   -0.17°/s | Z:   -0.54°/s
X:   -0.44°/s | Y:    0.23°/s | Z:   -0.04°/s
X:   -0.25°/s | Y:    0.23°/s | Z:   -0.30°/s
X:   -0.51°/s | Y:    0.05°/s | Z:   -0.93°/s
X:   -0.28°/s | Y:    0.07°/s | Z:   -0.51°/s
X:   -0.65°/s | Y:    0.19°/s | Z:   -0.63°/s
X:   -0.30°/s | Y:   -0.16°/s | Z:   -0.42°/s
X:   -0.33°/s | Y:    0.38°/s | Z:   -0.63°/s
X:   -0.28°/s | Y:    0.09°/s | Z:   -0.93°/s
X:   -0.72°/s | Y:    0.52°/s | Z:   -0.17°/s
X:   -0.19°/s | Y:    0.12°/s | Z:   -0.30°/s
X:   -0.44°/s | Y:    1.00°/s | Z:   -0.75°/s
X:   -0.63°/s | Y:    0.56°/s | Z:   -0.28°/s
X:   -0.49°/s | Y:    0.07°/s | Z:   -0.79°/s
X:   -0.60°/s | Y:    0.31°/s | Z:   -0.68°/s
X:   -0.25°/s | Y:    0.12°/s | Z:   -0.30°/s
X:   -0.40°/s | Y:   -0.14°/s | Z:   -0.30°/s
X:   -0.33°/s | Y:    0.16°/s | Z:   -0.35°/s
X:    0.19°/s | Y:   -0.12°/s | Z:   -0.70°/s
X:   -0.49°/s | Y:    0.17°/s | Z:   -0.60°/s
X:   -0.09°/s | Y:    0.26°/s | Z:   -1.05°/s
X:   -0.23°/s | Y:    0.54°/s | Z:   -0.82°/s
X:   -0.68°/s | Y:    0.09°/s | Z:    0.17°/s
X:   -0.51°/s | Y:    0.21°/s | Z:   -0.91°/s
X:   -0.30°/s | Y:    0.21°/s | Z:   -0.49°/s
X:   -0.33°/s | Y:    0.65°/s | Z:   -0.19°/s
X:   -0.74°/s | Y:    0.56°/s | Z:   -0.21°/s
X:   -0.28°/s | Y:    0.77°/s | Z:   -0.72°/s
X:   -0.61°/s | Y:    0.86°/s | Z:   -0.58°/s
X:   -0.30°/s | Y:    0.38°/s | Z:   -0.70°/s
X:   -0.28°/s | Y:    0.14°/s | Z:    0.04°/s
X:   -0.25°/s | Y:    0.09°/s | Z:   -4.32°/s
X:   -0.31°/s | Y:    0.38°/s | Z:   -0.70°/s
X:   -0.07°/s | Y:   -0.46°/s | Z:    0.04°/s
X:    0.07°/s | Y:    0.61°/s | Z:   -0.49°/s
X:   -0.16°/s | Y:    0.17°/s | Z:   -0.38°/s
X:    0.25°/s | Y:    0.21°/s | Z:   -0.88°/s
X:   -0.10°/s | Y:    0.21°/s | Z:   -0.42°/s
X:   -0.17°/s | Y:    0.16°/s | Z:    0.00°/s
X:   -0.54°/s | Y:    0.40°/s | Z:   -0.65°/s
X:   -0.16°/s | Y:    0.07°/s | Z:   -0.67°/s
X:   -0.67°/s | Y:    0.60°/s | Z:   -0.47°/s
X:   -0.17°/s | Y:    0.61°/s | Z:   -1.28°/s
X:   -0.56°/s | Y:    0.31°/s | Z:   -0.63°/s
X:   -0.60°/s | Y:    0.28°/s | Z:   -0.42°/s
X:   -0.63°/s | Y:    0.37°/s | Z:   -0.07°/s
X:   -0.63°/s | Y:    0.81°/s | Z:   -0.96°/s
X:   -0.30°/s | Y:    0.63°/s | Z:   -0.82°/s
X:   -0.49°/s | Y:    0.40°/s | Z:   -0.49°/s
X:   -0.74°/s | Y:    0.23°/s | Z:   -0.31°/s
X:   -0.42°/s | Y:    0.09°/s | Z:   -0.23°/s
X:   -0.12°/s | Y:   -0.14°/s | Z:   -0.19°/s
X:   -0.33°/s | Y:   -0.10°/s | Z:   -0.46°/s
X:   -0.09°/s | Y:    0.00°/s | Z:    0.38°/s
X:   -0.61°/s | Y:    0.10°/s | Z:   -0.40°/s
X:    0.14°/s | Y:    0.28°/s | Z:   -0.35°/s
X:   -0.14°/s | Y:   -0.12°/s | Z:   -0.67°/s
X:   -0.23°/s | Y:    0.05°/s | Z:   -0.74°/s
X:   -0.09°/s | Y:    0.40°/s | Z:   -0.70°/s
X:   -0.51°/s | Y:    0.19°/s | Z:   -0.58°/s
X:   -0.31°/s | Y:    0.38°/s | Z:   -1.14°/s
X:   -0.60°/s | Y:    0.40°/s | Z:   -0.82°/s
X:   -0.51°/s | Y:    0.79°/s | Z:   -0.26°/s
X:   -0.56°/s | Y:    0.63°/s | Z:   -0.51°/s
X:   -0.44°/s | Y:    0.46°/s | Z:   -0.65°/s
X:   -0.56°/s | Y:    0.40°/s | Z:   -0.86°/s
X:   -0.72°/s | Y:    0.19°/s | Z:    0.25°/s
X:   -0.31°/s | Y:    0.37°/s | Z:   -0.07°/s
X:   -0.26°/s | Y:    0.19°/s | Z:   -0.81°/s
X:   -0.33°/s | Y:    0.05°/s | Z:   -0.91°/s
X:   -0.25°/s | Y:    0.31°/s | Z:   -0.23°/s
X:   -0.60°/s | Y:    0.10°/s | Z:   -0.63°/s
X:   -0.37°/s | Y:    0.04°/s | Z:    0.26°/s
X:   -0.28°/s | Y:    0.23°/s | Z:   -0.49°/s
X:   -0.31°/s | Y:    0.07°/s | Z:   -0.75°/s
X:   -0.25°/s | Y:    0.35°/s | Z:   -0.46°/s
X:   -0.60°/s | Y:    0.25°/s | Z:   -0.89°/s
X:   -0.58°/s | Y:    0.52°/s | Z:   -0.91°/s
X:   -0.02°/s | Y:    0.52°/s | Z:   -0.54°/s
X:   -0.52°/s | Y:    0.54°/s | Z:   -0.09°/s
X:   -0.72°/s | Y:    0.10°/s | Z:   -0.23°/s
X:   -0.31°/s | Y:    0.28°/s | Z:   -0.70°/s
X:   -0.46°/s | Y:    0.07°/s | Z:   -0.33°/s
X:   -0.04°/s | Y:    0.09°/s | Z:   -0.61°/s
X:   -0.49°/s | Y:    0.05°/s | Z:    0.00°/s
X:   -0.56°/s | Y:    0.44°/s | Z:   -0.17°/s
X:   -0.38°/s | Y:   -0.21°/s | Z:    0.19°/s
X:   -0.17°/s | Y:    0.35°/s | Z:   -0.05°/s
X:   -0.26°/s | Y:    4.46°/s | Z:   -0.67°/s
X:   -0.31°/s | Y:    0.16°/s | Z:   -0.31°/s
X:    0.12°/s | Y:   -0.10°/s | Z:   -0.94°/s
X:   -0.31°/s | Y:    0.12°/s | Z:   -0.38°/s
X:   -0.21°/s | Y:    0.30°/s | Z:   -0.49°/s
X:   -0.37°/s | Y:    0.40°/s | Z:   -0.42°/s
X:   -0.30°/s | Y:    0.61°/s | Z:   -0.40°/s
X:   -0.38°/s | Y:    0.31°/s | Z:   -0.74°/s
X:   -0.35°/s | Y:    0.56°/s | Z:   -0.38°/s
X:   -0.52°/s | Y:    0.75°/s | Z:   -0.35°/s
X:   -0.04°/s | Y:    0.86°/s | Z:   -0.31°/s
X:   -0.28°/s | Y:    0.74°/s | Z:   -0.31°/s
X:   -0.35°/s | Y:    0.49°/s | Z:   -0.52°/s
X:   -0.54°/s | Y:    0.56°/s | Z:   -0.77°/s
X:   -0.63°/s | Y:    0.47°/s | Z:   -0.07°/s
X:   -0.30°/s | Y:    0.67°/s | Z:   -0.05°/s
X:   -0.56°/s | Y:    0.51°/s | Z:   -0.79°/s
X:   -0.33°/s | Y:    0.52°/s | Z:   -0.74°/s
X:   -0.25°/s | Y:    0.38°/s | Z:   -0.61°/s
X:   -0.46°/s | Y:    0.14°/s | Z:   -0.37°/s
X:    0.05°/s | Y:    0.54°/s | Z:   -0.54°/s
X:   -0.14°/s | Y:    0.33°/s | Z:    3.97°/s
X:   -0.26°/s | Y:    0.05°/s | Z:   -0.25°/s
X:   -0.52°/s | Y:    0.04°/s | Z:   -0.38°/s
X:    0.05°/s | Y:   -0.04°/s | Z:   -0.52°/s
X:    0.42°/s | Y:    0.35°/s | Z:   -0.44°/s
X:   -0.26°/s | Y:    0.25°/s | Z:   -0.52°/s
X:   -0.40°/s | Y:    0.00°/s | Z:   -0.56°/s
X:   -0.12°/s | Y:    0.07°/s | Z:   -0.54°/s
X:   -0.52°/s | Y:    0.19°/s | Z:   -0.68°/s
X:   -0.14°/s | Y:   -0.04°/s | Z:   -0.67°/s
X:   -0.25°/s | Y:    0.21°/s | Z:   -0.75°/s
X:   -0.31°/s | Y:    0.09°/s | Z:   -0.42°/s
X:   -0.30°/s | Y:    0.04°/s | Z:   -0.70°/s
X:   -0.58°/s | Y:   -0.05°/s | Z:   -0.65°/s
X:   -0.52°/s | Y:    0.49°/s | Z:   -0.28°/s
X:   -0.37°/s | Y:    0.47°/s | Z:   -0.49°/s
X:   -0.14°/s | Y:    0.16°/s | Z:   -0.77°/s
X:   -0.26°/s | Y:    0.51°/s | Z:   -0.37°/s
X:   -0.89°/s | Y:    0.37°/s | Z:   -0.26°/s
X:   -0.12°/s | Y:    0.28°/s | Z:   -0.74°/s
X:   -0.70°/s | Y:    0.17°/s | Z:   -0.17°/s
X:   -0.84°/s | Y:    0.26°/s | Z:   -0.31°/s
X:   -0.49°/s | Y:    0.42°/s | Z:   -0.33°/s
X:   -0.10°/s | Y:    0.40°/s | Z:   -0.65°/s
X:   -0.40°/s | Y:    0.56°/s | Z:   -0.10°/s
X:   -0.31°/s | Y:    0.19°/s | Z:    0.05°/s
X:   -0.61°/s | Y:   -0.07°/s | Z:   -0.19°/s
X:   -0.28°/s | Y:    0.33°/s | Z:   -0.56°/s
X:   -0.47°/s | Y:   -0.10°/s | Z:   -0.46°/s
X:   -0.61°/s | Y:   -0.02°/s | Z:   -0.07°/s
X:   -0.44°/s | Y:    0.17°/s | Z:   -0.52°/s
X:   -0.49°/s | Y:    0.02°/s | Z:   -0.31°/s
X:   -0.09°/s | Y:    0.25°/s | Z:   -0.51°/s

📊 Interrupt Stats (every 1000 loops / ~2.5s):
  Avg Cycles/Loop: 180000
  Loop Time: 2500.000μs
  Anomalies: 37
  CPU Usage: ~100.0%
──────────────────────────────────────
X:   -0.28°/s | Y:    0.12°/s | Z:    0.04°/s
X:   -0.35°/s | Y:   -0.25°/s | Z:   -0.46°/s
X:   -0.35°/s | Y:    0.12°/s | Z:   -0.30°/s
X:   -0.33°/s | Y:    0.14°/s | Z:   -0.70°/s
X:   -0.17°/s | Y:    0.56°/s | Z:   -0.61°/s
X:   -0.54°/s | Y:    0.54°/s | Z:   -0.19°/s
X:   -0.94°/s | Y:    0.42°/s | Z:   -0.23°/s
X:   -0.68°/s | Y:    0.51°/s | Z:   -0.63°/s
X:   -0.28°/s | Y:    0.56°/s | Z:   -0.14°/s
X:   -0.47°/s | Y:    0.49°/s | Z:   -0.65°/s
X:   -0.51°/s | Y:    0.31°/s | Z:    0.00°/s
X:   -0.21°/s | Y:    0.28°/s | Z:   -0.75°/s
X:   -0.44°/s | Y:    0.47°/s | Z:   -0.58°/s
X:   -0.33°/s | Y:    0.47°/s | Z:   -0.31°/s
X:   -0.14°/s | Y:    0.16°/s | Z:   -0.10°/s
X:   -0.26°/s | Y:    0.00°/s | Z:   -0.35°/s
X:   -0.42°/s | Y:    0.02°/s | Z:   -0.25°/s
X:   -0.10°/s | Y:    0.00°/s | Z:   -0.49°/s
X:   -0.12°/s | Y:    0.10°/s | Z:   -0.82°/s
X:   -0.23°/s | Y:    0.00°/s | Z:   -0.47°/s
X:   -0.42°/s | Y:    0.37°/s | Z:   -0.33°/s
X:   -0.44°/s | Y:    0.16°/s | Z:   -0.23°/s
X:   -0.68°/s | Y:    0.47°/s | Z:   -0.10°/s
X:   -0.30°/s | Y:    0.54°/s | Z:   -0.23°/s
X:   -0.56°/s | Y:    0.52°/s | Z:   -0.38°/s
X:   -0.79°/s | Y:    0.46°/s | Z:   -0.82°/s
X:   -0.19°/s | Y:    0.25°/s | Z:   -0.42°/s
X:   -0.37°/s | Y:    0.21°/s | Z:   -0.52°/s
X:   -0.04°/s | Y:    0.17°/s | Z:   -0.63°/s
X:   -0.52°/s | Y:    0.19°/s | Z:   -0.47°/s
X:   -0.35°/s | Y:    0.38°/s | Z:   -0.70°/s
X:   -0.05°/s | Y:   -0.26°/s | Z:   -0.56°/s
X:    0.17°/s | Y:   -0.07°/s | Z:   -0.19°/s
X:   -0.42°/s | Y:   -0.30°/s | Z:   -0.65°/s
X:   -0.35°/s | Y:    0.28°/s | Z:   -0.14°/s
X:   -0.42°/s | Y:    0.25°/s | Z:   -0.31°/s
X:   -0.72°/s | Y:    0.44°/s | Z:   -0.70°/s
X:   -0.21°/s | Y:    0.12°/s | Z:   -0.54°/s
X:   -0.82°/s | Y:    0.42°/s | Z:   -0.26°/s
X:   -0.26°/s | Y:    0.94°/s | Z:   -1.40°/s
X:   -0.58°/s | Y:    0.28°/s | Z:   -0.56°/s
X:   -0.51°/s | Y:    0.28°/s | Z:   -0.10°/s
X:   -0.09°/s | Y:    0.38°/s | Z:   -0.67°/s
X:   -0.58°/s | Y:    0.28°/s | Z:    0.17°/s
X:   -0.07°/s | Y:    4.46°/s | Z:   -1.01°/s
X:   -0.42°/s | Y:   -0.16°/s | Z:   -0.70°/s
X:   -0.14°/s | Y:    0.17°/s | Z:   -0.47°/s
X:   -0.61°/s | Y:    0.23°/s | Z:   -0.82°/s
X:   -0.61°/s | Y:    0.33°/s | Z:   -0.44°/s
X:   -0.23°/s | Y:    0.58°/s | Z:   -0.54°/s
X:   -0.49°/s | Y:    0.47°/s | Z:   -0.12°/s
X:   -0.46°/s | Y:    0.33°/s | Z:   -0.60°/s
X:   -0.75°/s | Y:    0.49°/s | Z:   -1.14°/s
X:   -0.30°/s | Y:    0.51°/s | Z:    0.19°/s
X:   -0.30°/s | Y:    0.68°/s | Z:   -0.77°/s
X:   -0.10°/s | Y:    0.56°/s | Z:   -0.14°/s
X:    0.02°/s | Y:    0.54°/s | Z:    0.30°/s
X:   -0.46°/s | Y:    0.42°/s | Z:   -0.35°/s
X:   -0.26°/s | Y:    0.26°/s | Z:   -0.84°/s
X:   -0.49°/s | Y:    0.21°/s | Z:   -0.40°/s
X:   -0.46°/s | Y:    0.12°/s | Z:   -0.58°/s
X:   -0.07°/s | Y:    0.16°/s | Z:   -0.16°/s
X:   -0.28°/s | Y:    0.04°/s | Z:    0.10°/s
X:   -4.38°/s | Y:   -0.09°/s | Z:   -0.51°/s
X:    4.32°/s | Y:    0.38°/s | Z:   -0.09°/s
X:    0.09°/s | Y:    0.17°/s | Z:   -0.12°/s
X:   -0.04°/s | Y:    0.28°/s | Z:   -0.33°/s
X:   -0.58°/s | Y:    0.56°/s | Z:   -0.91°/s
X:   -0.46°/s | Y:    0.56°/s | Z:   -0.46°/s
X:   -0.58°/s | Y:    0.23°/s | Z:   -0.37°/s
X:    0.12°/s | Y:    0.23°/s | Z:   -0.38°/s
X:   -0.33°/s | Y:    0.79°/s | Z:   -0.38°/s
X:   -0.60°/s | Y:    0.07°/s | Z:   -0.49°/s
X:   -0.28°/s | Y:   -0.23°/s | Z:   -0.72°/s
X:   -0.44°/s | Y:    0.35°/s | Z:   -0.60°/s
X:   -0.14°/s | Y:   -0.07°/s | Z:   -0.77°/s
X:   -0.10°/s | Y:   -0.04°/s | Z:   -0.46°/s
X:   -0.56°/s | Y:    0.14°/s | Z:   -0.75°/s
X:   -0.04°/s | Y:   -0.05°/s | Z:   -0.51°/s
X:   -0.07°/s | Y:    0.14°/s | Z:   -0.38°/s
X:   -0.63°/s | Y:    0.30°/s | Z:   -0.42°/s
X:    0.05°/s | Y:    0.54°/s | Z:   -0.68°/s
X:   -0.04°/s | Y:    0.44°/s | Z:   -0.09°/s
X:   -0.56°/s | Y:    0.67°/s | Z:    0.07°/s
X:   -0.51°/s | Y:    0.74°/s | Z:   -0.56°/s
X:   -0.49°/s | Y:    0.16°/s | Z:   -0.89°/s
X:   -0.72°/s | Y:   -0.14°/s | Z:   -0.26°/s
X:   -0.46°/s | Y:    4.30°/s | Z:   -0.31°/s
X:   -0.12°/s | Y:    0.33°/s | Z:   -0.38°/s
X:   -0.19°/s | Y:    0.54°/s | Z:   -0.42°/s
X:   -0.16°/s | Y:    0.07°/s | Z:    4.16°/s
X:   -0.25°/s | Y:    0.21°/s | Z:   -0.68°/s
X:   -0.58°/s | Y:    0.40°/s | Z:   -0.14°/s
X:    0.09°/s | Y:    0.10°/s | Z:   -1.05°/s
X:   -0.16°/s | Y:    0.31°/s | Z:   -0.33°/s
X:   -0.67°/s | Y:    0.38°/s | Z:   -0.33°/s
X:   -0.31°/s | Y:    0.21°/s | Z:   -0.70°/s
X:   -0.70°/s | Y:    0.12°/s | Z:   -0.72°/s
X:   -0.21°/s | Y:    0.04°/s | Z:   -0.44°/s
X:   -0.28°/s | Y:    0.07°/s | Z:   -0.17°/s
X:   -0.21°/s | Y:    0.54°/s | Z:   -0.52°/s
X:   -0.68°/s | Y:    0.37°/s | Z:   -0.54°/s
X:   -0.49°/s | Y:    0.44°/s | Z:   -0.33°/s
X:   -0.42°/s | Y:    0.26°/s | Z:   -0.35°/s
X:   -0.56°/s | Y:    0.65°/s | Z:   -0.82°/s
X:   -0.37°/s | Y:    0.19°/s | Z:   -0.86°/s
X:   -0.51°/s | Y:   -0.07°/s | Z:   -0.02°/s
X:    0.04°/s | Y:    0.19°/s | Z:   -0.14°/s
X:   -0.46°/s | Y:    0.09°/s | Z:   -0.51°/s
X:    0.31°/s | Y:    0.04°/s | Z:   -0.56°/s
X:    0.21°/s | Y:   -0.04°/s | Z:   -0.42°/s
X:   -0.25°/s | Y:    0.17°/s | Z:   -0.12°/s
X:   -0.23°/s | Y:    0.14°/s | Z:   -0.44°/s
X:   -0.70°/s | Y:    0.28°/s | Z:   -0.23°/s
X:   -0.77°/s | Y:    0.30°/s | Z:   -0.75°/s
X:   -0.93°/s | Y:    0.52°/s | Z:   -0.86°/s
X:   -0.44°/s | Y:    0.56°/s | Z:   -0.30°/s
X:   -0.46°/s | Y:    0.38°/s | Z:   -0.42°/s
X:   -0.33°/s | Y:    0.63°/s | Z:   -0.72°/s
X:   -0.67°/s | Y:    0.26°/s | Z:   -0.77°/s
X:   -0.37°/s | Y:    0.63°/s | Z:   -1.15°/s
X:   -0.35°/s | Y:    0.00°/s | Z:   -0.40°/s
X:   -0.47°/s | Y:    0.28°/s | Z:   -0.25°/s
X:   -0.54°/s | Y:    0.42°/s | Z:    0.07°/s
X:    0.02°/s | Y:   -0.30°/s | Z:   -0.81°/s
X:   -0.47°/s | Y:    0.10°/s | Z:   -1.00°/s
X:    0.02°/s | Y:   -0.07°/s | Z:   -0.42°/s
X:   -0.37°/s | Y:    0.23°/s | Z:   -0.23°/s
X:   -0.28°/s | Y:    0.37°/s | Z:   -0.10°/s
X:   -0.49°/s | Y:    0.23°/s | Z:   -0.14°/s
X:   -0.30°/s | Y:    0.60°/s | Z:   -0.51°/s
X:   -0.65°/s | Y:    0.44°/s | Z:   -0.35°/s
X:   -0.16°/s | Y:    0.28°/s | Z:   -0.89°/s
X:   -0.10°/s | Y:    0.30°/s | Z:   -0.05°/s
X:   -0.40°/s | Y:   -0.05°/s | Z:    0.17°/s
X:   -0.25°/s | Y:    0.52°/s | Z:   -0.46°/s
X:   -0.37°/s | Y:   -0.12°/s | Z:   -0.14°/s
X:    0.19°/s | Y:    0.19°/s | Z:   -0.46°/s
X:   -0.65°/s | Y:    0.21°/s | Z:   -0.98°/s
X:   -0.42°/s | Y:    0.16°/s | Z:   -0.14°/s
X:   -0.19°/s | Y:    0.16°/s | Z:   -0.96°/s
X:   -0.30°/s | Y:    0.44°/s | Z:   -0.65°/s
X:   -0.38°/s | Y:    0.31°/s | Z:   -0.67°/s
X:   -0.38°/s | Y:    0.47°/s | Z:   -0.17°/s
X:   -0.94°/s | Y:    0.44°/s | Z:   -0.16°/s
X:   -0.14°/s | Y:    0.77°/s | Z:   -0.19°/s
X:   -0.58°/s | Y:    0.14°/s | Z:   -0.65°/s
X:   -0.26°/s | Y:    0.40°/s | Z:   -1.14°/s
X:   -0.23°/s | Y:    0.31°/s | Z:   -0.31°/s
X:   -0.19°/s | Y:    0.28°/s | Z:   -0.47°/s
X:   -0.37°/s | Y:    0.23°/s | Z:   -0.72°/s
X:   -0.35°/s | Y:   -0.02°/s | Z:   -0.26°/s
X:   -0.33°/s | Y:    0.28°/s | Z:   -0.54°/s
X:   -0.65°/s | Y:    0.17°/s | Z:   -0.31°/s
X:   -0.38°/s | Y:    0.81°/s | Z:   -0.47°/s
X:   -0.49°/s | Y:    0.61°/s | Z:   -0.37°/s
X:   -0.21°/s | Y:    0.30°/s | Z:   -0.25°/s
X:   -0.58°/s | Y:    0.35°/s | Z:   -0.02°/s
X:   -0.19°/s | Y:    0.02°/s | Z:   -0.74°/s
X:   -0.19°/s | Y:    0.02°/s | Z:   -0.23°/s
X:   -0.26°/s | Y:    0.23°/s | Z:   -0.14°/s
X:   -0.46°/s | Y:    0.19°/s | Z:   -0.81°/s
X:   -0.31°/s | Y:    0.23°/s | Z:   -0.35°/s
X:   -0.31°/s | Y:    0.42°/s | Z:   -0.72°/s
X:   -0.52°/s | Y:    0.14°/s | Z:   -0.46°/s
X:   -0.47°/s | Y:    0.67°/s | Z:   -0.31°/s
X:   -0.52°/s | Y:    0.79°/s | Z:   -0.68°/s
X:   -0.44°/s | Y:    0.17°/s | Z:   -0.04°/s
X:   -0.67°/s | Y:   -0.05°/s | Z:   -0.40°/s
X:   -0.09°/s | Y:    0.25°/s | Z:   -0.65°/s
X:   -0.37°/s | Y:   -0.12°/s | Z:   -0.14°/s
X:   -0.40°/s | Y:    0.21°/s | Z:   -0.86°/s
X:   -0.51°/s | Y:    0.02°/s | Z:   -0.49°/s
X:   -0.46°/s | Y:    0.30°/s | Z:   -0.35°/s
X:   -0.19°/s | Y:    0.33°/s | Z:   -0.16°/s
X:   -0.72°/s | Y:    0.46°/s | Z:   -0.35°/s
X:   -0.56°/s | Y:    0.33°/s | Z:   -0.37°/s
X:   -0.02°/s | Y:    0.31°/s | Z:    0.07°/s
X:   -0.56°/s | Y:    0.86°/s | Z:   -0.56°/s
X:   -0.54°/s | Y:    0.37°/s | Z:   -0.31°/s
X:   -0.25°/s | Y:    0.47°/s | Z:   -0.10°/s
X:   -0.68°/s | Y:    0.33°/s | Z:   -0.93°/s
X:   -0.28°/s | Y:    0.40°/s | Z:   -0.61°/s
X:   -0.26°/s | Y:    0.05°/s | Z:   -0.61°/s
X:   -0.37°/s | Y:    0.28°/s | Z:   -0.37°/s
X:   -0.31°/s | Y:    0.12°/s | Z:   -0.68°/s
X:   -0.42°/s | Y:    0.54°/s | Z:   -0.51°/s
X:   -0.14°/s | Y:    0.19°/s | Z:   -0.72°/s
X:   -0.09°/s | Y:    0.42°/s | Z:   -0.68°/s
X:   -0.63°/s | Y:    0.54°/s | Z:   -0.60°/s
X:   -0.31°/s | Y:    0.38°/s | Z:   -0.37°/s
X:   -0.10°/s | Y:    0.58°/s | Z:   -0.58°/s
X:   -0.21°/s | Y:    0.19°/s | Z:   -0.30°/s
X:   -0.30°/s | Y:    0.51°/s | Z:   -0.46°/s
X:   -0.19°/s | Y:    0.46°/s | Z:    0.02°/s
X:   -0.40°/s | Y:    0.09°/s | Z:   -0.26°/s
X:   -0.14°/s | Y:    0.47°/s | Z:   -0.21°/s
X:   -0.46°/s | Y:   -0.09°/s | Z:   -0.26°/s
X:   -0.19°/s | Y:    0.16°/s | Z:   -0.07°/s
X:   -0.14°/s | Y:    0.21°/s | Z:   -0.51°/s
X:   -0.54°/s | Y:    0.09°/s | Z:   -0.77°/s
X:   -0.21°/s | Y:   -0.02°/s | Z:   -0.88°/s
X:   -0.54°/s | Y:    0.79°/s | Z:   -0.38°/s
X:   -0.49°/s | Y:    0.46°/s | Z:   -0.28°/s
X:   -0.63°/s | Y:    0.54°/s | Z:   -0.23°/s
X:   -0.77°/s | Y:    0.52°/s | Z:   -0.46°/s
X:   -0.38°/s | Y:    0.19°/s | Z:   -0.54°/s
X:   -0.07°/s | Y:    0.40°/s | Z:   -0.88°/s
X:   -0.58°/s | Y:    0.28°/s | Z:   -0.23°/s
X:   -0.70°/s | Y:    0.25°/s | Z:   -0.40°/s
X:   -0.16°/s | Y:    0.38°/s | Z:    0.05°/s
X:   -0.47°/s | Y:   -0.05°/s | Z:   -0.10°/s
X:   -0.23°/s | Y:    0.12°/s | Z:   -0.72°/s
X:   -0.14°/s | Y:    0.05°/s | Z:   -0.86°/s
X:    0.04°/s | Y:    0.31°/s | Z:   -0.79°/s
X:   -0.47°/s | Y:    0.00°/s | Z:   -0.81°/s
X:   -0.82°/s | Y:    0.28°/s | Z:   -0.52°/s
X:   -0.30°/s | Y:    0.21°/s | Z:   -0.72°/s
X:   -0.38°/s | Y:    0.10°/s | Z:   -0.79°/s
X:   -0.52°/s | Y:    0.67°/s | Z:   -0.51°/s
X:   -0.58°/s | Y:    0.21°/s | Z:   -0.68°/s
X:   -0.63°/s | Y:    0.40°/s | Z:   -0.56°/s
X:   -0.21°/s | Y:    0.40°/s | Z:    0.23°/s
X:   -0.49°/s | Y:    0.56°/s | Z:   -0.61°/s
X:   -0.09°/s | Y:    0.14°/s | Z:   -0.70°/s
X:   -0.05°/s | Y:    0.23°/s | Z:   -0.30°/s
X:   -0.44°/s | Y:   -0.07°/s | Z:   -0.10°/s
X:   -0.19°/s | Y:    0.09°/s | Z:   -0.05°/s
X:   -0.25°/s | Y:   -0.05°/s | Z:   -0.68°/s
X:    0.09°/s | Y:   -0.31°/s | Z:   -0.05°/s
X:   -0.05°/s | Y:   -0.09°/s | Z:   -0.46°/s
X:   -0.60°/s | Y:    0.10°/s | Z:   -0.49°/s
X:   -0.19°/s | Y:    0.25°/s | Z:   -0.65°/s
X:   -0.25°/s | Y:    0.54°/s | Z:   -0.77°/s
X:   -0.61°/s | Y:    0.40°/s | Z:   -0.93°/s
X:   -0.65°/s | Y:    0.26°/s | Z:   -0.79°/s
X:   -0.67°/s | Y:    0.31°/s | Z:   -0.28°/s
X:   -0.30°/s | Y:    0.19°/s | Z:   -0.40°/s
X:   -0.88°/s | Y:    0.44°/s | Z:   -0.54°/s
X:   -0.35°/s | Y:    0.58°/s | Z:   -0.19°/s
X:    0.16°/s | Y:    0.46°/s | Z:   -0.12°/s
X:   -0.63°/s | Y:    0.30°/s | Z:   -0.02°/s
X:   -0.51°/s | Y:    0.37°/s | Z:   -0.86°/s
X:   -0.46°/s | Y:    0.56°/s | Z:   -0.47°/s
X:   -0.58°/s | Y:    0.33°/s | Z:   -0.52°/s
X:   -0.10°/s | Y:   -0.10°/s | Z:   -0.81°/s
X:   -0.52°/s | Y:    0.23°/s | Z:   -0.17°/s
X:   -0.14°/s | Y:    0.09°/s | Z:   -0.77°/s
X:   -0.04°/s | Y:   -0.12°/s | Z:   -0.72°/s
X:    0.02°/s | Y:   -0.12°/s | Z:   -0.31°/s

📊 Interrupt Stats (every 1000 loops / ~2.5s):
  Avg Cycles/Loop: 180000
  Loop Time: 2500.000μs
  Anomalies: 37
  CPU Usage: ~100.0%
──────────────────────────────────────
X:   -0.54°/s | Y:    0.04°/s | Z:   -0.35°/s
X:   -0.60°/s | Y:    0.25°/s | Z:   -0.42°/s
X:   -0.58°/s | Y:    0.19°/s | Z:   -0.63°/s
X:   -0.51°/s | Y:    0.47°/s | Z:   -0.58°/s
X:   -0.35°/s | Y:    0.05°/s | Z:   -0.68°/s
X:   -0.56°/s | Y:    0.02°/s | Z:   -0.86°/s
X:   -0.38°/s | Y:    0.33°/s | Z:   -0.82°/s
X:   -0.28°/s | Y:    0.30°/s | Z:   -0.49°/s
X:   -0.33°/s | Y:    0.04°/s | Z:   -0.81°/s
X:   -0.54°/s | Y:    0.65°/s | Z:   -0.56°/s
X:   -0.65°/s | Y:    0.52°/s | Z:   -0.30°/s
X:   -0.51°/s | Y:    0.33°/s | Z:   -0.86°/s
X:   -0.65°/s | Y:    0.42°/s | Z:   -0.51°/s
X:   -0.04°/s | Y:    0.26°/s | Z:   -1.26°/s
X:   -0.12°/s | Y:   -0.04°/s | Z:   -0.38°/s
X:   -0.25°/s | Y:   -0.09°/s | Z:   -0.28°/s
X:   -0.28°/s | Y:    0.09°/s | Z:   -0.63°/s
X:   -0.60°/s | Y:    0.63°/s | Z:   -0.23°/s
X:   -0.98°/s | Y:    0.00°/s | Z:   -0.04°/s
X:   -0.17°/s | Y:    0.04°/s | Z:   -0.56°/s
X:   -0.30°/s | Y:    0.10°/s | Z:   -0.47°/s
X:   -0.30°/s | Y:    0.25°/s | Z:   -0.58°/s
X:   -0.14°/s | Y:   -0.17°/s | Z:   -0.58°/s
X:   -0.26°/s | Y:    0.21°/s | Z:   -0.33°/s
X:   -0.67°/s | Y:   -0.04°/s | Z:   -0.88°/s
X:   -0.12°/s | Y:    0.04°/s | Z:   -0.52°/s
X:   -0.44°/s | Y:    0.21°/s | Z:   -0.82°/s
X:   -0.23°/s | Y:    0.21°/s | Z:   -0.28°/s
X:   -0.46°/s | Y:    0.26°/s | Z:   -0.61°/s
X:   -0.30°/s | Y:    0.05°/s | Z:    0.12°/s
X:   -0.38°/s | Y:    0.47°/s | Z:   -0.38°/s
X:   -0.67°/s | Y:    0.42°/s | Z:   -0.72°/s
X:   -0.40°/s | Y:   -0.02°/s | Z:   -0.61°/s
X:   -0.60°/s | Y:    0.63°/s | Z:   -0.56°/s
X:   -0.30°/s | Y:    0.63°/s | Z:   -0.33°/s
X:   -0.58°/s | Y:    0.65°/s | Z:   -0.93°/s
X:   -0.56°/s | Y:    0.07°/s | Z:   -0.35°/s
X:   -0.38°/s | Y:   -0.04°/s | Z:   -0.44°/s
X:   -0.44°/s | Y:    0.51°/s | Z:    0.00°/s
X:   -0.17°/s | Y:    0.00°/s | Z:   -1.01°/s
X:   -0.37°/s | Y:    0.19°/s | Z:   -0.61°/s
X:   -0.47°/s | Y:   -0.26°/s | Z:   -0.65°/s
X:   -0.30°/s | Y:    0.40°/s | Z:   -0.56°/s
X:   -0.16°/s | Y:   -0.23°/s | Z:   -0.74°/s
X:   -0.05°/s | Y:   -0.04°/s | Z:   -0.31°/s
X:   -0.12°/s | Y:    0.19°/s | Z:   -0.42°/s
X:   -0.33°/s | Y:   -0.38°/s | Z:   -0.51°/s
X:   -0.31°/s | Y:    0.02°/s | Z:   -0.31°/s
X:   -0.07°/s | Y:    0.16°/s | Z:   -0.33°/s
X:   -0.19°/s | Y:    0.46°/s | Z:   -0.19°/s
X:   -0.46°/s | Y:    0.16°/s | Z:   -0.79°/s
X:   -0.60°/s | Y:    0.30°/s | Z:   -0.47°/s
X:   -0.61°/s | Y:    0.02°/s | Z:   -0.10°/s
X:   -0.46°/s | Y:    0.42°/s | Z:   -0.33°/s
X:   -0.44°/s | Y:    0.40°/s | Z:   -1.19°/s
X:   -0.26°/s | Y:    0.26°/s | Z:   -0.70°/s
X:   -0.77°/s | Y:    0.67°/s | Z:   -0.65°/s
X:   -0.47°/s | Y:    0.52°/s | Z:   -0.63°/s
X:   -0.30°/s | Y:    0.65°/s | Z:   -0.19°/s
X:   -0.68°/s | Y:    0.51°/s | Z:   -0.19°/s
X:   -0.44°/s | Y:    0.02°/s | Z:   -0.25°/s
X:   -0.44°/s | Y:    0.25°/s | Z:   -0.47°/s
X:   -0.46°/s | Y:   -0.19°/s | Z:   -0.35°/s
X:   -0.19°/s | Y:    0.46°/s | Z:   -0.63°/s
X:   -0.74°/s | Y:    0.12°/s | Z:   -0.52°/s
X:    0.00°/s | Y:    0.44°/s | Z:    0.02°/s
X:   -0.33°/s | Y:    0.35°/s | Z:   -0.65°/s
X:   -0.14°/s | Y:    0.38°/s | Z:   -0.82°/s
X:   -0.47°/s | Y:   -0.02°/s | Z:   -0.09°/s
X:   -0.56°/s | Y:   -0.09°/s | Z:   -0.30°/s
X:    0.17°/s | Y:   -0.07°/s | Z:   -0.63°/s
X:   -0.60°/s | Y:    0.49°/s | Z:   -0.60°/s
X:   -0.56°/s | Y:    0.35°/s | Z:   -0.61°/s
X:   -0.40°/s | Y:    0.17°/s | Z:   -0.68°/s
X:   -0.77°/s | Y:    0.47°/s | Z:   -0.77°/s
X:   -0.56°/s | Y:    0.25°/s | Z:   -0.82°/s
X:   -0.44°/s | Y:    0.46°/s | Z:   -0.37°/s
X:   -0.72°/s | Y:    0.17°/s | Z:   -1.10°/s
X:   -0.77°/s | Y:    0.31°/s | Z:   -0.17°/s
X:   -0.19°/s | Y:    0.09°/s | Z:   -0.74°/s
X:   -0.46°/s | Y:   -0.16°/s | Z:   -0.47°/s
X:   -0.17°/s | Y:   -0.02°/s | Z:   -0.44°/s
X:   -0.46°/s | Y:    0.28°/s | Z:   -0.35°/s
X:   -0.02°/s | Y:    0.46°/s | Z:   -0.28°/s
X:   -0.21°/s | Y:    0.37°/s | Z:   -0.37°/s
X:   -0.49°/s | Y:    0.23°/s | Z:   -0.46°/s
X:   -0.26°/s | Y:    0.26°/s | Z:   -0.35°/s
X:   -0.33°/s | Y:    0.65°/s | Z:   -0.33°/s
X:   -0.63°/s | Y:    0.52°/s | Z:   -0.31°/s
X:   -0.74°/s | Y:    0.51°/s | Z:   -0.72°/s
X:   -0.35°/s | Y:    0.16°/s | Z:   -0.60°/s
X:   -0.19°/s | Y:    0.63°/s | Z:   -0.81°/s
X:   -0.44°/s | Y:    0.28°/s | Z:   -0.49°/s
X:   -0.21°/s | Y:    0.38°/s | Z:   -0.82°/s
X:   -0.58°/s | Y:    0.21°/s | Z:   -0.58°/s
X:   -0.46°/s | Y:    0.33°/s | Z:   -0.17°/s
X:   -0.14°/s | Y:    0.05°/s | Z:   -0.74°/s
X:   -0.10°/s | Y:   -4.32°/s | Z:   -0.04°/s
X:   -0.30°/s | Y:    0.47°/s | Z:   -0.16°/s
X:   -0.42°/s | Y:    0.19°/s | Z:   -0.70°/s
X:   -0.40°/s | Y:    0.25°/s | Z:   -0.94°/s
X:   -0.67°/s | Y:    0.28°/s | Z:   -0.44°/s
X:   -0.94°/s | Y:    0.47°/s | Z:   -0.42°/s
X:   -0.89°/s | Y:    0.38°/s | Z:   -0.35°/s
X:   -0.72°/s | Y:    0.68°/s | Z:   -0.46°/s
X:   -0.61°/s | Y:    0.49°/s | Z:   -1.12°/s
X:   -0.56°/s | Y:   -0.05°/s | Z:   -0.70°/s
X:   -0.35°/s | Y:    0.33°/s | Z:   -0.14°/s
X:   -0.28°/s | Y:    0.12°/s | Z:   -0.42°/s
X:   -0.35°/s | Y:   -0.05°/s | Z:    0.16°/s
X:   -0.30°/s | Y:    0.12°/s | Z:   -0.77°/s
X:   -0.42°/s | Y:    0.14°/s | Z:   -0.37°/s
X:   -0.21°/s | Y:    0.38°/s | Z:   -0.38°/s
X:   -0.26°/s | Y:   -0.10°/s | Z:   -0.61°/s
X:   -0.19°/s | Y:    0.56°/s | Z:   -0.88°/s
X:   -0.25°/s | Y:    0.56°/s | Z:   -0.17°/s
X:   -0.56°/s | Y:    0.52°/s | Z:   -0.19°/s
X:   -0.49°/s | Y:    0.44°/s | Z:   -0.40°/s
X:   -0.72°/s | Y:    0.47°/s | Z:   -0.54°/s
X:   -0.35°/s | Y:    0.33°/s | Z:   -0.40°/s
X:   -0.28°/s | Y:    0.51°/s | Z:   -0.47°/s
X:   -0.26°/s | Y:    0.21°/s | Z:   -0.56°/s
X:   -0.33°/s | Y:    0.23°/s | Z:   -0.33°/s
X:   -0.17°/s | Y:    0.14°/s | Z:   -0.28°/s
X:   -0.31°/s | Y:    0.16°/s | Z:   -0.61°/s
X:    0.19°/s | Y:    0.10°/s | Z:   -0.56°/s
X:    0.17°/s | Y:    0.12°/s | Z:   -0.37°/s
X:   -0.26°/s | Y:   -0.10°/s | Z:   -0.65°/s
X:   -0.38°/s | Y:   -0.04°/s | Z:   -0.42°/s
X:   -0.04°/s | Y:   -0.02°/s | Z:   -0.12°/s
X:   -0.31°/s | Y:    0.31°/s | Z:   -0.51°/s
X:   -0.33°/s | Y:    0.60°/s | Z:   -0.16°/s
X:   -0.54°/s | Y:    0.54°/s | Z:   -0.46°/s
X:   -0.31°/s | Y:    0.42°/s | Z:   -0.93°/s
X:   -0.67°/s | Y:    0.65°/s | Z:   -0.65°/s
X:   -0.56°/s | Y:    0.31°/s | Z:   -0.68°/s
X:   -0.79°/s | Y:    0.10°/s | Z:   -0.42°/s
X:   -0.54°/s | Y:    0.49°/s | Z:   -0.16°/s
X:   -0.72°/s | Y:    0.31°/s | Z:   -0.25°/s
X:   -0.47°/s | Y:    0.25°/s | Z:   -0.82°/s
X:   -0.31°/s | Y:    0.63°/s | Z:   -0.77°/s
X:   -0.46°/s | Y:    0.00°/s | Z:   -0.56°/s
X:   -0.65°/s | Y:    0.40°/s | Z:   -0.09°/s
X:   -0.40°/s | Y:    0.25°/s | Z:   -0.07°/s
X:   -0.28°/s | Y:    0.05°/s | Z:    0.05°/s
X:   -0.26°/s | Y:   -0.14°/s | Z:   -1.03°/s
X:   -0.17°/s | Y:    0.04°/s | Z:   -0.30°/s
X:   -0.46°/s | Y:   -0.05°/s | Z:   -0.38°/s
X:   -0.09°/s | Y:    0.38°/s | Z:   -0.25°/s
X:   -0.51°/s | Y:    0.16°/s | Z:   -0.26°/s
X:   -0.26°/s | Y:    0.23°/s | Z:   -0.33°/s
X:   -0.31°/s | Y:    0.31°/s | Z:   -0.35°/s
X:   -0.49°/s | Y:    0.07°/s | Z:   -0.23°/s
X:   -0.61°/s | Y:    0.28°/s | Z:   -0.70°/s
X:   -0.72°/s | Y:    0.31°/s | Z:   -0.81°/s
X:   -0.58°/s | Y:    0.65°/s | Z:   -0.23°/s
X:   -0.82°/s | Y:    0.56°/s | Z:   -0.68°/s
X:   -0.52°/s | Y:    0.30°/s | Z:   -0.58°/s
X:   -0.23°/s | Y:    0.37°/s | Z:   -0.47°/s
X:   -0.28°/s | Y:    0.16°/s | Z:   -0.02°/s
X:    0.00°/s | Y:    0.40°/s | Z:   -0.44°/s
X:   -0.16°/s | Y:    0.16°/s | Z:   -0.16°/s
X:   -0.46°/s | Y:    0.16°/s | Z:   -0.96°/s
X:    0.12°/s | Y:    0.07°/s | Z:   -0.31°/s
X:   -0.46°/s | Y:    0.14°/s | Z:    0.14°/s
X:   -0.63°/s | Y:    0.31°/s | Z:   -0.91°/s
X:   -0.52°/s | Y:    0.19°/s | Z:   -0.49°/s
X:   -0.65°/s | Y:    0.30°/s | Z:   -0.51°/s
X:   -1.07°/s | Y:    0.37°/s | Z:   -0.42°/s
X:   -0.10°/s | Y:    0.42°/s | Z:   -0.52°/s
X:    0.07°/s | Y:    0.19°/s | Z:   -0.54°/s
X:   -0.63°/s | Y:    0.67°/s | Z:   -0.67°/s
X:   -0.54°/s | Y:    0.25°/s | Z:   -0.12°/s
X:   -0.35°/s | Y:    0.19°/s | Z:   -0.56°/s
X:   -0.49°/s | Y:    0.51°/s | Z:   -0.67°/s
X:   -0.74°/s | Y:    0.28°/s | Z:   -0.44°/s
X:   -0.42°/s | Y:    0.40°/s | Z:   -0.16°/s
X:   -0.37°/s | Y:    0.14°/s | Z:   -0.46°/s
X:   -0.16°/s | Y:    0.04°/s | Z:   -0.26°/s
X:    4.29°/s | Y:    0.16°/s | Z:   -0.40°/s
X:   -0.42°/s | Y:    0.00°/s | Z:   -0.89°/s
X:    0.04°/s | Y:    0.31°/s | Z:   -0.07°/s
X:   -0.77°/s | Y:   -4.34°/s | Z:   -0.12°/s
X:   -0.63°/s | Y:    0.17°/s | Z:   -0.21°/s
X:   -0.56°/s | Y:    0.49°/s | Z:   -0.30°/s
X:   -0.54°/s | Y:    0.37°/s | Z:   -0.49°/s
X:   -0.81°/s | Y:    0.44°/s | Z:   -0.46°/s
X:   -0.54°/s | Y:    0.56°/s | Z:   -0.38°/s
X:   -0.54°/s | Y:    0.23°/s | Z:   -0.98°/s
X:   -0.42°/s | Y:    0.49°/s | Z:   -0.63°/s
X:   -0.63°/s | Y:    0.02°/s | Z:   -0.10°/s
X:   -0.60°/s | Y:    0.54°/s | Z:   -0.65°/s
X:   -0.58°/s | Y:    0.40°/s | Z:   -0.60°/s
X:    0.14°/s | Y:    0.40°/s | Z:   -0.05°/s
X:   -0.17°/s | Y:    0.14°/s | Z:   -0.52°/s
X:   -0.67°/s | Y:    0.02°/s | Z:   -0.21°/s
X:   -0.17°/s | Y:   -0.25°/s | Z:   -0.74°/s
X:   -0.30°/s | Y:    0.16°/s | Z:   -0.19°/s
X:   -0.16°/s | Y:    0.25°/s | Z:   -0.31°/s
X:   -0.37°/s | Y:    0.12°/s | Z:   -0.05°/s
X:   -0.14°/s | Y:    0.12°/s | Z:   -0.56°/s
X:   -0.28°/s | Y:    0.05°/s | Z:   -0.74°/s
X:   -4.48°/s | Y:    0.60°/s | Z:   -0.46°/s
X:   -0.47°/s | Y:    0.38°/s | Z:   -0.35°/s
X:   -0.35°/s | Y:    0.47°/s | Z:   -0.02°/s
X:   -0.77°/s | Y:    0.02°/s | Z:   -0.33°/s
X:   -0.81°/s | Y:    0.28°/s | Z:    4.18°/s
X:   -0.42°/s | Y:    0.31°/s | Z:   -0.94°/s
X:   -0.40°/s | Y:    0.07°/s | Z:   -0.52°/s
X:   -0.14°/s | Y:   -0.26°/s | Z:   -0.33°/s
X:   -0.19°/s | Y:    0.02°/s | Z:   -0.82°/s
X:    0.21°/s | Y:    0.19°/s | Z:   -0.10°/s
X:   -0.37°/s | Y:   -0.26°/s | Z:   -0.09°/s
X:    0.09°/s | Y:    0.17°/s | Z:   -0.12°/s
X:   -0.19°/s | Y:    0.04°/s | Z:   -0.17°/s
X:   -0.21°/s | Y:    0.40°/s | Z:   -0.82°/s
X:   -0.40°/s | Y:    0.56°/s | Z:   -0.61°/s
X:   -0.47°/s | Y:    0.58°/s | Z:   -0.51°/s
X:   -0.72°/s | Y:    0.16°/s | Z:   -0.05°/s
X:   -0.40°/s | Y:    0.21°/s | Z:   -0.65°/s
X:   -0.61°/s | Y:    0.28°/s | Z:   -0.47°/s
X:   -0.30°/s | Y:    0.56°/s | Z:   -0.56°/s
X:   -0.07°/s | Y:    0.49°/s | Z:   -0.49°/s
X:   -0.63°/s | Y:    0.37°/s | Z:   -0.33°/s
X:   -0.56°/s | Y:    0.16°/s | Z:   -0.77°/s
X:   -0.05°/s | Y:    0.04°/s | Z:   -0.21°/s
X:   -0.14°/s | Y:   -0.10°/s | Z:   -0.14°/s
X:    0.07°/s | Y:    0.31°/s | Z:   -0.31°/s
X:   -0.07°/s | Y:    0.21°/s | Z:   -0.49°/s
X:   -0.25°/s | Y:    0.07°/s | Z:   -0.16°/s
X:   -0.25°/s | Y:    0.33°/s | Z:   -0.49°/s
X:   -0.44°/s | Y:    0.05°/s | Z:   -0.09°/s
X:    0.05°/s | Y:    0.38°/s | Z:   -0.49°/s
X:   -0.21°/s | Y:    0.19°/s | Z:   -0.31°/s
X:   -0.54°/s | Y:    0.47°/s | Z:   -0.51°/s
X:   -0.72°/s | Y:    0.79°/s | Z:   -0.84°/s
X:   -0.54°/s | Y:    0.26°/s | Z:   -0.23°/s
X:   -0.52°/s | Y:    0.56°/s | Z:   -0.38°/s
X:   -0.17°/s | Y:   -0.05°/s | Z:   -0.28°/s
X:   -0.19°/s | Y:   -0.14°/s | Z:   -0.37°/s
X:   -0.05°/s | Y:    0.84°/s | Z:   -1.29°/s
X:   -0.09°/s | Y:    0.07°/s | Z:   -0.52°/s
X:   -0.19°/s | Y:    0.12°/s | Z:   -0.38°/s
X:   -0.42°/s | Y:   -0.12°/s | Z:   -0.65°/s
X:   -0.25°/s | Y:    0.33°/s | Z:   -0.58°/s
X:   -0.14°/s | Y:    4.41°/s | Z:   -0.26°/s
X:   -0.30°/s | Y:    0.38°/s | Z:   -0.21°/s
X:   -0.49°/s | Y:    0.63°/s | Z:   -0.70°/s
X:   -0.54°/s | Y:    0.61°/s | Z:   -0.81°/s
X:   -0.35°/s | Y:    0.12°/s | Z:    0.05°/s

📊 Interrupt Stats (every 1000 loops / ~2.5s):
  Avg Cycles/Loop: 180000
  Loop Time: 2500.000μs
  Anomalies: 37
  CPU Usage: ~100.0%
──────────────────────────────────────
X:   -0.82°/s | Y:   -0.05°/s | Z:   -0.72°/s
X:   -0.40°/s | Y:    0.46°/s | Z:   -0.63°/s
X:   -0.51°/s | Y:    0.05°/s | Z:   -0.23°/s
X:   -0.17°/s | Y:    0.46°/s | Z:   -0.56°/s
X:    0.17°/s | Y:    0.14°/s | Z:   -0.21°/s
X:    0.05°/s | Y:    0.26°/s | Z:   -0.68°/s
X:    0.05°/s | Y:    0.02°/s | Z:   -0.44°/s
X:    0.09°/s | Y:    0.47°/s | Z:   -0.54°/s
X:   -0.09°/s | Y:    0.19°/s | Z:   -0.46°/s
X:   -0.40°/s | Y:    0.31°/s | Z:   -0.91°/s
X:   -0.54°/s | Y:    0.31°/s | Z:   -0.52°/s
X:   -0.60°/s | Y:    0.89°/s | Z:   -0.89°/s
X:   -0.68°/s | Y:    0.25°/s | Z:   -0.02°/s
X:   -0.58°/s | Y:    0.70°/s | Z:   -0.10°/s
X:   -0.21°/s | Y:    0.68°/s | Z:   -0.02°/s
X:   -0.35°/s | Y:    0.28°/s | Z:   -0.52°/s
X:    0.25°/s | Y:    0.33°/s | Z:   -0.60°/s
X:   -0.21°/s | Y:   -0.04°/s | Z:   -0.38°/s
X:   -0.35°/s | Y:    0.21°/s | Z:    4.36°/s
X:   -0.37°/s | Y:    0.07°/s | Z:   -0.17°/s
X:   -0.28°/s | Y:    0.07°/s | Z:   -0.58°/s
X:   -0.44°/s | Y:    0.46°/s | Z:   -0.38°/s
X:    0.05°/s | Y:    0.40°/s | Z:   -0.63°/s
X:   -0.31°/s | Y:    0.84°/s | Z:   -0.44°/s
X:   -0.47°/s | Y:    0.42°/s | Z:   -0.77°/s
X:   -0.70°/s | Y:    0.63°/s | Z:   -0.33°/s
X:    0.04°/s | Y:    0.23°/s | Z:   -1.28°/s
X:   -0.28°/s | Y:    0.40°/s | Z:   -0.63°/s
X:   -0.42°/s | Y:   -0.09°/s | Z:   -0.38°/s
X:   -0.33°/s | Y:    0.49°/s | Z:   -0.49°/s
X:   -0.23°/s | Y:    0.49°/s | Z:   -0.16°/s
X:   -0.38°/s | Y:    0.02°/s | Z:   -0.67°/s
X:   -0.26°/s | Y:    0.23°/s | Z:   -0.40°/s
X:   -0.17°/s | Y:   -0.19°/s | Z:   -0.33°/s
X:   -0.16°/s | Y:    0.74°/s | Z:   -0.75°/s
X:   -0.63°/s | Y:    0.74°/s | Z:   -0.54°/s
X:   -1.01°/s | Y:    0.58°/s | Z:    0.31°/s
X:   -1.00°/s | Y:    0.40°/s | Z:   -0.79°/s
X:   -0.12°/s | Y:    0.04°/s | Z:   -0.56°/s
X:   -0.25°/s | Y:    0.02°/s | Z:   -0.47°/s
X:   -0.28°/s | Y:   -0.12°/s | Z:   -0.67°/s
X:   -0.42°/s | Y:    0.19°/s | Z:   -0.40°/s
X:    0.00°/s | Y:    0.25°/s | Z:   -0.28°/s
X:   -0.31°/s | Y:    0.17°/s | Z:   -1.10°/s
X:   -0.46°/s | Y:    0.12°/s | Z:   -0.52°/s
X:   -0.54°/s | Y:    0.16°/s | Z:   -0.35°/s
X:   -0.49°/s | Y:    0.75°/s | Z:   -0.88°/s
X:   -0.56°/s | Y:    0.84°/s | Z:   -0.49°/s
X:   -0.52°/s | Y:    0.70°/s | Z:   -0.12°/s
X:   -0.63°/s | Y:    0.25°/s | Z:   -0.25°/s
X:   -0.37°/s | Y:    0.14°/s | Z:   -0.19°/s
===============================
I3G4250D Gyroscope Demo
===============================

Step 1: Detecting gyroscope...
✓ Found: I3g4250d

Step 2: Initializing driver...
✓ WHO_AM_I: 0xD3

Step 3: Configuring sensor...
✓ Configuration complete:
  - Data Rate: 400 Hz (timer interrupt)
  - Range: 500 °/s

Step 4: Starting interrupt-driven mode...
──────────────────────────────────────

⚠️  ANOMALY #1: Δx=340.11, Δy=413.61, Δz=12.90
X:  340.11°/s | Y: -413.61°/s | Z:   12.90°/s
⚠️  ANOMALY #2: Δx=340.13, Δy=413.88, Δz=13.27
X:   -0.30°/s | Y:    0.56°/s | Z:   -0.60°/s
X:   -0.61°/s | Y:    0.10°/s | Z:   -0.65°/s
X:   -0.70°/s | Y:    0.75°/s | Z:   -0.70°/s
X:   -0.75°/s | Y:    0.65°/s | Z:   -0.38°/s
X:   -0.46°/s | Y:    0.38°/s | Z:   -0.26°/s
X:   -0.19°/s | Y:    0.25°/s | Z:   -0.56°/s
X:   -0.47°/s | Y:    0.38°/s | Z:   -0.65°/s
X:   -0.19°/s | Y:   -0.23°/s | Z:   -0.70°/s
X:   -0.38°/s | Y:    0.07°/s | Z:   -0.12°/s
X:   -0.14°/s | Y:    0.52°/s | Z:   -0.44°/s
X:    0.02°/s | Y:    0.14°/s | Z:   -0.35°/s
X:   -0.31°/s | Y:    0.38°/s | Z:   -0.54°/s
X:   -0.51°/s | Y:    0.67°/s | Z:   -0.61°/s
X:   -0.02°/s | Y:    0.51°/s | Z:   -0.79°/s
X:   -0.33°/s | Y:    0.91°/s | Z:   -0.74°/s
X:   -0.16°/s | Y:    0.42°/s | Z:   -0.51°/s
X:   -0.79°/s | Y:    0.67°/s | Z:   -0.58°/s
X:   -0.79°/s | Y:    0.12°/s | Z:   -0.56°/s
X:   -0.52°/s | Y:    0.75°/s | Z:    0.30°/s
X:    0.05°/s | Y:    0.30°/s | Z:   -0.91°/s
X:   -0.07°/s | Y:    0.47°/s | Z:   -0.19°/s
X:   -0.56°/s | Y:    0.26°/s | Z:   -0.52°/s
X:   -0.33°/s | Y:   -0.04°/s | Z:   -0.74°/s
X:   -0.54°/s | Y:    0.10°/s | Z:   -0.56°/s
X:   -0.14°/s | Y:    0.02°/s | Z:   -0.28°/s
X:   -0.31°/s | Y:    0.75°/s | Z:    4.29°/s
X:   -0.26°/s | Y:    0.42°/s | Z:   -0.77°/s
X:   -0.40°/s | Y:    0.70°/s | Z:   -0.33°/s
X:   -0.58°/s | Y:    0.49°/s | Z:   -0.10°/s
X:   -0.60°/s | Y:    0.49°/s | Z:   -0.79°/s
X:   -0.26°/s | Y:    0.49°/s | Z:   -1.24°/s
X:   -0.02°/s | Y:    0.49°/s | Z:   -1.03°/s
X:   -0.37°/s | Y:    0.60°/s | Z:   -0.14°/s
X:   -0.72°/s | Y:    0.47°/s | Z:   -0.65°/s
X:   -0.28°/s | Y:   -0.25°/s | Z:   -0.68°/s
X:   -0.16°/s | Y:   -0.10°/s | Z:   -0.82°/s
X:   -0.04°/s | Y:    0.17°/s | Z:   -0.77°/s
X:   -0.23°/s | Y:    0.07°/s | Z:   -0.40°/s
X:   -0.25°/s | Y:   -0.05°/s | Z:   -0.25°/s
X:   -0.09°/s | Y:   -0.07°/s | Z:   -0.65°/s
X:   -0.81°/s | Y:    0.16°/s | Z:   -0.17°/s
X:   -0.44°/s | Y:    0.19°/s | Z:   -0.77°/s
X:   -0.51°/s | Y:    0.42°/s | Z:   -0.91°/s
X:   -0.44°/s | Y:    0.47°/s | Z:   -0.47°/s
X:   -0.17°/s | Y:    0.60°/s | Z:   -0.42°/s
X:   -0.63°/s | Y:    0.89°/s | Z:   -0.31°/s
X:   -0.42°/s | Y:    0.42°/s | Z:   -0.40°/s
X:   -0.35°/s | Y:    0.37°/s | Z:   -0.81°/s
X:   -0.89°/s | Y:    0.65°/s | Z:   -0.17°/s
X:   -0.38°/s | Y:    0.28°/s | Z:   -0.31°/s
X:   -0.54°/s | Y:    0.30°/s | Z:   -1.00°/s
X:   -0.40°/s | Y:    0.16°/s | Z:   -0.89°/s
X:   -0.16°/s | Y:    0.05°/s | Z:   -0.47°/s
X:   -0.28°/s | Y:    0.30°/s | Z:   -0.52°/s
X:   -0.52°/s | Y:    0.05°/s | Z:   -0.05°/s
X:   -0.44°/s | Y:    0.19°/s | Z:   -0.19°/s
X:   -0.09°/s | Y:   -0.07°/s | Z:   -0.40°/s
X:    0.14°/s | Y:    0.04°/s | Z:   -0.52°/s
X:   -0.14°/s | Y:    0.00°/s | Z:   -0.44°/s
X:   -0.42°/s | Y:   -0.10°/s | Z:   -0.12°/s
X:   -0.35°/s | Y:    0.46°/s | Z:   -0.77°/s
X:   -0.28°/s | Y:    0.75°/s | Z:   -0.47°/s
X:   -0.35°/s | Y:    0.30°/s | Z:    4.25°/s
X:   -0.26°/s | Y:    0.19°/s | Z:   -0.75°/s
X:   -0.88°/s | Y:    0.16°/s | Z:   -0.33°/s
X:   -0.40°/s | Y:    0.42°/s | Z:   -0.42°/s
X:   -0.65°/s | Y:    0.56°/s | Z:   -0.61°/s
X:   -0.42°/s | Y:    0.54°/s | Z:   -0.77°/s
X:   -0.26°/s | Y:    0.33°/s | Z:   -0.58°/s
X:   -0.25°/s | Y:    0.52°/s | Z:   -0.63°/s
X:   -0.16°/s | Y:    0.49°/s | Z:   -0.49°/s
X:   -0.17°/s | Y:    0.26°/s | Z:   -0.30°/s
X:   -0.77°/s | Y:    0.28°/s | Z:   -0.23°/s
X:   -0.05°/s | Y:    0.40°/s | Z:   -0.37°/s
X:   -0.84°/s | Y:    0.04°/s | Z:   -0.65°/s
X:   -0.17°/s | Y:    0.14°/s | Z:   -0.46°/s
X:    0.23°/s | Y:    0.54°/s | Z:   -0.28°/s
X:   -0.47°/s | Y:    0.37°/s | Z:   -0.35°/s
X:   -0.54°/s | Y:   -0.05°/s | Z:   -0.61°/s
X:   -0.61°/s | Y:    0.56°/s | Z:   -0.86°/s
X:   -0.28°/s | Y:    0.63°/s | Z:   -0.56°/s
X:   -0.65°/s | Y:    0.67°/s | Z:   -0.31°/s
X:   -0.54°/s | Y:    0.37°/s | Z:   -0.19°/s
X:   -0.58°/s | Y:   -0.21°/s | Z:   -0.72°/s
X:   -0.38°/s | Y:    0.61°/s | Z:   -0.58°/s
X:   -0.31°/s | Y:    0.05°/s | Z:   -0.61°/s
X:   -0.21°/s | Y:    0.16°/s | Z:   -0.30°/s
X:   -0.31°/s | Y:    0.23°/s | Z:   -0.37°/s
X:   -0.33°/s | Y:    0.12°/s | Z:   -1.05°/s
X:   -0.19°/s | Y:   -0.23°/s | Z:   -0.17°/s
X:   -0.12°/s | Y:    0.23°/s | Z:   -0.30°/s
X:   -0.47°/s | Y:    0.51°/s | Z:   -0.96°/s
X:   -0.37°/s | Y:    0.52°/s | Z:   -0.72°/s
X:   -0.52°/s | Y:    0.51°/s | Z:   -0.35°/s
X:   -0.51°/s | Y:    0.35°/s | Z:   -0.38°/s
X:   -4.48°/s | Y:    0.51°/s | Z:   -0.98°/s
X:   -0.19°/s | Y:    0.67°/s | Z:   -0.26°/s
X:   -0.05°/s | Y:    0.14°/s | Z:   -0.89°/s
X:   -0.31°/s | Y:    0.26°/s | Z:   -0.49°/s
X:   -0.05°/s | Y:    0.12°/s | Z:   -0.10°/s
X:    0.30°/s | Y:    0.16°/s | Z:   -0.37°/s
X:   -0.40°/s | Y:    0.31°/s | Z:   -0.77°/s
X:   -0.52°/s | Y:    0.10°/s | Z:   -0.74°/s
X:   -0.81°/s | Y:    0.44°/s | Z:   -0.72°/s
X:   -0.61°/s | Y:    0.49°/s | Z:   -0.60°/s
X:   -0.60°/s | Y:    0.42°/s | Z:   -0.26°/s
X:   -0.75°/s | Y:    0.35°/s | Z:   -0.40°/s
X:   -0.75°/s | Y:    0.56°/s | Z:   -0.28°/s
X:   -0.37°/s | Y:    0.23°/s | Z:   -1.15°/s
X:   -0.35°/s | Y:    0.30°/s | Z:   -0.61°/s
X:   -0.09°/s | Y:    0.51°/s | Z:   -0.74°/s
X:   -0.05°/s | Y:    0.25°/s | Z:   -0.40°/s
X:   -0.14°/s | Y:    0.04°/s | Z:    0.00°/s
X:   -0.05°/s | Y:   -0.05°/s | Z:   -0.68°/s
X:   -0.33°/s | Y:    0.35°/s | Z:   -0.58°/s
X:   -0.47°/s | Y:    0.42°/s | Z:   -0.17°/s
X:   -0.52°/s | Y:    0.17°/s | Z:   -0.88°/s
X:   -0.42°/s | Y:   -0.07°/s | Z:   -0.56°/s
X:   -0.44°/s | Y:    0.72°/s | Z:   -0.31°/s
X:   -0.61°/s | Y:    0.28°/s | Z:   -0.68°/s
X:   -0.19°/s | Y:    0.54°/s | Z:   -1.12°/s
X:   -0.65°/s | Y:    0.31°/s | Z:   -0.21°/s
X:   -0.94°/s | Y:    0.42°/s | Z:   -0.33°/s
X:   -0.82°/s | Y:    0.61°/s | Z:   -0.93°/s
X:   -0.40°/s | Y:    0.21°/s | Z:   -0.77°/s
X:   -0.79°/s | Y:   -0.02°/s | Z:   -0.77°/s
X:   -0.51°/s | Y:    0.25°/s | Z:    0.05°/s
X:    0.00°/s | Y:    0.07°/s | Z:   -0.54°/s
X:   -0.05°/s | Y:    0.42°/s | Z:   -0.49°/s
X:   -0.02°/s | Y:    0.23°/s | Z:   -0.42°/s
X:   -0.19°/s | Y:    0.05°/s | Z:   -0.42°/s
X:    4.32°/s | Y:    0.31°/s | Z:   -0.46°/s
X:   -0.23°/s | Y:    0.12°/s | Z:   -0.72°/s
X:   -0.17°/s | Y:    0.35°/s | Z:   -0.70°/s
X:   -0.56°/s | Y:    0.21°/s | Z:    0.10°/s
X:   -0.16°/s | Y:    0.72°/s | Z:   -0.72°/s
X:   -0.51°/s | Y:    0.21°/s | Z:   -0.47°/s
X:   -0.51°/s | Y:    0.74°/s | Z:   -0.89°/s
X:   -0.84°/s | Y:    0.44°/s | Z:    0.19°/s
X:   -0.52°/s | Y:    0.52°/s | Z:   -0.63°/s
X:   -0.35°/s | Y:    0.40°/s | Z:   -0.51°/s
X:   -0.58°/s | Y:    0.51°/s | Z:   -0.67°/s
X:   -0.44°/s | Y:    0.12°/s | Z:   -0.67°/s
X:   -0.33°/s | Y:    0.12°/s | Z:   -0.07°/s
X:   -0.19°/s | Y:    0.23°/s | Z:   -0.63°/s
X:   -0.37°/s | Y:    0.37°/s | Z:   -0.68°/s
X:   -0.28°/s | Y:    0.17°/s | Z:   -0.04°/s
X:   -0.26°/s | Y:    0.21°/s | Z:   -0.63°/s
X:   -0.37°/s | Y:    0.09°/s | Z:   -0.65°/s
X:   -0.35°/s | Y:    0.05°/s | Z:   -1.05°/s
X:   -0.46°/s | Y:   -0.05°/s | Z:   -0.79°/s
X:   -0.19°/s | Y:    0.33°/s | Z:   -0.35°/s
X:   -0.54°/s | Y:    0.65°/s | Z:   -1.01°/s
X:   -0.63°/s | Y:    0.31°/s | Z:   -0.33°/s
X:   -0.26°/s | Y:    0.26°/s | Z:   -0.23°/s
X:   -0.28°/s | Y:    0.02°/s | Z:   -0.47°/s
X:   -0.40°/s | Y:    0.30°/s | Z:   -0.33°/s
X:   -0.42°/s | Y:   -0.07°/s | Z:   -0.14°/s
X:   -0.77°/s | Y:    0.46°/s | Z:   -0.44°/s
X:    0.16°/s | Y:    0.33°/s | Z:   -0.72°/s
X:    0.00°/s | Y:    0.23°/s | Z:   -0.51°/s
X:   -0.25°/s | Y:    0.58°/s | Z:   -0.17°/s
X:   -0.60°/s | Y:    0.46°/s | Z:   -0.65°/s
X:   -0.56°/s | Y:    0.49°/s | Z:   -0.63°/s
X:   -0.37°/s | Y:    0.47°/s | Z:   -0.31°/s
X:   -0.21°/s | Y:    0.47°/s | Z:   -0.46°/s
X:   -0.40°/s | Y:    0.35°/s | Z:   -0.35°/s
X:   -0.35°/s | Y:    0.14°/s | Z:   -0.89°/s
X:   -0.21°/s | Y:    0.07°/s | Z:   -0.70°/s
X:   -0.47°/s | Y:    0.19°/s | Z:   -0.05°/s
X:   -0.09°/s | Y:   -0.07°/s | Z:   -0.44°/s
X:   -0.25°/s | Y:    0.17°/s | Z:   -0.54°/s
X:   -0.49°/s | Y:    0.46°/s | Z:   -0.89°/s
X:   -0.25°/s | Y:    0.12°/s | Z:   -0.67°/s
X:   -0.54°/s | Y:    0.14°/s | Z:   -0.68°/s
X:   -0.46°/s | Y:    0.33°/s | Z:   -0.67°/s
X:   -0.61°/s | Y:    0.63°/s | Z:   -0.28°/s
X:   -0.77°/s | Y:    0.74°/s | Z:   -0.19°/s
X:   -0.67°/s | Y:    0.56°/s | Z:   -0.61°/s
X:   -0.10°/s | Y:    0.46°/s | Z:   -0.44°/s
X:    0.02°/s | Y:    0.31°/s | Z:   -0.28°/s
X:   -0.42°/s | Y:    0.38°/s | Z:   -0.60°/s
X:   -0.25°/s | Y:   -0.14°/s | Z:   -0.63°/s
X:   -0.60°/s | Y:    0.35°/s | Z:   -0.28°/s
X:   -0.07°/s | Y:   -0.35°/s | Z:   -0.47°/s
X:   -0.14°/s | Y:    0.23°/s | Z:   -0.33°/s
X:   -0.10°/s | Y:    0.47°/s | Z:    0.05°/s
X:   -0.35°/s | Y:    0.02°/s | Z:   -0.16°/s
X:   -0.88°/s | Y:    0.35°/s | Z:   -0.40°/s
X:   -0.52°/s | Y:    0.28°/s | Z:   -0.84°/s
X:   -0.58°/s | Y:    0.60°/s | Z:   -0.86°/s
X:   -0.67°/s | Y:    0.60°/s | Z:   -0.47°/s
X:   -0.60°/s | Y:    0.35°/s | Z:   -0.84°/s
X:   -0.33°/s | Y:    0.65°/s | Z:   -0.44°/s
X:   -0.35°/s | Y:    0.61°/s | Z:   -0.60°/s
X:   -0.61°/s | Y:    0.35°/s | Z:   -0.63°/s
X:   -0.61°/s | Y:    0.52°/s | Z:   -0.91°/s
X:   -0.31°/s | Y:    0.14°/s | Z:   -0.72°/s
X:    0.02°/s | Y:    0.37°/s | Z:   -1.01°/s
X:   -0.09°/s | Y:    0.07°/s | Z:   -0.44°/s
X:   -0.30°/s | Y:    0.19°/s | Z:   -0.30°/s
X:   -0.16°/s | Y:    0.16°/s | Z:   -0.84°/s
X:   -0.70°/s | Y:    0.05°/s | Z:   -0.28°/s
X:   -0.49°/s | Y:    0.28°/s | Z:   -0.86°/s
X:   -0.75°/s | Y:    0.91°/s | Z:   -0.52°/s
X:   -0.61°/s | Y:    0.44°/s | Z:   -0.75°/s
X:   -0.51°/s | Y:    0.58°/s | Z:   -0.46°/s
X:   -0.67°/s | Y:    0.44°/s | Z:   -0.75°/s
X:   -0.79°/s | Y:    0.63°/s | Z:   -0.31°/s
X:   -0.93°/s | Y:    0.28°/s | Z:   -0.38°/s
X:   -0.67°/s | Y:    0.70°/s | Z:   -0.89°/s
X:   -0.56°/s | Y:    0.17°/s | Z:   -0.47°/s
X:   -0.25°/s | Y:   -0.07°/s | Z:   -0.19°/s
X:   -0.37°/s | Y:    0.14°/s | Z:   -0.98°/s
X:   -0.23°/s | Y:    0.04°/s | Z:   -0.44°/s
X:    0.02°/s | Y:   -0.05°/s | Z:   -0.52°/s
X:   -0.38°/s | Y:   -0.05°/s | Z:   -0.35°/s
X:   -0.33°/s | Y:    0.31°/s | Z:   -0.42°/s
X:   -0.65°/s | Y:    0.37°/s | Z:   -0.28°/s
X:   -0.52°/s | Y:    0.31°/s | Z:   -0.40°/s
X:   -0.37°/s | Y:    0.56°/s | Z:   -0.88°/s
X:   -0.54°/s | Y:    0.54°/s | Z:   -0.25°/s
X:   -0.37°/s | Y:    0.35°/s | Z:   -0.26°/s
X:   -0.47°/s | Y:    0.51°/s | Z:   -0.38°/s
X:   -0.31°/s | Y:   -0.04°/s | Z:   -0.51°/s
X:   -0.51°/s | Y:    0.02°/s | Z:   -0.47°/s
X:   -0.49°/s | Y:    0.37°/s | Z:   -0.49°/s
X:   -0.09°/s | Y:    0.23°/s | Z:   -0.49°/s
X:   -0.33°/s | Y:    0.14°/s | Z:   -0.14°/s
X:   -0.28°/s | Y:    0.02°/s | Z:   -0.28°/s
X:   -0.21°/s | Y:    0.67°/s | Z:   -0.47°/s
X:   -0.37°/s | Y:    0.44°/s | Z:   -0.42°/s
X:   -0.58°/s | Y:    0.52°/s | Z:   -0.40°/s
X:    0.00°/s | Y:    0.17°/s | Z:   -0.89°/s
X:   -0.40°/s | Y:    0.17°/s | Z:   -0.77°/s
X:   -0.26°/s | Y:    0.38°/s | Z:   -0.26°/s
X:   -0.52°/s | Y:    0.54°/s | Z:   -0.31°/s
X:   -0.58°/s | Y:    0.12°/s | Z:   -0.72°/s
X:   -0.47°/s | Y:    0.30°/s | Z:   -0.16°/s
X:    0.07°/s | Y:    0.33°/s | Z:   -0.68°/s
X:   -0.28°/s | Y:    0.33°/s | Z:   -0.72°/s
X:   -0.40°/s | Y:    0.04°/s | Z:   -0.23°/s
X:   -0.21°/s | Y:   -0.16°/s | Z:   -0.68°/s
X:   -0.10°/s | Y:    0.31°/s | Z:    4.30°/s
X:   -0.26°/s | Y:    0.23°/s | Z:   -0.37°/s
X:   -0.40°/s | Y:    0.70°/s | Z:   -0.81°/s
X:   -0.77°/s | Y:    0.40°/s | Z:   -0.28°/s
X:   -0.25°/s | Y:    0.33°/s | Z:   -0.31°/s
X:   -0.38°/s | Y:    0.28°/s | Z:   -0.63°/s

📊 Interrupt Stats (every 1000 loops / ~2.5s):
  Avg Cycles/Loop: 179722
  Loop Time: 2496.139μs
  Anomalies: 2
  CPU Usage: ~0.10%
──────────────────────────────────────
X:   -0.38°/s | Y:    0.49°/s | Z:   -0.38°/s
X:   -0.30°/s | Y:    0.58°/s | Z:   -0.52°/s
X:   -0.16°/s | Y:    0.30°/s | Z:   -0.58°/s
X:   -0.12°/s | Y:    0.14°/s | Z:   -0.31°/s
X:   -0.17°/s | Y:    0.17°/s | Z:   -0.38°/s
X:   -0.42°/s | Y:    0.10°/s | Z:   -0.49°/s
X:   -0.21°/s | Y:    0.16°/s | Z:   -0.54°/s
X:   -0.35°/s | Y:    0.40°/s | Z:   -0.26°/s
X:   -0.25°/s | Y:    0.25°/s | Z:   -0.40°/s
X:   -0.60°/s | Y:    0.31°/s | Z:   -0.52°/s
X:   -0.77°/s | Y:    0.40°/s | Z:   -0.49°/s
X:   -0.54°/s | Y:    0.46°/s | Z:   -0.70°/s
X:   -0.51°/s | Y:    0.58°/s | Z:   -0.31°/s
X:   -0.33°/s | Y:    0.23°/s | Z:   -0.60°/s
X:   -0.38°/s | Y:    0.16°/s | Z:   -0.72°/s
X:   -0.16°/s | Y:    0.07°/s | Z:   -0.23°/s
X:   -0.40°/s | Y:    0.26°/s | Z:   -0.05°/s
X:   -0.67°/s | Y:   -0.02°/s | Z:   -0.47°/s
X:   -0.51°/s | Y:   -0.05°/s | Z:   -0.12°/s
X:   -0.26°/s | Y:    0.33°/s | Z:   -0.19°/s
X:   -0.28°/s | Y:    0.44°/s | Z:   -0.35°/s
X:   -0.16°/s | Y:    0.38°/s | Z:    0.05°/s
X:   -0.91°/s | Y:    0.67°/s | Z:   -0.05°/s
X:   -0.70°/s | Y:    0.51°/s | Z:   -0.42°/s
X:   -0.82°/s | Y:    0.19°/s | Z:   -0.52°/s
X:   -0.54°/s | Y:    0.58°/s | Z:   -0.16°/s
X:   -0.35°/s | Y:   -0.07°/s | Z:   -0.19°/s
X:   -0.46°/s | Y:    0.33°/s | Z:   -0.98°/s
X:   -0.47°/s | Y:   -0.14°/s | Z:   -0.10°/s
X:   -0.86°/s | Y:    0.37°/s | Z:   -0.61°/s
X:   -0.25°/s | Y:    0.38°/s | Z:   -0.51°/s
X:   -0.44°/s | Y:    0.38°/s | Z:   -0.49°/s
X:   -0.56°/s | Y:    0.44°/s | Z:   -0.49°/s
X:   -0.60°/s | Y:    0.65°/s | Z:   -0.42°/s
X:   -0.47°/s | Y:    0.21°/s | Z:   -0.33°/s
X:   -0.46°/s | Y:    0.47°/s | Z:   -0.68°/s
X:   -0.54°/s | Y:    0.35°/s | Z:   -0.58°/s
X:   -0.38°/s | Y:    0.17°/s | Z:   -0.68°/s
X:   -0.37°/s | Y:    0.12°/s | Z:   -0.61°/s
X:   -0.25°/s | Y:    0.28°/s | Z:   -0.82°/s
X:    0.21°/s | Y:    0.04°/s | Z:   -0.42°/s
X:   -0.33°/s | Y:    0.25°/s | Z:   -0.67°/s
X:   -0.21°/s | Y:   -0.12°/s | Z:    0.14°/s
X:   -0.91°/s | Y:    0.38°/s | Z:   -1.23°/s
X:   -0.37°/s | Y:    0.16°/s | Z:    0.09°/s
X:   -0.40°/s | Y:    0.47°/s | Z:   -0.46°/s
X:   -0.46°/s | Y:   -0.09°/s | Z:   -0.37°/s
X:   -0.31°/s | Y:    0.07°/s | Z:   -0.40°/s
X:   -0.14°/s | Y:    0.37°/s | Z:   -0.19°/s
X:   -0.09°/s | Y:    0.04°/s | Z:   -0.23°/s
X:   -0.40°/s | Y:    0.16°/s | Z:   -0.37°/s
X:   -0.21°/s | Y:    0.12°/s | Z:   -0.60°/s
X:   -0.42°/s | Y:    0.28°/s | Z:   -0.60°/s
X:   -0.23°/s | Y:    0.02°/s | Z:   -0.58°/s
X:   -0.63°/s | Y:    0.44°/s | Z:   -0.37°/s
X:   -0.96°/s | Y:    0.58°/s | Z:   -0.84°/s
X:   -0.23°/s | Y:    0.58°/s | Z:   -0.60°/s
X:   -0.21°/s | Y:    0.16°/s | Z:   -0.12°/s
X:   -0.54°/s | Y:    0.07°/s | Z:   -0.12°/s
X:   -0.16°/s | Y:    0.17°/s | Z:   -0.68°/s
X:   -0.04°/s | Y:   -0.09°/s | Z:   -0.52°/s
X:   -0.54°/s | Y:    0.72°/s | Z:   -0.67°/s
X:   -0.79°/s | Y:    0.30°/s | Z:   -0.82°/s
X:   -0.46°/s | Y:    0.46°/s | Z:   -0.54°/s
X:   -0.09°/s | Y:    0.35°/s | Z:   -0.47°/s
X:   -0.38°/s | Y:    0.35°/s | Z:   -0.33°/s
X:   -0.17°/s | Y:    0.35°/s | Z:   -0.37°/s
X:   -0.40°/s | Y:    0.07°/s | Z:   -0.38°/s
X:   -0.02°/s | Y:    0.25°/s | Z:   -0.72°/s
X:   -0.25°/s | Y:   -0.21°/s | Z:   -0.42°/s
X:   -0.47°/s | Y:    0.14°/s | Z:   -0.61°/s
X:   -0.33°/s | Y:    0.17°/s | Z:   -0.47°/s
X:   -0.70°/s | Y:    0.02°/s | Z:   -1.05°/s
X:    0.21°/s | Y:    0.25°/s | Z:   -0.63°/s
X:   -0.37°/s | Y:    0.46°/s | Z:   -0.51°/s
X:   -0.60°/s | Y:    0.81°/s | Z:   -1.05°/s
X:   -0.35°/s | Y:    0.82°/s | Z:   -0.46°/s
X:   -0.70°/s | Y:    0.35°/s | Z:   -0.81°/s
X:   -0.58°/s | Y:    0.67°/s | Z:   -1.47°/s
X:   -0.74°/s | Y:    0.33°/s | Z:   -0.21°/s
X:   -0.65°/s | Y:    0.25°/s | Z:   -0.65°/s
X:   -0.58°/s | Y:   -0.16°/s | Z:   -0.75°/s
X:    0.02°/s | Y:    4.39°/s | Z:   -0.51°/s
X:   -0.38°/s | Y:    0.25°/s | Z:   -0.89°/s
X:   -0.23°/s | Y:    0.16°/s | Z:   -0.70°/s
X:   -0.14°/s | Y:    0.16°/s | Z:    0.16°/s
X:   -0.30°/s | Y:    0.04°/s | Z:   -0.31°/s
X:   -0.86°/s | Y:    0.51°/s | Z:   -0.94°/s
X:   -0.52°/s | Y:    0.65°/s | Z:   -0.63°/s
X:   -0.54°/s | Y:    0.54°/s | Z:   -0.68°/s
X:   -0.56°/s | Y:    0.52°/s | Z:   -0.44°/s
X:   -0.52°/s | Y:    0.98°/s | Z:   -0.60°/s
X:   -0.56°/s | Y:    0.28°/s | Z:   -0.86°/s
X:   -0.58°/s | Y:    0.28°/s | Z:   -0.25°/s
X:   -0.28°/s | Y:    0.31°/s | Z:   -0.51°/s
X:   -0.72°/s | Y:   -0.07°/s | Z:   -0.49°/s
X:   -0.19°/s | Y:    0.07°/s | Z:   -0.54°/s
X:   -0.30°/s | Y:    0.00°/s | Z:   -0.93°/s
X:   -0.70°/s | Y:    0.26°/s | Z:   -0.19°/s
X:   -0.81°/s | Y:    0.35°/s | Z:   -0.60°/s
X:   -0.49°/s | Y:    0.61°/s | Z:   -0.89°/s
X:   -0.75°/s | Y:    0.54°/s | Z:   -0.46°/s
X:   -0.49°/s | Y:    0.28°/s | Z:   -0.09°/s
X:   -0.56°/s | Y:    0.37°/s | Z:   -0.16°/s
X:   -0.46°/s | Y:    0.63°/s | Z:   -0.72°/s
X:    0.02°/s | Y:    0.00°/s | Z:   -0.26°/s
X:   -0.10°/s | Y:    0.19°/s | Z:   -0.46°/s
X:   -0.02°/s | Y:    0.07°/s | Z:   -0.28°/s
X:   -0.02°/s | Y:   -0.12°/s | Z:   -0.56°/s
X:   -0.16°/s | Y:    0.17°/s | Z:   -0.54°/s
X:   -0.58°/s | Y:    0.30°/s | Z:    0.26°/s
X:   -0.60°/s | Y:    0.25°/s | Z:   -0.84°/s
X:   -0.31°/s | Y:    0.17°/s | Z:   -0.68°/s
X:   -0.65°/s | Y:    0.40°/s | Z:   -0.26°/s
X:   -0.42°/s | Y:    0.47°/s | Z:   -0.60°/s
X:   -0.63°/s | Y:    0.16°/s | Z:   -0.56°/s
X:   -0.56°/s | Y:    0.79°/s | Z:   -0.30°/s
X:   -0.31°/s | Y:    0.02°/s | Z:    0.00°/s
X:    0.04°/s | Y:    0.02°/s | Z:   -0.46°/s
X:   -0.38°/s | Y:    0.42°/s | Z:   -0.42°/s
X:   -0.25°/s | Y:    0.42°/s | Z:   -0.61°/s
X:   -0.26°/s | Y:    0.47°/s | Z:   -0.74°/s
X:   -0.40°/s | Y:   -0.16°/s | Z:   -0.26°/s
X:   -0.37°/s | Y:    0.10°/s | Z:   -0.44°/s
X:   -0.38°/s | Y:    0.26°/s | Z:   -0.51°/s
X:   -0.65°/s | Y:    0.38°/s | Z:   -0.56°/s
X:   -0.54°/s | Y:    0.51°/s | Z:   -0.79°/s
X:   -0.42°/s | Y:    0.38°/s | Z:   -0.81°/s
X:   -0.61°/s | Y:    0.72°/s | Z:   -0.77°/s
X:   -0.91°/s | Y:   -0.16°/s | Z:   -0.52°/s
X:   -0.31°/s | Y:    0.38°/s | Z:   -0.10°/s
X:   -0.49°/s | Y:    0.19°/s | Z:   -0.46°/s
X:   -0.47°/s | Y:    0.07°/s | Z:   -0.46°/s
X:   -4.45°/s | Y:    0.05°/s | Z:   -0.58°/s
X:   -0.52°/s | Y:    0.19°/s | Z:   -0.28°/s
X:   -0.17°/s | Y:    4.34°/s | Z:   -0.60°/s
X:   -0.52°/s | Y:    0.31°/s | Z:   -0.21°/s
X:   -0.89°/s | Y:    0.00°/s | Z:   -0.05°/s
X:   -0.54°/s | Y:    0.58°/s | Z:   -0.54°/s
X:   -0.44°/s | Y:    0.46°/s | Z:   -0.16°/s
X:   -0.65°/s | Y:    0.70°/s | Z:   -0.51°/s
X:   -0.56°/s | Y:    0.30°/s | Z:   -1.03°/s
X:    0.00°/s | Y:    0.54°/s | Z:   -0.04°/s
X:   -0.49°/s | Y:    0.04°/s | Z:   -0.26°/s
X:   -0.68°/s | Y:    0.38°/s | Z:   -0.58°/s
X:   -0.19°/s | Y:    0.21°/s | Z:   -0.58°/s
X:   -0.19°/s | Y:   -0.17°/s | Z:   -0.51°/s
X:   -0.70°/s | Y:    0.28°/s | Z:   -0.38°/s
X:   -0.25°/s | Y:    0.07°/s | Z:   -0.81°/s
X:   -0.31°/s | Y:    0.42°/s | Z:   -0.58°/s
X:   -0.38°/s | Y:    0.25°/s | Z:   -0.46°/s
X:   -0.26°/s | Y:    0.51°/s | Z:    0.25°/s
X:   -0.33°/s | Y:    0.30°/s | Z:   -0.21°/s
X:   -0.46°/s | Y:    0.82°/s | Z:   -0.30°/s
X:   -0.54°/s | Y:    0.19°/s | Z:   -0.05°/s
X:   -0.42°/s | Y:    0.38°/s | Z:   -0.79°/s
X:   -0.26°/s | Y:    0.33°/s | Z:   -0.40°/s
X:   -0.25°/s | Y:    0.14°/s | Z:   -0.23°/s
X:   -0.54°/s | Y:    0.19°/s | Z:   -0.23°/s
X:   -0.09°/s | Y:   -0.12°/s | Z:   -0.47°/s
X:   -0.10°/s | Y:    0.28°/s | Z:   -0.98°/s
X:   -0.09°/s | Y:    0.26°/s | Z:   -0.04°/s
X:   -0.04°/s | Y:   -0.02°/s | Z:   -0.47°/s
X:   -0.12°/s | Y:   -0.12°/s | Z:   -0.33°/s
X:   -0.56°/s | Y:    0.26°/s | Z:   -0.19°/s
X:   -0.75°/s | Y:    0.38°/s | Z:   -0.46°/s
X:   -0.79°/s | Y:    0.21°/s | Z:   -0.60°/s
X:   -0.82°/s | Y:    0.16°/s | Z:   -0.67°/s
X:   -0.26°/s | Y:    0.54°/s | Z:   -0.42°/s
X:   -4.46°/s | Y:    0.42°/s | Z:    0.09°/s
X:   -0.14°/s | Y:    0.42°/s | Z:   -0.98°/s
X:   -0.16°/s | Y:    0.40°/s | Z:   -0.54°/s
X:   -0.51°/s | Y:    0.12°/s | Z:   -0.12°/s
X:   -0.28°/s | Y:    0.25°/s | Z:    0.09°/s
X:   -0.49°/s | Y:    0.19°/s | Z:   -0.51°/s
X:   -0.14°/s | Y:    0.42°/s | Z:   -0.81°/s
X:   -0.35°/s | Y:    0.30°/s | Z:   -0.75°/s
X:   -0.42°/s | Y:    0.61°/s | Z:   -0.52°/s
X:   -0.16°/s | Y:    0.30°/s | Z:   -0.75°/s
X:   -0.46°/s | Y:    0.23°/s | Z:   -0.65°/s
X:   -0.33°/s | Y:    0.42°/s | Z:   -0.54°/s
X:   -0.44°/s | Y:    0.77°/s | Z:    0.25°/s
X:   -0.33°/s | Y:    0.40°/s | Z:   -0.91°/s
X:   -0.35°/s | Y:    0.14°/s | Z:   -0.65°/s
X:   -0.30°/s | Y:   -0.05°/s | Z:   -0.12°/s
X:    0.07°/s | Y:    0.10°/s | Z:   -0.44°/s
X:   -0.40°/s | Y:    0.23°/s | Z:   -0.60°/s
X:   -0.23°/s | Y:    0.26°/s | Z:   -0.23°/s
X:   -0.37°/s | Y:    0.16°/s | Z:   -0.37°/s
X:   -0.35°/s | Y:    0.12°/s | Z:   -0.52°/s
X:   -0.40°/s | Y:    0.56°/s | Z:   -0.84°/s
X:   -0.51°/s | Y:    0.31°/s | Z:    0.10°/s
X:   -0.72°/s | Y:    0.42°/s | Z:   -0.52°/s
X:   -0.54°/s | Y:    0.68°/s | Z:   -0.49°/s
X:   -1.00°/s | Y:    0.65°/s | Z:   -0.68°/s
X:   -0.37°/s | Y:    0.00°/s | Z:   -0.65°/s
X:   -0.37°/s | Y:    0.25°/s | Z:   -0.16°/s
X:   -0.61°/s | Y:    0.35°/s | Z:   -0.58°/s
X:   -0.26°/s | Y:    0.21°/s | Z:   -0.49°/s
X:   -0.23°/s | Y:   -0.14°/s | Z:   -0.16°/s
X:    0.02°/s | Y:   -0.07°/s | Z:   -0.21°/s
X:   -0.37°/s | Y:    0.00°/s | Z:   -0.16°/s
X:   -0.19°/s | Y:    0.16°/s | Z:   -0.42°/s
X:    0.05°/s | Y:    0.05°/s | Z:   -0.25°/s
X:   -0.56°/s | Y:    0.44°/s | Z:   -0.52°/s
X:   -0.72°/s | Y:    0.37°/s | Z:   -0.68°/s
X:   -0.52°/s | Y:    0.52°/s | Z:   -0.74°/s
X:   -0.40°/s | Y:    0.19°/s | Z:   -0.09°/s
X:   -0.42°/s | Y:    0.19°/s | Z:   -0.25°/s
X:   -0.52°/s | Y:    0.17°/s | Z:   -0.68°/s
X:   -0.33°/s | Y:    0.46°/s | Z:   -1.05°/s
X:   -0.23°/s | Y:   -0.09°/s | Z:   -0.44°/s
X:   -0.25°/s | Y:    0.35°/s | Z:   -0.02°/s
X:   -0.14°/s | Y:    0.35°/s | Z:   -0.68°/s
X:   -0.40°/s | Y:    0.17°/s | Z:   -0.75°/s
X:   -0.67°/s | Y:    0.28°/s | Z:   -0.25°/s
X:   -0.77°/s | Y:    0.47°/s | Z:   -0.88°/s
X:   -0.33°/s | Y:    0.44°/s | Z:   -0.23°/s
X:   -0.30°/s | Y:    0.61°/s | Z:   -0.74°/s
X:   -0.33°/s | Y:    0.28°/s | Z:   -0.37°/s
X:   -0.65°/s | Y:    0.42°/s | Z:   -0.58°/s
X:   -0.37°/s | Y:    0.23°/s | Z:   -0.49°/s
X:   -0.28°/s | Y:    0.07°/s | Z:   -0.09°/s
X:    0.33°/s | Y:    0.31°/s | Z:   -1.00°/s
X:   -0.91°/s | Y:    0.02°/s | Z:   -0.21°/s
X:   -0.35°/s | Y:    0.19°/s | Z:   -0.54°/s
X:   -0.47°/s | Y:    0.14°/s | Z:   -0.16°/s
X:   -0.60°/s | Y:    0.49°/s | Z:   -0.44°/s
X:   -0.49°/s | Y:    0.58°/s | Z:   -0.61°/s
X:   -0.91°/s | Y:    0.70°/s | Z:   -0.70°/s
X:   -0.30°/s | Y:    0.81°/s | Z:   -1.14°/s
X:   -0.10°/s | Y:    0.25°/s | Z:   -0.28°/s
X:   -0.44°/s | Y:    0.30°/s | Z:   -0.33°/s
X:   -0.16°/s | Y:    0.31°/s | Z:   -0.96°/s
X:    0.02°/s | Y:    0.68°/s | Z:   -0.02°/s
X:   -0.60°/s | Y:   -0.02°/s | Z:   -0.58°/s
X:   -0.05°/s | Y:    0.25°/s | Z:   -0.61°/s
X:   -0.05°/s | Y:    0.10°/s | Z:   -0.31°/s
X:   -0.07°/s | Y:    0.05°/s | Z:   -0.46°/s
X:   -0.28°/s | Y:    0.28°/s | Z:   -0.56°/s
X:   -0.60°/s | Y:    0.72°/s | Z:   -0.68°/s
X:   -0.44°/s | Y:    0.68°/s | Z:   -0.33°/s
X:   -0.16°/s | Y:    0.54°/s | Z:   -0.84°/s
X:   -0.61°/s | Y:    0.31°/s | Z:   -0.40°/s
X:   -0.19°/s | Y:    0.52°/s | Z:   -0.17°/s
X:   -0.54°/s | Y:    0.31°/s | Z:   -1.00°/s
X:   -0.16°/s | Y:    4.45°/s | Z:   -0.54°/s
X:   -0.52°/s | Y:    0.30°/s | Z:   -0.44°/s
X:   -0.37°/s | Y:    0.31°/s | Z:   -0.44°/s
X:   -0.07°/s | Y:   -0.23°/s | Z:   -0.42°/s

📊 Interrupt Stats (every 1000 loops / ~2.5s):
  Avg Cycles/Loop: 180000
  Loop Time: 2500.000μs
  Anomalies: 2
  CPU Usage: ~0.10%
──────────────────────────────────────
X:   -0.46°/s | Y:   -0.16°/s | Z:   -0.61°/s
X:   -0.30°/s | Y:    0.28°/s | Z:   -0.75°/s
X:   -0.47°/s | Y:    0.38°/s | Z:    0.02°/s
X:    0.30°/s | Y:   -0.05°/s | Z:   -0.30°/s
X:   -0.30°/s | Y:    0.23°/s | Z:   -0.49°/s
X:   -0.42°/s | Y:    0.52°/s | Z:   -0.51°/s
X:   -0.07°/s | Y:    0.00°/s | Z:   -0.61°/s
X:   -0.37°/s | Y:    0.47°/s | Z:   -0.61°/s
X:   -0.14°/s | Y:   -0.28°/s | Z:   -0.60°/s
X:   -0.21°/s | Y:    0.61°/s | Z:   -0.63°/s
X:   -0.09°/s | Y:    0.04°/s | Z:   -0.04°/s
X:   -0.56°/s | Y:    0.49°/s | Z:   -0.56°/s
X:   -0.33°/s | Y:    0.54°/s | Z:   -0.37°/s
X:   -0.60°/s | Y:    0.67°/s | Z:   -0.44°/s
X:   -0.31°/s | Y:    0.42°/s | Z:   -0.56°/s
X:   -0.35°/s | Y:    0.61°/s | Z:   -0.72°/s
X:   -0.14°/s | Y:    0.40°/s | Z:   -0.47°/s
X:   -0.30°/s | Y:    0.00°/s | Z:   -0.10°/s
X:   -0.07°/s | Y:    0.37°/s | Z:   -0.56°/s
X:   -0.51°/s | Y:    0.30°/s | Z:   -0.54°/s
X:   -0.65°/s | Y:    0.19°/s | Z:   -0.10°/s
X:   -0.23°/s | Y:   -0.23°/s | Z:   -0.72°/s
X:   -0.40°/s | Y:    0.02°/s | Z:   -0.54°/s
X:   -0.05°/s | Y:    0.23°/s | Z:   -0.31°/s
X:    0.10°/s | Y:    0.05°/s | Z:   -0.40°/s
X:   -0.51°/s | Y:   -0.07°/s | Z:    0.09°/s
X:    0.05°/s | Y:   -0.30°/s | Z:   -0.52°/s
X:    0.19°/s | Y:   -0.02°/s | Z:   -0.19°/s
X:   -0.54°/s | Y:    0.14°/s | Z:   -0.33°/s
X:   -0.05°/s | Y:    0.14°/s | Z:   -0.40°/s
X:   -0.10°/s | Y:    0.17°/s | Z:   -0.82°/s
X:   -0.68°/s | Y:    0.35°/s | Z:   -0.46°/s
X:    1.03°/s | Y:    0.52°/s | Z:   -1.73°/s
X:    0.05°/s | Y:    0.63°/s | Z:   -1.03°/s
X:   -0.81°/s | Y:    0.35°/s | Z:   -0.42°/s
X:   -0.46°/s | Y:    0.47°/s | Z:   -0.52°/s
X:    0.00°/s | Y:    0.44°/s | Z:   -0.25°/s
X:   -0.35°/s | Y:    0.33°/s | Z:   -0.54°/s
X:   -0.67°/s | Y:    0.12°/s | Z:    0.00°/s
X:   -0.26°/s | Y:    0.16°/s | Z:   -0.94°/s
X:   -0.19°/s | Y:    0.09°/s | Z:   -0.28°/s
X:   -0.61°/s | Y:    0.30°/s | Z:   -0.68°/s
X:   -0.16°/s | Y:    0.35°/s | Z:   -0.49°/s
X:    0.30°/s | Y:   -0.05°/s | Z:   -0.67°/s
X:   -0.17°/s | Y:    0.02°/s | Z:   -0.16°/s
X:   -0.35°/s | Y:   -0.28°/s | Z:   -0.31°/s
X:   -0.17°/s | Y:   -0.10°/s | Z:   -0.72°/s
X:   -0.02°/s | Y:   -0.10°/s | Z:   -0.44°/s
X:   -0.46°/s | Y:    0.07°/s | Z:   -0.07°/s
X:   -0.58°/s | Y:    0.58°/s | Z:   -0.88°/s
X:   -0.67°/s | Y:    0.65°/s | Z:   -0.75°/s
X:   -0.60°/s | Y:    0.42°/s | Z:    0.04°/s
X:   -0.33°/s | Y:    0.25°/s | Z:   -0.63°/s
X:   -0.38°/s | Y:    0.02°/s | Z:   -0.46°/s
X:   -0.40°/s | Y:    0.14°/s | Z:   -0.79°/s
X:   -0.10°/s | Y:    0.21°/s | Z:   -0.54°/s
X:   -0.21°/s | Y:    0.23°/s | Z:   -0.60°/s
X:   -0.25°/s | Y:    0.26°/s | Z:   -0.56°/s
X:   -0.02°/s | Y:    0.12°/s | Z:   -0.05°/s
X:   -0.23°/s | Y:   -0.09°/s | Z:   -0.21°/s
X:   -0.74°/s | Y:    0.25°/s | Z:   -0.10°/s
X:   -0.51°/s | Y:    0.44°/s | Z:   -0.26°/s
X:   -0.49°/s | Y:    0.35°/s | Z:   -0.17°/s
X:   -0.23°/s | Y:    0.31°/s | Z:   -0.46°/s
X:   -0.61°/s | Y:    0.12°/s | Z:   -0.37°/s
X:   -0.35°/s | Y:    0.72°/s | Z:   -0.28°/s
X:   -0.19°/s | Y:    0.63°/s | Z:   -0.67°/s
X:   -0.52°/s | Y:   -0.09°/s | Z:   -1.24°/s
X:   -0.31°/s | Y:    0.17°/s | Z:   -0.33°/s
X:   -0.38°/s | Y:   -0.10°/s | Z:   -0.67°/s
X:   -0.33°/s | Y:    0.23°/s | Z:   -0.25°/s
X:   -0.05°/s | Y:    0.42°/s | Z:   -0.40°/s
X:   -0.33°/s | Y:    0.19°/s | Z:   -0.38°/s
X:   -0.49°/s | Y:    1.09°/s | Z:   -0.68°/s
X:   -0.68°/s | Y:    0.46°/s | Z:   -0.23°/s
X:   -0.75°/s | Y:    0.33°/s | Z:   -0.60°/s
X:   -0.37°/s | Y:    0.56°/s | Z:   -0.65°/s
X:   -0.09°/s | Y:    0.31°/s | Z:   -0.74°/s
X:   -0.56°/s | Y:    0.21°/s | Z:   -0.52°/s
X:   -0.81°/s | Y:    0.00°/s | Z:   -0.37°/s
X:   -0.46°/s | Y:    0.16°/s | Z:   -0.25°/s
X:   -0.49°/s | Y:    0.40°/s | Z:   -0.40°/s
X:   -0.17°/s | Y:    0.00°/s | Z:   -0.19°/s
X:   -0.26°/s | Y:    0.09°/s | Z:   -0.26°/s
X:   -0.42°/s | Y:    0.00°/s | Z:   -0.23°/s
X:    0.02°/s | Y:    0.00°/s | Z:   -0.79°/s
X:   -0.07°/s | Y:    0.02°/s | Z:   -0.38°/s
X:   -0.07°/s | Y:   -0.10°/s | Z:   -0.54°/s
X:   -0.40°/s | Y:    0.26°/s | Z:   -0.16°/s
X:   -0.14°/s | Y:    0.10°/s | Z:   -0.47°/s
X:   -0.65°/s | Y:    0.21°/s | Z:   -0.46°/s
X:   -0.51°/s | Y:    0.60°/s | Z:   -0.35°/s
X:   -0.42°/s | Y:    0.79°/s | Z:   -0.60°/s
X:   -0.19°/s | Y:    0.38°/s | Z:   -0.38°/s
X:   -0.51°/s | Y:    0.28°/s | Z:   -1.12°/s
X:    0.12°/s | Y:    0.58°/s | Z:   -0.61°/s
X:   -0.17°/s | Y:    0.33°/s | Z:   -0.81°/s
X:    0.02°/s | Y:    0.17°/s | Z:   -0.70°/s
X:    0.05°/s | Y:   -0.16°/s | Z:   -0.86°/s
X:   -0.49°/s | Y:    0.37°/s | Z:   -0.47°/s
X:   -0.14°/s | Y:    0.09°/s | Z:   -0.61°/s
X:   -0.47°/s | Y:    0.12°/s | Z:   -0.31°/s
X:   -0.44°/s | Y:    0.31°/s | Z:   -0.28°/s
X:   -0.40°/s | Y:    0.14°/s | Z:   -0.74°/s
X:   -0.21°/s | Y:    0.47°/s | Z:   -0.25°/s
X:   -0.60°/s | Y:    0.30°/s | Z:   -0.49°/s
X:   -0.58°/s | Y:    0.61°/s | Z:   -0.68°/s
X:   -0.38°/s | Y:    0.35°/s | Z:   -0.02°/s
X:   -0.28°/s | Y:    0.42°/s | Z:   -0.28°/s
X:   -0.51°/s | Y:    0.16°/s | Z:   -1.12°/s
X:   -0.09°/s | Y:    0.30°/s | Z:   -0.93°/s
X:   -0.35°/s | Y:    0.25°/s | Z:   -0.35°/s
X:   -0.19°/s | Y:    0.35°/s | Z:   -0.05°/s
X:    0.05°/s | Y:    0.17°/s | Z:   -0.07°/s
X:   -0.07°/s | Y:    0.17°/s | Z:   -0.63°/s
X:    0.05°/s | Y:    0.07°/s | Z:   -0.46°/s
X:    0.04°/s | Y:    0.31°/s | Z:   -0.37°/s
X:   -0.21°/s | Y:   -0.16°/s | Z:   -0.75°/s
X:   -0.05°/s | Y:    0.23°/s | Z:   -0.37°/s
X:   -0.23°/s | Y:   -0.19°/s | Z:   -0.58°/s
X:    0.05°/s | Y:    0.40°/s | Z:   -0.58°/s
X:   -0.33°/s | Y:    0.23°/s | Z:   -0.98°/s
X:   -0.38°/s | Y:    0.58°/s | Z:   -0.70°/s
X:   -0.38°/s | Y:    0.74°/s | Z:   -0.77°/s
X:   -0.30°/s | Y:    0.46°/s | Z:   -0.21°/s
X:   -0.91°/s | Y:    0.54°/s | Z:   -0.65°/s
X:   -0.47°/s | Y:    0.19°/s | Z:   -0.56°/s
X:    0.04°/s | Y:    0.28°/s | Z:   -0.26°/s
X:   -0.23°/s | Y:    0.28°/s | Z:   -0.61°/s
X:    0.12°/s | Y:    0.23°/s | Z:   -0.49°/s
X:   -0.38°/s | Y:    0.38°/s | Z:   -0.51°/s
X:   -0.23°/s | Y:   -0.17°/s | Z:   -0.26°/s
X:   -0.12°/s | Y:    0.28°/s | Z:   -1.01°/s
X:    0.02°/s | Y:    0.12°/s | Z:   -0.10°/s
X:   -0.51°/s | Y:    0.07°/s | Z:   -0.88°/s
X:   -0.51°/s | Y:    0.30°/s | Z:   -0.49°/s
X:   -0.52°/s | Y:    0.02°/s | Z:   -0.47°/s
X:   -0.26°/s | Y:    0.19°/s | Z:   -0.05°/s
X:   -0.47°/s | Y:    0.05°/s | Z:   -1.15°/s
X:   -0.63°/s | Y:    0.28°/s | Z:   -0.49°/s
X:   -0.72°/s | Y:    0.65°/s | Z:   -0.58°/s
X:   -0.49°/s | Y:    0.61°/s | Z:   -0.21°/s
X:   -0.16°/s | Y:    0.07°/s | Z:   -0.44°/s
X:   -0.68°/s | Y:    0.63°/s | Z:   -0.52°/s
X:   -0.93°/s | Y:    0.70°/s | Z:   -0.37°/s
X:   -0.40°/s | Y:    0.38°/s | Z:   -0.33°/s
X:    0.00°/s | Y:    0.49°/s | Z:   -0.70°/s
X:   -0.17°/s | Y:    0.07°/s | Z:   -0.31°/s
X:   -0.63°/s | Y:    0.25°/s | Z:   -1.10°/s
X:    0.14°/s | Y:   -0.47°/s | Z:   -0.07°/s
X:   -0.10°/s | Y:   -0.19°/s | Z:   -0.33°/s
X:   -0.35°/s | Y:   -0.07°/s | Z:   -0.89°/s
X:   -0.42°/s | Y:    0.19°/s | Z:   -0.49°/s
X:   -0.05°/s | Y:    0.30°/s | Z:   -0.74°/s
X:   -0.14°/s | Y:    0.17°/s | Z:   -0.49°/s
X:   -0.68°/s | Y:    0.33°/s | Z:   -0.93°/s
X:   -0.60°/s | Y:    0.42°/s | Z:   -0.17°/s
X:   -0.67°/s | Y:    1.00°/s | Z:   -0.25°/s
X:   -0.54°/s | Y:    0.60°/s | Z:   -0.28°/s
X:   -0.40°/s | Y:    0.58°/s | Z:   -0.84°/s
X:   -0.86°/s | Y:    0.68°/s | Z:   -0.17°/s
X:   -0.60°/s | Y:    0.31°/s | Z:   -0.21°/s
X:   -0.82°/s | Y:    0.42°/s | Z:   -0.47°/s
X:   -0.05°/s | Y:    0.16°/s | Z:   -0.28°/s
X:   -0.40°/s | Y:    0.17°/s | Z:    0.02°/s
X:    0.02°/s | Y:    0.17°/s | Z:   -0.63°/s
X:   -0.40°/s | Y:    0.23°/s | Z:   -0.10°/s
X:   -0.26°/s | Y:    0.49°/s | Z:   -0.93°/s
X:   -0.30°/s | Y:    0.05°/s | Z:   -0.23°/s
X:   -0.46°/s | Y:   -0.04°/s | Z:   -0.61°/s
X:   -0.21°/s | Y:    0.52°/s | Z:   -0.14°/s
X:   -0.02°/s | Y:    0.31°/s | Z:   -0.81°/s
X:   -0.93°/s | Y:    0.28°/s | Z:   -0.42°/s
X:   -0.28°/s | Y:    0.42°/s | Z:   -0.82°/s
X:   -0.72°/s | Y:    0.51°/s | Z:   -0.75°/s
X:   -0.51°/s | Y:    0.35°/s | Z:   -0.89°/s
X:   -0.40°/s | Y:    0.70°/s | Z:   -0.47°/s
X:   -0.23°/s | Y:    0.54°/s | Z:   -0.49°/s
X:   -0.93°/s | Y:   -0.05°/s | Z:   -0.51°/s
X:   -0.52°/s | Y:    0.28°/s | Z:   -0.31°/s
X:   -0.44°/s | Y:    0.40°/s | Z:   -0.89°/s
X:   -0.31°/s | Y:    0.14°/s | Z:   -0.21°/s
X:   -0.54°/s | Y:   -4.39°/s | Z:   -0.42°/s
X:    0.07°/s | Y:    0.02°/s | Z:   -0.42°/s
X:   -0.10°/s | Y:    0.19°/s | Z:   -0.72°/s
X:   -0.40°/s | Y:   -0.04°/s | Z:   -0.49°/s
X:   -0.30°/s | Y:    0.44°/s | Z:   -0.47°/s
X:   -0.28°/s | Y:    0.12°/s | Z:   -0.75°/s
X:   -0.07°/s | Y:    0.51°/s | Z:   -0.47°/s
X:   -0.86°/s | Y:    0.44°/s | Z:   -0.91°/s
X:   -0.52°/s | Y:    0.12°/s | Z:   -0.09°/s
X:   -0.77°/s | Y:    0.49°/s | Z:   -0.38°/s
X:   -0.35°/s | Y:    0.44°/s | Z:   -0.54°/s
X:   -0.33°/s | Y:    0.25°/s | Z:   -0.26°/s
X:   -0.33°/s | Y:    0.21°/s | Z:   -0.81°/s
X:   -0.46°/s | Y:    0.89°/s | Z:   -0.12°/s
X:   -0.77°/s | Y:    0.72°/s | Z:   -0.46°/s
X:   -0.51°/s | Y:    0.47°/s | Z:   -0.49°/s
X:   -0.40°/s | Y:    0.09°/s | Z:   -0.37°/s
X:   -4.27°/s | Y:   -0.12°/s | Z:   -0.38°/s
X:   -0.04°/s | Y:    0.28°/s | Z:   -0.28°/s
X:   -0.31°/s | Y:    0.10°/s | Z:   -0.81°/s
X:    0.02°/s | Y:    4.29°/s | Z:   -0.82°/s
X:   -0.26°/s | Y:    0.09°/s | Z:   -0.10°/s
X:   -0.30°/s | Y:    0.58°/s | Z:   -0.72°/s
X:   -0.44°/s | Y:    0.33°/s | Z:   -0.31°/s
X:   -0.88°/s | Y:    0.51°/s | Z:   -1.05°/s
X:   -0.49°/s | Y:    0.21°/s | Z:   -0.96°/s
X:   -0.44°/s | Y:    0.77°/s | Z:   -0.44°/s
X:   -0.35°/s | Y:    0.65°/s | Z:   -0.40°/s
X:   -0.12°/s | Y:    0.09°/s | Z:   -0.61°/s
X:   -0.82°/s | Y:    0.61°/s | Z:   -0.70°/s
X:   -0.58°/s | Y:    0.42°/s | Z:   -0.67°/s
X:   -0.84°/s | Y:    0.28°/s | Z:   -0.05°/s
X:   -0.16°/s | Y:    0.33°/s | Z:   -0.91°/s
X:   -0.67°/s | Y:    0.40°/s | Z:   -0.37°/s
X:   -0.05°/s | Y:   -0.19°/s | Z:   -1.07°/s
X:   -0.28°/s | Y:    0.19°/s | Z:   -0.42°/s
X:    4.30°/s | Y:    0.04°/s | Z:   -0.82°/s
X:   -0.67°/s | Y:    0.60°/s | Z:   -1.00°/s
X:   -0.65°/s | Y:    0.49°/s | Z:   -0.82°/s
X:   -0.09°/s | Y:    0.38°/s | Z:   -0.26°/s
X:   -0.14°/s | Y:    0.16°/s | Z:    0.14°/s
X:   -0.17°/s | Y:    0.31°/s | Z:   -0.86°/s
X:   -0.91°/s | Y:    0.35°/s | Z:   -0.86°/s
X:   -0.54°/s | Y:    0.51°/s | Z:   -0.51°/s
X:   -0.40°/s | Y:    0.07°/s | Z:   -0.21°/s
X:   -0.07°/s | Y:    0.00°/s | Z:   -0.58°/s
X:   -0.44°/s | Y:    0.16°/s | Z:   -0.38°/s
X:    0.05°/s | Y:    0.00°/s | Z:   -0.33°/s
X:   -0.60°/s | Y:    0.40°/s | Z:   -0.26°/s
X:    0.04°/s | Y:    0.21°/s | Z:   -0.84°/s
X:   -0.19°/s | Y:    0.33°/s | Z:   -0.61°/s
X:   -0.25°/s | Y:   -0.26°/s | Z:   -0.86°/s
X:   -0.42°/s | Y:    0.42°/s | Z:   -0.52°/s
X:   -0.30°/s | Y:    0.35°/s | Z:   -0.28°/s
X:   -0.93°/s | Y:    0.75°/s | Z:   -0.37°/s
X:   -0.17°/s | Y:    0.65°/s | Z:   -0.67°/s
X:   -0.35°/s | Y:    0.17°/s | Z:    0.00°/s
X:   -0.37°/s | Y:    0.23°/s | Z:   -0.23°/s
X:   -0.23°/s | Y:    0.21°/s | Z:   -0.07°/s
X:   -0.60°/s | Y:    0.52°/s | Z:   -0.86°/s
X:   -0.19°/s | Y:    0.19°/s | Z:   -0.35°/s
X:   -0.58°/s | Y:    0.09°/s | Z:    0.00°/s
X:   -0.28°/s | Y:    0.30°/s | Z:   -0.07°/s
X:   -0.58°/s | Y:    0.42°/s | Z:   -0.54°/s
X:   -0.65°/s | Y:   -0.16°/s | Z:   -0.05°/s
X:   -0.56°/s | Y:    0.35°/s | Z:   -0.79°/s
X:   -0.74°/s | Y:    0.44°/s | Z:   -0.52°/s
X:   -0.75°/s | Y:    0.10°/s | Z:   -0.09°/s

📊 Interrupt Stats (every 1000 loops / ~2.5s):
  Avg Cycles/Loop: 180000
  Loop Time: 2500.000μs
  Anomalies: 2
  CPU Usage: ~0.10%
──────────────────────────────────────
X:   -0.17°/s | Y:    0.52°/s | Z:   -0.28°/s
X:   -0.61°/s | Y:    0.94°/s | Z:   -0.46°/s
X:   -0.26°/s | Y:    0.42°/s | Z:   -0.61°/s
X:   -0.35°/s | Y:    0.07°/s | Z:   -0.14°/s
X:   -0.56°/s | Y:    0.00°/s | Z:   -0.38°/s
X:    1.64°/s | Y:   -2.36°/s | Z:    0.07°/s
X:   -0.81°/s | Y:    0.26°/s | Z:   -0.31°/s
X:   -0.40°/s | Y:    0.31°/s | Z:   -1.01°/s
X:   -0.68°/s | Y:    0.30°/s | Z:   -0.04°/s
X:    0.00°/s | Y:    0.61°/s | Z:   -0.91°/s
X:   -0.40°/s | Y:    0.42°/s | Z:   -0.68°/s
X:   -0.12°/s | Y:    0.65°/s | Z:   -0.68°/s
X:   -0.82°/s | Y:    0.12°/s | Z:   -0.33°/s
X:   -0.77°/s | Y:    0.58°/s | Z:   -0.67°/s
X:   -0.47°/s | Y:    0.60°/s | Z:   -0.42°/s
X:   -0.81°/s | Y:    0.56°/s | Z:   -0.77°/s
X:   -0.84°/s | Y:    0.33°/s | Z:   -0.61°/s
X:   -0.68°/s | Y:    0.63°/s | Z:   -0.09°/s
X:   -0.51°/s | Y:    0.26°/s | Z:   -0.86°/s
X:   -0.65°/s | Y:    0.82°/s | Z:   -0.70°/s
X:   -0.25°/s | Y:    0.12°/s | Z:   -0.94°/s
X:   -0.26°/s | Y:    0.17°/s | Z:   -0.21°/s
X:   -0.09°/s | Y:    0.04°/s | Z:   -0.75°/s
X:   -4.46°/s | Y:    0.05°/s | Z:   -0.35°/s
X:   -0.28°/s | Y:    0.00°/s | Z:   -0.77°/s
X:    0.10°/s | Y:    0.31°/s | Z:   -0.25°/s
X:   -0.70°/s | Y:    0.65°/s | Z:   -0.61°/s
X:   -0.42°/s | Y:    0.52°/s | Z:    0.02°/s
X:   -0.75°/s | Y:    0.47°/s | Z:   -0.37°/s
X:   -0.63°/s | Y:    0.74°/s | Z:   -0.30°/s
X:   -0.09°/s | Y:    0.65°/s | Z:   -0.56°/s
X:   -0.60°/s | Y:    0.70°/s | Z:   -0.46°/s
X:   -0.74°/s | Y:    0.61°/s | Z:   -0.09°/s
X:   -0.47°/s | Y:    0.30°/s | Z:   -0.42°/s
X:   -0.93°/s | Y:    0.72°/s | Z:    0.02°/s
X:   -0.35°/s | Y:   -0.02°/s | Z:   -0.91°/s
X:   -0.86°/s | Y:    0.40°/s | Z:   -0.65°/s
X:   -0.46°/s | Y:    0.46°/s | Z:   -0.54°/s
X:   -0.26°/s | Y:    0.30°/s | Z:   -1.12°/s
X:   -0.12°/s | Y:    0.02°/s | Z:   -0.60°/s
X:   -0.46°/s | Y:    0.51°/s | Z:   -0.09°/s
X:    0.04°/s | Y:   -0.94°/s | Z:   -0.04°/s
X:   -0.21°/s | Y:    0.25°/s | Z:   -0.67°/s
X:   -0.04°/s | Y:   -0.49°/s | Z:   -0.35°/s
X:   -0.47°/s | Y:    0.26°/s | Z:   -0.35°/s
X:   -0.49°/s | Y:    0.40°/s | Z:   -1.07°/s
X:   -0.47°/s | Y:    0.88°/s | Z:   -0.42°/s
X:    0.00°/s | Y:    0.10°/s | Z:   -0.07°/s
X:   -0.19°/s | Y:    0.63°/s | Z:   -0.23°/s
X:   -0.23°/s | Y:    0.37°/s | Z:   -0.47°/s
X:   -0.25°/s | Y:    0.37°/s | Z:   -0.56°/s
X:   -0.61°/s | Y:    0.61°/s | Z:   -1.03°/s
X:   -0.44°/s | Y:    0.38°/s | Z:   -0.54°/s
X:   -0.51°/s | Y:    0.42°/s | Z:   -0.49°/s
X:   -0.12°/s | Y:    0.25°/s | Z:   -0.68°/s
X:   -0.44°/s | Y:    0.60°/s | Z:   -0.46°/s
X:   -0.23°/s | Y:    0.72°/s | Z:   -0.42°/s
X:   -0.09°/s | Y:    0.07°/s | Z:    0.05°/s
X:   -0.40°/s | Y:   -0.35°/s | Z:    0.05°/s
X:   -0.30°/s | Y:    0.23°/s | Z:   -0.23°/s
X:   -0.42°/s | Y:   -0.30°/s | Z:   -0.30°/s
X:   -0.46°/s | Y:    0.56°/s | Z:   -0.35°/s
X:   -0.28°/s | Y:    0.44°/s | Z:   -0.56°/s
X:   -0.28°/s | Y:    0.07°/s | Z:   -0.86°/s
X:   -0.88°/s | Y:    0.72°/s | Z:   -0.37°/s
X:   -0.37°/s | Y:    0.63°/s | Z:   -0.49°/s
X:   -0.46°/s | Y:    0.40°/s | Z:   -0.61°/s
X:   -0.60°/s | Y:    0.49°/s | Z:   -0.96°/s
X:   -0.26°/s | Y:    0.60°/s | Z:   -0.77°/s
X:   -0.35°/s | Y:   -0.37°/s | Z:   -0.54°/s
X:   -0.19°/s | Y:    0.25°/s | Z:   -0.28°/s
X:   -0.51°/s | Y:    0.38°/s | Z:   -0.42°/s
X:   -0.40°/s | Y:    0.07°/s | Z:   -0.38°/s
X:    0.05°/s | Y:   -0.14°/s | Z:   -0.54°/s
X:   -0.65°/s | Y:    0.37°/s | Z:   -0.67°/s
X:   -0.09°/s | Y:   -0.16°/s | Z:   -0.51°/s
X:   -0.05°/s | Y:   -0.12°/s | Z:   -0.63°/s
X:   -0.52°/s | Y:    0.52°/s | Z:   -0.79°/s
X:   -0.47°/s | Y:    0.47°/s | Z:   -1.10°/s
X:   -0.35°/s | Y:    0.52°/s | Z:    0.09°/s
X:   -0.37°/s | Y:    0.58°/s | Z:   -1.09°/s
X:   -0.09°/s | Y:    0.28°/s | Z:   -0.65°/s
X:   -0.54°/s | Y:    0.98°/s | Z:   -1.05°/s
X:   -0.42°/s | Y:    0.28°/s | Z:   -0.38°/s
X:   -0.21°/s | Y:   -0.09°/s | Z:    0.05°/s
X:   -0.47°/s | Y:   -0.04°/s | Z:   -0.12°/s
X:   -0.10°/s | Y:    0.37°/s | Z:   -0.40°/s
X:   -0.21°/s | Y:    0.28°/s | Z:   -0.56°/s
X:    0.00°/s | Y:   -0.07°/s | Z:   -0.82°/s
X:    0.09°/s | Y:    0.33°/s | Z:   -0.40°/s
X:   -0.14°/s | Y:    0.28°/s | Z:   -0.65°/s
X:   -0.54°/s | Y:    0.44°/s | Z:   -0.54°/s
X:   -0.33°/s | Y:   -0.47°/s | Z:   -1.38°/s
X:   -0.12°/s | Y:    0.19°/s | Z:   -0.40°/s
X:    0.10°/s | Y:    0.07°/s | Z:   -0.54°/s
X:   -0.56°/s | Y:    0.94°/s | Z:   -0.91°/s
X:   -0.40°/s | Y:    0.23°/s | Z:   -0.19°/s
X:   -0.19°/s | Y:    0.28°/s | Z:   -0.82°/s
X:    0.16°/s | Y:   -0.07°/s | Z:   -0.16°/s
X:   -0.14°/s | Y:   -0.19°/s | Z:   -0.28°/s
X:   -0.14°/s | Y:    0.37°/s | Z:   -0.40°/s
X:    0.00°/s | Y:    0.21°/s | Z:   -0.38°/s
X:   -0.23°/s | Y:    0.44°/s | Z:   -0.79°/s
X:   -0.10°/s | Y:    0.10°/s | Z:   -0.79°/s
X:   -0.44°/s | Y:    0.52°/s | Z:   -0.44°/s
X:   -0.47°/s | Y:    0.17°/s | Z:   -0.35°/s
X:   -0.14°/s | Y:    0.12°/s | Z:   -0.37°/s
X:   -0.25°/s | Y:    0.10°/s | Z:   -0.54°/s
X:   -0.46°/s | Y:    0.25°/s | Z:   -0.46°/s
X:   -0.88°/s | Y:    0.75°/s | Z:    0.05°/s
X:   -0.38°/s | Y:    0.70°/s | Z:   -0.26°/s
X:   -0.28°/s | Y:    0.56°/s | Z:   -0.19°/s
X:   -0.74°/s | Y:    0.23°/s | Z:   -0.26°/s
X:   -0.35°/s | Y:    0.86°/s | Z:   -0.61°/s
X:   -0.25°/s | Y:    0.30°/s | Z:   -0.09°/s
X:   -0.44°/s | Y:   -0.30°/s | Z:   -0.52°/s
X:   -0.54°/s | Y:    0.21°/s | Z:   -0.10°/s
X:   -0.54°/s | Y:    0.47°/s | Z:   -0.31°/s
X:    0.05°/s | Y:   -0.09°/s | Z:   -0.17°/s
X:   -0.25°/s | Y:    0.40°/s | Z:   -0.35°/s
X:   -0.23°/s | Y:    0.19°/s | Z:   -0.42°/s
X:   -0.38°/s | Y:    0.28°/s | Z:   -0.42°/s
X:    0.21°/s | Y:   -0.31°/s | Z:   -0.30°/s
X:    0.38°/s | Y:   -0.67°/s | Z:   -0.75°/s
X:   -0.81°/s | Y:    0.70°/s | Z:   -0.56°/s
X:   -0.63°/s | Y:    0.00°/s | Z:   -0.21°/s
X:   -0.52°/s | Y:    0.19°/s | Z:   -0.54°/s
X:   -0.70°/s | Y:    0.19°/s | Z:   -0.68°/s
X:   -0.40°/s | Y:    0.68°/s | Z:   -0.63°/s
X:   -0.46°/s | Y:    0.77°/s | Z:   -0.16°/s
X:   -0.44°/s | Y:    0.74°/s | Z:   -0.51°/s
X:   -0.28°/s | Y:    0.67°/s | Z:   -0.35°/s
X:   -0.33°/s | Y:    0.12°/s | Z:   -0.68°/s
X:   -0.21°/s | Y:    0.79°/s | Z:   -0.56°/s
X:   -0.44°/s | Y:    0.56°/s | Z:    0.42°/s
X:   -0.51°/s | Y:    0.72°/s | Z:   -0.17°/s
X:    0.19°/s | Y:    0.54°/s | Z:   -0.98°/s
X:    0.12°/s | Y:    0.23°/s | Z:   -0.05°/s
X:   -0.82°/s | Y:    0.79°/s | Z:   -0.60°/s
X:   -0.52°/s | Y:   -0.30°/s | Z:   -0.12°/s
X:   -0.10°/s | Y:   -0.14°/s | Z:   -0.63°/s
X:   -0.14°/s | Y:    0.26°/s | Z:   -0.04°/s
X:   -0.60°/s | Y:    0.49°/s | Z:    0.33°/s
X:   -0.47°/s | Y:    0.14°/s | Z:   -0.02°/s
X:    0.04°/s | Y:    1.68°/s | Z:   -0.72°/s
X:   -0.51°/s | Y:    0.88°/s | Z:   -1.07°/s
X:   -0.63°/s | Y:    0.25°/s | Z:   -0.23°/s
X:   -0.35°/s | Y:    0.54°/s | Z:   -0.60°/s
X:   -0.38°/s | Y:    0.37°/s | Z:   -1.03°/s
X:   -0.70°/s | Y:    0.54°/s | Z:   -0.70°/s
X:   -0.21°/s | Y:    0.10°/s | Z:   -0.44°/s
X:   -0.51°/s | Y:   -0.02°/s | Z:   -0.17°/s
X:   -0.28°/s | Y:    0.02°/s | Z:   -0.51°/s
X:   -0.17°/s | Y:    0.19°/s | Z:   -0.33°/s
X:   -0.09°/s | Y:    0.02°/s | Z:   -0.82°/s
X:   -0.33°/s | Y:    0.09°/s | Z:   -0.74°/s
X:   -0.31°/s | Y:    0.54°/s | Z:   -0.79°/s
X:    0.26°/s | Y:    0.30°/s | Z:   -0.54°/s
X:   -0.52°/s | Y:    0.40°/s | Z:   -0.79°/s
X:   -0.40°/s | Y:    0.10°/s | Z:   -0.10°/s
X:   -0.26°/s | Y:    0.05°/s | Z:   -0.42°/s
X:    0.07°/s | Y:    0.19°/s | Z:   -0.47°/s
X:   -0.21°/s | Y:    0.52°/s | Z:   -0.19°/s
X:   -0.38°/s | Y:    0.82°/s | Z:   -0.37°/s
X:   -0.63°/s | Y:    0.10°/s | Z:   -0.35°/s
X:   -0.51°/s | Y:    0.38°/s | Z:   -0.89°/s
X:   -0.44°/s | Y:    0.31°/s | Z:   -0.61°/s
X:   -0.61°/s | Y:    0.47°/s | Z:   -0.91°/s
X:   -0.63°/s | Y:    0.19°/s | Z:   -0.38°/s
X:   -0.42°/s | Y:    0.49°/s | Z:   -0.79°/s
X:   -0.51°/s | Y:    0.74°/s | Z:   -0.74°/s
X:   -0.52°/s | Y:    0.49°/s | Z:   -0.16°/s
X:   -0.10°/s | Y:    0.10°/s | Z:   -0.04°/s
X:   -0.33°/s | Y:    0.31°/s | Z:   -0.54°/s
X:   -0.37°/s | Y:   -0.21°/s | Z:   -0.16°/s
X:    0.04°/s | Y:   -0.14°/s | Z:   -0.12°/s
X:   -0.05°/s | Y:    0.23°/s | Z:   -0.60°/s
X:   -0.38°/s | Y:    0.23°/s | Z:   -0.75°/s
X:    0.17°/s | Y:   -0.40°/s | Z:   -1.07°/s
X:   -0.38°/s | Y:    0.02°/s | Z:   -0.38°/s
X:   -0.25°/s | Y:    0.16°/s | Z:   -0.31°/s
X:    0.07°/s | Y:    0.47°/s | Z:   -0.47°/s
X:    0.10°/s | Y:    0.28°/s | Z:   -0.23°/s
X:   -0.52°/s | Y:    0.02°/s | Z:   -0.79°/s
X:   -0.44°/s | Y:    0.33°/s | Z:   -0.42°/s
X:   -0.26°/s | Y:    0.35°/s | Z:   -0.52°/s
X:   -0.25°/s | Y:    0.47°/s | Z:   -0.33°/s
X:    0.14°/s | Y:    0.26°/s | Z:   -0.30°/s
X:   -0.70°/s | Y:    0.60°/s | Z:   -0.33°/s
X:   -0.56°/s | Y:    0.42°/s | Z:   -0.94°/s
X:   -0.51°/s | Y:    0.40°/s | Z:   -0.56°/s
X:   -0.14°/s | Y:    0.49°/s | Z:   -0.96°/s
X:   -0.33°/s | Y:    0.52°/s | Z:   -0.52°/s
X:   -0.35°/s | Y:    0.16°/s | Z:   -0.42°/s
X:   -0.02°/s | Y:    0.54°/s | Z:   -0.65°/s
X:   -0.40°/s | Y:    0.35°/s | Z:   -0.37°/s
X:   -0.52°/s | Y:    0.19°/s | Z:    0.07°/s
X:   -0.14°/s | Y:    0.12°/s | Z:   -0.10°/s
X:    0.10°/s | Y:    0.30°/s | Z:    0.26°/s
X:   -0.16°/s | Y:    0.02°/s | Z:   -0.30°/s
X:   -0.26°/s | Y:   -0.14°/s | Z:   -0.38°/s
X:   -0.10°/s | Y:    0.17°/s | Z:   -0.09°/s
X:   -0.88°/s | Y:    0.00°/s | Z:   -0.05°/s
X:    0.05°/s | Y:    0.12°/s | Z:   -0.67°/s
X:   -0.63°/s | Y:    0.47°/s | Z:   -0.58°/s
X:   -0.28°/s | Y:    0.60°/s | Z:   -0.38°/s
X:   -0.33°/s | Y:    0.33°/s | Z:   -0.17°/s
X:   -0.07°/s | Y:    0.68°/s | Z:   -0.74°/s
X:   -0.72°/s | Y:    0.65°/s | Z:   -0.49°/s
X:   -0.44°/s | Y:    0.44°/s | Z:   -0.61°/s
X:   -0.35°/s | Y:    0.26°/s | Z:   -0.88°/s
X:   -0.96°/s | Y:    0.74°/s | Z:   -0.14°/s
X:   -0.40°/s | Y:    0.17°/s | Z:   -0.72°/s
X:   -0.51°/s | Y:    0.58°/s | Z:   -0.63°/s
X:   -0.47°/s | Y:    0.14°/s | Z:   -0.09°/s
X:   -0.21°/s | Y:    0.25°/s | Z:   -0.40°/s
X:   -0.47°/s | Y:    0.23°/s | Z:   -0.52°/s
X:   -0.26°/s | Y:    0.25°/s | Z:   -0.82°/s
X:   -0.49°/s | Y:    0.04°/s | Z:   -0.35°/s
X:   -0.30°/s | Y:    0.46°/s | Z:   -0.81°/s
X:   -0.56°/s | Y:    0.44°/s | Z:   -0.16°/s
X:   -0.54°/s | Y:    0.14°/s | Z:   -0.33°/s
X:   -0.38°/s | Y:    0.17°/s | Z:    0.00°/s
X:   -0.02°/s | Y:    0.31°/s | Z:   -0.49°/s
X:   -0.26°/s | Y:    0.47°/s | Z:   -0.63°/s
X:    0.00°/s | Y:    0.31°/s | Z:   -0.14°/s
X:   -0.54°/s | Y:    0.26°/s | Z:   -0.54°/s
X:   -0.51°/s | Y:   -0.07°/s | Z:   -0.07°/s
X:    0.02°/s | Y:   -0.14°/s | Z:   -0.23°/s
X:   -0.79°/s | Y:    0.31°/s | Z:   -0.40°/s
X:   -0.44°/s | Y:    0.49°/s | Z:   -0.67°/s
X:   -0.31°/s | Y:    0.40°/s | Z:   -0.40°/s
X:   -0.10°/s | Y:    0.67°/s | Z:   -0.42°/s
X:   -0.38°/s | Y:    0.58°/s | Z:   -0.56°/s
X:   -0.56°/s | Y:    0.07°/s | Z:   -0.37°/s
X:   -0.68°/s | Y:    0.09°/s | Z:   -1.03°/s
X:   -0.28°/s | Y:    0.37°/s | Z:   -0.74°/s
X:   -0.31°/s | Y:    0.56°/s | Z:   -0.56°/s
X:   -0.02°/s | Y:    0.47°/s | Z:   -0.14°/s
X:   -0.44°/s | Y:    0.19°/s | Z:   -0.84°/s
X:   -0.72°/s | Y:    0.40°/s | Z:   -0.56°/s
X:   -0.35°/s | Y:    0.21°/s | Z:   -0.65°/s
X:   -0.63°/s | Y:    0.42°/s | Z:   -0.63°/s
X:   -0.60°/s | Y:    0.17°/s | Z:   -0.88°/s
X:   -0.37°/s | Y:    0.30°/s | Z:   -0.58°/s
X:   -0.23°/s | Y:    0.56°/s | Z:   -0.30°/s
X:    4.30°/s | Y:    0.33°/s | Z:   -0.33°/s
X:   -0.09°/s | Y:    0.09°/s | Z:   -0.88°/s
X:   -0.70°/s | Y:    0.21°/s | Z:   -0.17°/s
X:   -0.05°/s | Y:    0.09°/s | Z:   -0.47°/s

📊 Interrupt Stats (every 1000 loops / ~2.5s):
  Avg Cycles/Loop: 180000
  Loop Time: 2500.000μs
  Anomalies: 2
  CPU Usage: ~0.10%
──────────────────────────────────────
X:   -0.14°/s | Y:   -0.04°/s | Z:   -0.26°/s
X:   -0.28°/s | Y:    0.02°/s | Z:   -0.88°/s
X:   -0.35°/s | Y:    0.38°/s | Z:   -0.47°/s
X:   -0.38°/s | Y:    0.14°/s | Z:   -0.30°/s
X:   -0.60°/s | Y:   -0.14°/s | Z:    0.17°/s
X:   -0.52°/s | Y:    0.07°/s | Z:   -0.38°/s
X:   -0.07°/s | Y:    0.68°/s | Z:   -0.72°/s
X:   -0.21°/s | Y:    0.19°/s | Z:   -0.33°/s
X:   -0.40°/s | Y:    0.05°/s | Z:   -0.79°/s
X:   -0.82°/s | Y:    0.44°/s | Z:   -0.30°/s
X:   -0.60°/s | Y:    0.47°/s | Z:   -0.52°/s
X:   -0.61°/s | Y:    0.33°/s | Z:   -0.54°/s
X:   -0.88°/s | Y:    0.65°/s | Z:   -0.46°/s
X:   -0.79°/s | Y:    0.65°/s | Z:   -0.12°/s
X:   -0.54°/s | Y:    0.33°/s | Z:   -0.52°/s
X:   -0.33°/s | Y:    0.63°/s | Z:    0.00°/s
X:   -0.23°/s | Y:    0.30°/s | Z:   -1.17°/s
X:   -0.61°/s | Y:    0.42°/s | Z:   -0.51°/s
X:   -0.37°/s | Y:    0.38°/s | Z:   -0.63°/s
X:   -0.28°/s | Y:    0.05°/s | Z:   -0.58°/s
X:   -0.25°/s | Y:    0.28°/s | Z:   -0.26°/s
X:   -0.19°/s | Y:   -0.23°/s | Z:   -0.94°/s
X:   -0.35°/s | Y:    0.14°/s | Z:   -0.60°/s
X:   -0.19°/s | Y:    0.21°/s | Z:   -0.30°/s
X:   -0.33°/s | Y:    0.17°/s | Z:   -0.52°/s
X:   -0.65°/s | Y:    0.38°/s | Z:   -1.03°/s
X:   -0.25°/s | Y:    0.35°/s | Z:   -0.75°/s
X:   -0.25°/s | Y:    0.30°/s | Z:   -0.44°/s
X:   -0.56°/s | Y:    0.07°/s | Z:   -0.56°/s
X:   -0.12°/s | Y:    0.68°/s | Z:   -0.58°/s
X:   -0.47°/s | Y:    0.28°/s | Z:   -0.74°/s
X:   -0.42°/s | Y:    0.12°/s | Z:   -0.40°/s
X:   -0.58°/s | Y:    0.19°/s | Z:   -0.40°/s
X:   -0.26°/s | Y:    0.37°/s | Z:   -0.40°/s
X:   -0.14°/s | Y:    0.54°/s | Z:   -0.19°/s
X:   -0.60°/s | Y:    0.31°/s | Z:   -1.23°/s
X:   -0.52°/s | Y:    0.47°/s | Z:   -0.31°/s
X:   -0.33°/s | Y:    0.52°/s | Z:   -0.65°/s
X:   -0.21°/s | Y:    0.28°/s | Z:   -0.31°/s
X:   -0.26°/s | Y:    0.17°/s | Z:   -0.67°/s
X:   -0.60°/s | Y:    0.40°/s | Z:   -0.52°/s
X:   -0.16°/s | Y:    0.51°/s | Z:   -0.88°/s
X:   -0.52°/s | Y:    0.25°/s | Z:   -0.37°/s
X:    0.12°/s | Y:    0.10°/s | Z:   -0.30°/s
X:   -0.14°/s | Y:    0.04°/s | Z:   -0.23°/s
X:   -0.16°/s | Y:   -0.07°/s | Z:   -0.16°/s
X:   -0.49°/s | Y:    0.33°/s | Z:   -0.47°/s
X:   -0.30°/s | Y:    0.09°/s | Z:   -1.05°/s
X:   -0.37°/s | Y:   -0.30°/s | Z:   -0.44°/s
X:   -0.09°/s | Y:    0.09°/s | Z:   -0.31°/s
X:   -0.17°/s | Y:    0.12°/s | Z:   -0.58°/s
X:   -0.81°/s | Y:    0.19°/s | Z:   -0.37°/s
X:   -0.21°/s | Y:    0.05°/s | Z:   -0.46°/s
X:   -0.46°/s | Y:    0.37°/s | Z:   -0.33°/s
X:   -0.75°/s | Y:    0.16°/s | Z:   -0.30°/s
X:   -0.19°/s | Y:    0.28°/s | Z:   -0.42°/s
X:   -0.46°/s | Y:    0.56°/s | Z:   -0.51°/s
X:   -0.56°/s | Y:    0.21°/s | Z:   -0.61°/s
X:   -0.35°/s | Y:    0.16°/s | Z:   -0.54°/s
X:   -0.16°/s | Y:    0.31°/s | Z:   -0.72°/s
X:   -0.26°/s | Y:    0.17°/s | Z:   -0.23°/s
X:   -0.23°/s | Y:    0.65°/s | Z:   -0.65°/s
X:   -0.54°/s | Y:    0.42°/s | Z:   -0.58°/s
X:   -0.42°/s | Y:    0.38°/s | Z:   -0.31°/s
X:   -0.26°/s | Y:    0.51°/s | Z:   -0.14°/s
X:   -0.31°/s | Y:   -0.10°/s | Z:   -0.61°/s
X:   -0.40°/s | Y:   -0.05°/s | Z:   -0.89°/s
X:   -0.49°/s | Y:   -0.09°/s | Z:   -0.33°/s
X:   -0.16°/s | Y:    0.31°/s | Z:   -0.44°/s
X:   -0.40°/s | Y:    0.21°/s | Z:   -0.25°/s
X:   -0.37°/s | Y:    0.21°/s | Z:   -0.38°/s
X:   -0.23°/s | Y:    0.33°/s | Z:   -0.44°/s
X:   -0.58°/s | Y:    0.09°/s | Z:   -0.35°/s
X:   -0.51°/s | Y:    0.35°/s | Z:    0.05°/s
X:   -0.16°/s | Y:    0.35°/s | Z:   -0.12°/s
X:   -0.37°/s | Y:    0.14°/s | Z:   -0.10°/s
X:   -0.52°/s | Y:    0.37°/s | Z:   -0.61°/s
X:   -0.31°/s | Y:    0.51°/s | Z:   -0.58°/s
X:   -0.07°/s | Y:    0.17°/s | Z:   -0.31°/s
X:   -0.51°/s | Y:    0.67°/s | Z:   -0.46°/s
X:   -0.54°/s | Y:    0.46°/s | Z:   -0.63°/s
X:   -0.38°/s | Y:    0.07°/s | Z:   -0.91°/s
X:   -0.52°/s | Y:    0.25°/s | Z:   -0.72°/s
X:   -0.25°/s | Y:    0.56°/s | Z:   -0.46°/s
X:   -0.28°/s | Y:    0.38°/s | Z:   -0.46°/s
X:   -0.25°/s | Y:    0.21°/s | Z:   -0.47°/s
X:   -0.44°/s | Y:    0.40°/s | Z:   -0.58°/s
X:   -0.46°/s | Y:    0.14°/s | Z:   -0.46°/s
X:   -0.61°/s | Y:   -0.09°/s | Z:   -0.19°/s
X:   -0.30°/s | Y:    0.17°/s | Z:   -0.63°/s
X:   -0.65°/s | Y:    0.07°/s | Z:    0.02°/s
X:    0.07°/s | Y:    0.26°/s | Z:   -0.44°/s
X:   -0.33°/s | Y:    0.38°/s | Z:   -0.44°/s
X:   -0.63°/s | Y:    0.47°/s | Z:   -0.28°/s
X:   -0.52°/s | Y:    0.33°/s | Z:   -0.47°/s
X:   -0.46°/s | Y:    0.25°/s | Z:   -0.70°/s
X:   -0.35°/s | Y:    0.52°/s | Z:   -0.74°/s
X:   -0.40°/s | Y:    0.33°/s | Z:   -0.38°/s
X:   -0.31°/s | Y:    0.05°/s | Z:    0.02°/s
X:   -0.49°/s | Y:    0.04°/s | Z:   -0.60°/s
X:   -0.49°/s | Y:    0.38°/s | Z:   -0.40°/s
X:   -0.42°/s | Y:    0.16°/s | Z:   -0.35°/s
X:   -0.12°/s | Y:    0.40°/s | Z:   -0.58°/s
X:   -0.46°/s | Y:    0.74°/s | Z:   -0.44°/s
X:   -0.70°/s | Y:    0.35°/s | Z:   -1.17°/s
X:   -0.07°/s | Y:    0.35°/s | Z:   -0.21°/s
X:   -0.28°/s | Y:    0.35°/s | Z:   -0.89°/s
X:   -0.56°/s | Y:    0.37°/s | Z:   -0.75°/s
X:   -0.12°/s | Y:    0.75°/s | Z:   -0.51°/s
X:   -0.17°/s | Y:    0.16°/s | Z:   -0.52°/s
X:   -0.19°/s | Y:    0.40°/s | Z:   -0.35°/s
X:   -0.70°/s | Y:    0.54°/s | Z:   -0.68°/s
X:   -0.42°/s | Y:    0.54°/s | Z:   -0.14°/s
X:   -0.38°/s | Y:    0.25°/s | Z:   -0.23°/s
X:   -0.61°/s | Y:    0.35°/s | Z:   -0.74°/s
X:   -0.26°/s | Y:   -0.05°/s | Z:   -0.16°/s
X:   -0.72°/s | Y:    0.46°/s | Z:   -0.67°/s
X:   -0.25°/s | Y:    0.70°/s | Z:   -0.19°/s
X:   -0.54°/s | Y:    0.49°/s | Z:   -0.77°/s
X:   -0.47°/s | Y:    0.02°/s | Z:   -0.58°/s
X:   -0.17°/s | Y:    0.56°/s | Z:   -0.52°/s
X:   -0.23°/s | Y:    0.26°/s | Z:   -0.40°/s
X:   -0.67°/s | Y:    0.42°/s | Z:   -0.40°/s
X:    0.02°/s | Y:    0.16°/s | Z:   -0.16°/s
X:   -0.09°/s | Y:    0.28°/s | Z:   -0.91°/s
X:   -0.47°/s | Y:    0.12°/s | Z:   -0.70°/s
X:   -0.26°/s | Y:    0.31°/s | Z:   -0.47°/s
X:   -0.28°/s | Y:   -0.02°/s | Z:   -0.40°/s
X:    0.00°/s | Y:   -0.19°/s | Z:   -0.23°/s
X:   -0.21°/s | Y:    0.19°/s | Z:   -0.52°/s
X:   -0.26°/s | Y:    0.05°/s | Z:   -0.12°/s
X:   -0.10°/s | Y:    0.23°/s | Z:   -0.12°/s
X:   -0.28°/s | Y:   -0.07°/s | Z:   -0.46°/s
X:   -0.65°/s | Y:    0.00°/s | Z:   -0.33°/s
X:   -0.58°/s | Y:    0.52°/s | Z:   -0.16°/s
X:   -0.26°/s | Y:    0.37°/s | Z:   -0.40°/s
X:   -0.19°/s | Y:    0.60°/s | Z:   -0.17°/s
X:   -0.10°/s | Y:    0.28°/s | Z:   -0.38°/s
X:   -0.16°/s | Y:    0.09°/s | Z:    0.09°/s
X:   -0.28°/s | Y:    0.21°/s | Z:   -0.30°/s
X:   -0.31°/s | Y:    0.12°/s | Z:   -0.31°/s
X:   -0.68°/s | Y:    0.23°/s | Z:   -0.68°/s
X:   -0.37°/s | Y:    0.17°/s | Z:   -0.75°/s
X:   -0.77°/s | Y:    0.40°/s | Z:   -0.84°/s
X:   -4.41°/s | Y:    0.28°/s | Z:   -0.58°/s
X:   -0.54°/s | Y:    0.30°/s | Z:   -0.77°/s
X:   -0.56°/s | Y:    0.42°/s | Z:   -0.47°/s
X:   -0.31°/s | Y:    0.49°/s | Z:   -0.28°/s
X:   -0.65°/s | Y:    0.68°/s | Z:   -0.94°/s
X:   -0.26°/s | Y:    0.72°/s | Z:   -0.47°/s
X:   -0.61°/s | Y:    0.72°/s | Z:   -0.89°/s
X:   -0.72°/s | Y:    0.02°/s | Z:   -0.44°/s
X:   -0.40°/s | Y:    0.47°/s | Z:   -1.21°/s
X:   -0.54°/s | Y:    0.35°/s | Z:    0.00°/s
X:   -0.46°/s | Y:    0.63°/s | Z:   -0.67°/s
X:   -0.46°/s | Y:    0.46°/s | Z:   -0.10°/s
X:   -0.31°/s | Y:    0.72°/s | Z:   -0.75°/s
X:   -0.56°/s | Y:    0.19°/s | Z:   -0.51°/s
X:   -0.61°/s | Y:    0.12°/s | Z:   -0.84°/s
X:   -0.38°/s | Y:    0.38°/s | Z:   -1.00°/s
X:   -0.12°/s | Y:    0.31°/s | Z:   -0.65°/s
X:   -0.47°/s | Y:    0.42°/s | Z:   -0.31°/s
X:   -0.68°/s | Y:    0.23°/s | Z:   -0.37°/s
X:   -0.23°/s | Y:    0.04°/s | Z:   -0.60°/s
X:   -0.17°/s | Y:   -0.19°/s | Z:   -0.25°/s
X:   -0.31°/s | Y:    4.25°/s | Z:   -0.79°/s
X:   -0.19°/s | Y:    0.40°/s | Z:    0.00°/s
X:   -0.44°/s | Y:    0.09°/s | Z:   -0.37°/s
X:   -0.31°/s | Y:    0.14°/s | Z:   -0.74°/s
X:   -0.25°/s | Y:    0.56°/s | Z:   -0.30°/s
X:   -0.26°/s | Y:    0.12°/s | Z:   -0.40°/s
X:   -0.33°/s | Y:    0.46°/s | Z:   -0.19°/s
X:   -0.44°/s | Y:    0.17°/s | Z:   -0.46°/s
X:   -0.58°/s | Y:    0.33°/s | Z:   -0.37°/s
X:   -0.25°/s | Y:    0.14°/s | Z:   -0.47°/s
X:   -0.40°/s | Y:   -0.04°/s | Z:   -0.30°/s
X:   -0.28°/s | Y:    0.05°/s | Z:   -1.00°/s
X:   -0.23°/s | Y:    0.37°/s | Z:   -0.74°/s
X:   -0.04°/s | Y:    0.28°/s | Z:   -0.60°/s
X:   -0.28°/s | Y:    0.23°/s | Z:   -0.14°/s
X:   -0.49°/s | Y:    0.19°/s | Z:   -0.37°/s
X:   -0.23°/s | Y:    0.31°/s | Z:   -0.19°/s
X:   -0.47°/s | Y:    0.56°/s | Z:   -1.05°/s
X:   -0.14°/s | Y:    0.25°/s | Z:   -0.54°/s
X:   -0.26°/s | Y:    0.25°/s | Z:   -0.77°/s
X:   -0.46°/s | Y:   -4.27°/s | Z:   -0.74°/s
X:   -0.49°/s | Y:    0.52°/s | Z:   -0.79°/s
X:   -0.70°/s | Y:    0.46°/s | Z:   -4.39°/s
X:   -0.33°/s | Y:    0.31°/s | Z:   -1.01°/s
X:   -0.09°/s | Y:    0.37°/s | Z:   -0.63°/s
X:   -0.25°/s | Y:    0.25°/s | Z:   -0.37°/s
X:   -0.21°/s | Y:    0.40°/s | Z:   -0.52°/s
X:   -0.79°/s | Y:    0.61°/s | Z:   -0.47°/s
X:    0.00°/s | Y:    0.70°/s | Z:   -0.67°/s
X:   -0.63°/s | Y:    0.28°/s | Z:   -0.40°/s
X:   -0.49°/s | Y:    0.46°/s | Z:   -0.67°/s
X:   -0.25°/s | Y:    0.05°/s | Z:   -0.17°/s
X:   -0.31°/s | Y:    0.23°/s | Z:   -0.23°/s
X:   -0.44°/s | Y:    0.16°/s | Z:   -0.40°/s
X:   -0.38°/s | Y:    0.44°/s | Z:   -0.30°/s
X:   -0.67°/s | Y:    0.05°/s | Z:   -0.70°/s
X:   -0.02°/s | Y:   -0.10°/s | Z:   -0.56°/s
X:   -0.05°/s | Y:    0.42°/s | Z:   -0.44°/s
X:    0.05°/s | Y:    0.26°/s | Z:   -0.58°/s
X:   -0.68°/s | Y:    0.33°/s | Z:   -0.67°/s
X:   -0.60°/s | Y:    0.46°/s | Z:   -0.25°/s
X:   -0.38°/s | Y:    0.25°/s | Z:   -0.26°/s
X:   -0.35°/s | Y:    0.44°/s | Z:   -0.47°/s
X:   -0.17°/s | Y:    0.21°/s | Z:   -0.67°/s
X:   -0.26°/s | Y:    0.51°/s | Z:   -0.47°/s
X:   -0.23°/s | Y:    0.52°/s | Z:   -0.31°/s
X:   -0.28°/s | Y:    0.19°/s | Z:   -0.51°/s
X:   -0.17°/s | Y:    0.68°/s | Z:   -0.84°/s
X:   -0.65°/s | Y:    0.35°/s | Z:   -0.35°/s
X:   -0.47°/s | Y:    0.30°/s | Z:   -0.37°/s
X:   -0.75°/s | Y:    0.56°/s | Z:   -1.12°/s
X:   -0.26°/s | Y:    0.26°/s | Z:   -0.52°/s
X:   -0.31°/s | Y:    0.37°/s | Z:   -0.37°/s
X:   -0.60°/s | Y:    0.28°/s | Z:   -0.10°/s
X:   -0.33°/s | Y:    0.46°/s | Z:    0.09°/s
X:   -0.21°/s | Y:    0.51°/s | Z:   -0.54°/s
X:   -0.35°/s | Y:    0.35°/s | Z:   -0.51°/s
X:   -0.81°/s | Y:    0.54°/s | Z:   -0.46°/s
X:    0.00°/s | Y:    0.51°/s | Z:   -0.40°/s
X:   -0.52°/s | Y:    0.33°/s | Z:   -0.31°/s
X:   -0.63°/s | Y:    0.33°/s | Z:   -0.26°/s
X:   -0.38°/s | Y:    0.16°/s | Z:   -0.49°/s
X:   -0.35°/s | Y:    0.58°/s | Z:   -0.07°/s
X:   -0.74°/s | Y:   -0.14°/s | Z:   -0.86°/s
X:   -0.19°/s | Y:    0.31°/s | Z:   -0.40°/s
X:   -0.70°/s | Y:   -0.12°/s | Z:   -0.96°/s
X:   -0.31°/s | Y:   -0.05°/s | Z:   -0.46°/s
X:   -0.79°/s | Y:    0.26°/s | Z:   -0.28°/s
X:   -0.65°/s | Y:    0.14°/s | Z:   -0.79°/s
X:   -0.63°/s | Y:   -0.16°/s | Z:   -0.44°/s
X:   -0.52°/s | Y:    0.54°/s | Z:    0.05°/s
X:   -0.28°/s | Y:    0.68°/s | Z:   -0.96°/s
X:   -0.23°/s | Y:    0.47°/s | Z:   -0.74°/s
X:   -0.40°/s | Y:    0.04°/s | Z:   -0.72°/s
X:   -0.40°/s | Y:    0.00°/s | Z:   -0.56°/s
X:    0.04°/s | Y:    0.30°/s | Z:   -0.31°/s
X:    0.23°/s | Y:    0.17°/s | Z:   -0.37°/s
X:   -0.17°/s | Y:    0.35°/s | Z:   -0.75°/s
X:   -0.72°/s | Y:    0.04°/s | Z:   -0.33°/s
X:   -0.35°/s | Y:    0.21°/s | Z:   -0.44°/s
X:    0.14°/s | Y:   -0.17°/s | Z:   -0.33°/s
X:   -0.42°/s | Y:    0.52°/s | Z:   -0.40°/s
X:    0.14°/s | Y:    0.23°/s | Z:   -0.31°/s
X:   -0.19°/s | Y:    0.14°/s | Z:   -0.49°/s
X:   -0.21°/s | Y:    0.19°/s | Z:   -0.56°/s

📊 Interrupt Stats (every 1000 loops / ~2.5s):
  Avg Cycles/Loop: 180000
  Loop Time: 2500.000μs
  Anomalies: 2
  CPU Usage: ~0.10%
──────────────────────────────────────
X:    0.00°/s | Y:   -0.19°/s | Z:   -0.31°/s
X:   -0.63°/s | Y:    0.17°/s | Z:   -0.30°/s
X:   -0.28°/s | Y:    0.16°/s | Z:   -0.37°/s
X:   -0.42°/s | Y:    0.12°/s | Z:   -0.25°/s
X:   -0.23°/s | Y:   -0.14°/s | Z:   -0.63°/s
X:   -0.33°/s | Y:    0.05°/s | Z:   -0.68°/s
X:    0.07°/s | Y:    0.05°/s | Z:    0.05°/s
X:   -0.49°/s | Y:    0.33°/s | Z:   -0.35°/s
X:   -0.33°/s | Y:    0.23°/s | Z:   -0.44°/s
X:   -0.46°/s | Y:    0.04°/s | Z:   -0.31°/s
X:   -0.65°/s | Y:    0.35°/s | Z:   -0.84°/s
X:   -0.38°/s | Y:    0.30°/s | Z:   -0.44°/s
X:   -0.33°/s | Y:    0.04°/s | Z:   -0.07°/s
X:   -0.84°/s | Y:   -0.04°/s | Z:   -0.25°/s
X:   -0.25°/s | Y:    0.46°/s | Z:   -0.46°/s
X:   -0.26°/s | Y:    0.52°/s | Z:   -1.31°/s
X:   -0.26°/s | Y:    0.10°/s | Z:   -0.33°/s
X:   -0.67°/s | Y:    0.58°/s | Z:   -0.21°/s
X:   -0.09°/s | Y:    0.30°/s | Z:   -0.94°/s
X:   -0.42°/s | Y:    0.33°/s | Z:   -0.94°/s
X:   -0.42°/s | Y:    0.44°/s | Z:   -0.96°/s
X:   -0.70°/s | Y:    0.49°/s | Z:   -0.33°/s
X:   -0.17°/s | Y:    0.14°/s | Z:   -0.31°/s
X:   -0.44°/s | Y:    0.47°/s | Z:   -0.19°/s
X:   -0.54°/s | Y:    0.12°/s | Z:   -0.37°/s
X:   -0.65°/s | Y:    0.25°/s | Z:   -0.38°/s
X:    0.02°/s | Y:   -0.04°/s | Z:   -0.46°/s
X:   -0.44°/s | Y:    0.19°/s | Z:   -0.44°/s
X:   -0.72°/s | Y:    0.33°/s | Z:   -0.35°/s
X:   -0.35°/s | Y:    0.60°/s | Z:   -0.52°/s
X:   -0.52°/s | Y:    0.26°/s | Z:   -0.38°/s
X:   -0.52°/s | Y:    0.49°/s | Z:   -0.42°/s
X:   -0.49°/s | Y:    0.26°/s | Z:   -0.42°/s
X:   -0.23°/s | Y:    0.49°/s | Z:   -0.74°/s
X:   -0.74°/s | Y:    0.56°/s | Z:   -0.42°/s
X:   -0.28°/s | Y:    0.47°/s | Z:   -0.72°/s
X:   -0.17°/s | Y:    0.63°/s | Z:   -0.46°/s
X:   -0.19°/s | Y:    0.38°/s | Z:   -0.68°/s
X:   -0.60°/s | Y:    0.52°/s | Z:   -0.63°/s
X:   -0.72°/s | Y:    0.14°/s | Z:   -0.93°/s
X:   -0.35°/s | Y:    0.28°/s | Z:   -0.51°/s
X:   -0.23°/s | Y:    0.38°/s | Z:   -0.17°/s
X:   -0.23°/s | Y:    0.33°/s | Z:   -0.47°/s
X:   -0.31°/s | Y:    0.46°/s | Z:   -0.31°/s
X:   -0.38°/s | Y:    0.35°/s | Z:   -0.38°/s
X:    0.23°/s | Y:    0.30°/s | Z:   -0.52°/s
X:   -0.46°/s | Y:    0.44°/s | Z:   -0.61°/s
X:   -0.26°/s | Y:    0.02°/s | Z:   -0.35°/s
X:   -0.28°/s | Y:    0.23°/s | Z:   -0.33°/s
X:   -0.60°/s | Y:   -0.14°/s | Z:   -0.10°/s
X:   -0.42°/s | Y:    0.10°/s | Z:   -0.14°/s
X:   -0.54°/s | Y:    0.23°/s | Z:   -0.56°/s
X:   -0.31°/s | Y:    0.14°/s | Z:   -0.23°/s
X:   -0.42°/s | Y:    0.28°/s | Z:   -0.82°/s
X:   -0.40°/s | Y:   -0.04°/s | Z:   -0.19°/s
X:   -0.23°/s | Y:    0.44°/s | Z:   -0.42°/s
X:    0.00°/s | Y:    0.42°/s | Z:   -0.58°/s
X:   -0.42°/s | Y:    0.42°/s | Z:   -0.63°/s
X:   -0.19°/s | Y:    0.44°/s | Z:   -0.75°/s
X:   -0.31°/s | Y:    0.21°/s | Z:   -0.58°/s
X:   -0.38°/s | Y:    0.46°/s | Z:   -0.09°/s
X:   -0.47°/s | Y:    0.51°/s | Z:   -0.51°/s
X:   -0.38°/s | Y:    0.54°/s | Z:   -0.61°/s
X:   -0.35°/s | Y:    0.21°/s | Z:   -0.54°/s
X:   -0.31°/s | Y:    0.65°/s | Z:   -0.35°/s
X:   -0.46°/s | Y:    0.56°/s | Z:   -0.49°/s
X:   -0.19°/s | Y:    0.52°/s | Z:   -0.72°/s
X:   -0.12°/s | Y:    0.52°/s | Z:   -0.37°/s
X:   -0.86°/s | Y:    0.52°/s | Z:   -0.42°/s
X:   -0.42°/s | Y:    0.42°/s | Z:   -0.40°/s
X:   -0.25°/s | Y:    1.00°/s | Z:   -0.17°/s
X:   -0.12°/s | Y:    0.46°/s | Z:   -0.35°/s
X:   -0.47°/s | Y:    0.42°/s | Z:   -0.42°/s
X:   -0.44°/s | Y:    0.54°/s | Z:   -0.25°/s
X:   -0.56°/s | Y:    0.81°/s | Z:   -0.37°/s
X:   -0.68°/s | Y:    0.23°/s | Z:   -0.67°/s
X:   -0.30°/s | Y:    0.51°/s | Z:   -0.79°/s
X:   -0.09°/s | Y:    0.17°/s | Z:    0.05°/s
X:   -0.70°/s | Y:    0.26°/s | Z:   -0.49°/s
X:   -0.61°/s | Y:    0.56°/s | Z:   -0.68°/s
X:   -0.25°/s | Y:    0.26°/s | Z:   -0.63°/s
X:   -0.42°/s | Y:    0.07°/s | Z:   -0.75°/s
X:   -0.33°/s | Y:    0.17°/s | Z:   -0.37°/s
X:   -0.25°/s | Y:    0.40°/s | Z:   -0.26°/s
X:   -0.42°/s | Y:    0.19°/s | Z:   -0.60°/s
X:   -0.58°/s | Y:    0.25°/s | Z:   -0.44°/s
X:   -0.28°/s | Y:    0.42°/s | Z:   -0.19°/s
X:   -0.33°/s | Y:    0.47°/s | Z:   -0.30°/s
X:   -0.42°/s | Y:    0.07°/s | Z:   -0.75°/s
X:   -0.33°/s | Y:    0.31°/s | Z:   -0.58°/s
X:   -0.09°/s | Y:    0.19°/s | Z:   -0.31°/s
X:   -0.16°/s | Y:    0.04°/s | Z:   -0.58°/s
X:   -0.30°/s | Y:    0.33°/s | Z:   -0.38°/s
X:   -0.25°/s | Y:    0.07°/s | Z:   -0.38°/s
X:   -0.44°/s | Y:    0.30°/s | Z:   -0.52°/s
X:   -0.31°/s | Y:    0.07°/s | Z:   -0.42°/s
X:   -0.23°/s | Y:    0.05°/s | Z:   -0.94°/s
X:   -0.49°/s | Y:    0.37°/s | Z:   -0.79°/s
X:    0.33°/s | Y:    0.40°/s | Z:   -0.28°/s
X:   -0.10°/s | Y:    0.26°/s | Z:   -0.72°/s
X:   -0.09°/s | Y:    0.16°/s | Z:   -0.88°/s
X:   -0.75°/s | Y:    0.25°/s | Z:   -0.31°/s
X:   -0.14°/s | Y:    0.17°/s | Z:   -0.40°/s
X:   -0.30°/s | Y:    0.21°/s | Z:   -0.49°/s
X:   -0.17°/s | Y:    0.28°/s | Z:   -0.26°/s
X:   -0.14°/s | Y:    0.21°/s | Z:   -0.46°/s
X:   -0.16°/s | Y:    0.42°/s | Z:   -0.52°/s
X:    0.07°/s | Y:    0.33°/s | Z:   -0.52°/s
X:   -0.21°/s | Y:    0.47°/s | Z:   -0.46°/s
X:   -0.56°/s | Y:    0.28°/s | Z:   -0.37°/s
X:    0.00°/s | Y:    0.14°/s | Z:   -0.33°/s
X:   -0.37°/s | Y:    0.19°/s | Z:   -0.54°/s
X:    0.49°/s | Y:    0.52°/s | Z:   -0.98°/s
X:   -0.51°/s | Y:    0.72°/s | Z:   -0.58°/s
X:   -0.46°/s | Y:    0.54°/s | Z:   -0.49°/s
X:   -0.47°/s | Y:    0.38°/s | Z:   -0.58°/s
X:   -0.54°/s | Y:    0.35°/s | Z:   -0.65°/s
X:   -0.28°/s | Y:    0.28°/s | Z:   -0.54°/s
X:   -0.33°/s | Y:    0.68°/s | Z:   -0.60°/s
X:   -0.49°/s | Y:    0.30°/s | Z:   -0.37°/s
X:   -0.44°/s | Y:    0.77°/s | Z:   -0.67°/s
X:   -0.81°/s | Y:    0.82°/s | Z:   -0.23°/s
X:   -0.31°/s | Y:    0.46°/s | Z:   -0.82°/s
X:   -0.82°/s | Y:    0.61°/s | Z:   -1.15°/s
X:   -0.42°/s | Y:    0.44°/s | Z:   -0.37°/s
X:   -0.46°/s | Y:    0.51°/s | Z:    0.10°/s
X:   -0.35°/s | Y:    0.61°/s | Z:   -0.21°/s
X:   -0.44°/s | Y:    0.25°/s | Z:   -0.47°/s
X:   -0.25°/s | Y:    0.05°/s | Z:   -0.26°/s
X:   -0.38°/s | Y:    0.40°/s | Z:   -0.56°/s
X:   -0.65°/s | Y:    0.33°/s | Z:   -0.65°/s
X:   -0.51°/s | Y:    0.28°/s | Z:   -0.12°/s
X:   -0.42°/s | Y:    0.10°/s | Z:   -0.79°/s
X:   -0.14°/s | Y:    0.23°/s | Z:   -0.86°/s
X:   -0.61°/s | Y:    0.61°/s | Z:   -0.46°/s
X:   -0.37°/s | Y:    0.12°/s | Z:   -0.49°/s
X:   -0.40°/s | Y:    0.46°/s | Z:   -0.42°/s
X:    0.28°/s | Y:    0.26°/s | Z:   -0.77°/s
X:   -0.16°/s | Y:   -0.05°/s | Z:   -0.35°/s
X:   -0.33°/s | Y:   -0.16°/s | Z:   -0.63°/s
X:    0.12°/s | Y:    0.16°/s | Z:   -0.72°/s
X:   -0.21°/s | Y:    0.65°/s | Z:   -0.47°/s
X:   -0.31°/s | Y:    0.47°/s | Z:   -0.58°/s
X:   -0.42°/s | Y:    0.30°/s | Z:   -0.09°/s
X:    4.29°/s | Y:    0.07°/s | Z:   -0.38°/s
X:   -0.67°/s | Y:    0.28°/s | Z:   -0.44°/s
X:    0.00°/s | Y:   -0.04°/s | Z:   -0.30°/s
X:   -0.61°/s | Y:    0.17°/s | Z:   -0.37°/s
X:   -0.14°/s | Y:   -0.17°/s | Z:   -0.33°/s
X:   -0.26°/s | Y:    0.07°/s | Z:   -0.88°/s
X:   -0.81°/s | Y:    0.17°/s | Z:   -0.68°/s
X:   -0.12°/s | Y:    0.35°/s | Z:   -0.65°/s
X:   -0.23°/s | Y:    0.51°/s | Z:   -0.61°/s
X:   -0.79°/s | Y:    0.54°/s | Z:   -0.89°/s
X:   -0.30°/s | Y:    0.12°/s | Z:   -0.91°/s
X:   -0.81°/s | Y:    0.60°/s | Z:   -0.30°/s
X:   -0.52°/s | Y:    0.63°/s | Z:   -0.65°/s
X:   -0.61°/s | Y:    0.10°/s | Z:   -0.86°/s
X:   -0.93°/s | Y:    0.61°/s | Z:   -0.42°/s
X:   -0.33°/s | Y:    0.26°/s | Z:   -1.00°/s
X:   -0.86°/s | Y:    0.82°/s | Z:   -0.30°/s
X:   -0.58°/s | Y:    0.63°/s | Z:   -0.91°/s
X:   -0.60°/s | Y:    0.21°/s | Z:    0.21°/s
X:   -0.63°/s | Y:    0.58°/s | Z:   -0.54°/s
X:   -0.67°/s | Y:    0.38°/s | Z:   -0.52°/s
X:   -0.25°/s | Y:    0.25°/s | Z:   -0.84°/s
X:   -0.17°/s | Y:    0.21°/s | Z:   -0.58°/s
X:   -0.52°/s | Y:    0.33°/s | Z:   -0.37°/s
X:   -0.14°/s | Y:    0.28°/s | Z:   -0.14°/s
X:   -0.44°/s | Y:    0.51°/s | Z:   -0.49°/s
X:   -0.52°/s | Y:    0.25°/s | Z:   -1.19°/s
X:   -0.33°/s | Y:    0.28°/s | Z:   -0.37°/s
X:   -0.46°/s | Y:    0.54°/s | Z:   -0.31°/s
X:   -0.33°/s | Y:    0.31°/s | Z:   -0.44°/s
X:   -0.37°/s | Y:    0.40°/s | Z:   -0.17°/s
X:   -0.30°/s | Y:    0.12°/s | Z:   -0.35°/s
X:   -0.67°/s | Y:    0.25°/s | Z:   -0.42°/s
X:   -0.40°/s | Y:   -0.12°/s | Z:   -0.56°/s
X:   -0.40°/s | Y:   -0.07°/s | Z:   -0.54°/s
X:   -0.26°/s | Y:    0.16°/s | Z:   -0.79°/s
X:   -0.12°/s | Y:    0.14°/s | Z:   -0.40°/s
X:   -0.35°/s | Y:   -0.12°/s | Z:   -0.10°/s
X:   -0.65°/s | Y:    0.19°/s | Z:   -0.47°/s
X:   -0.49°/s | Y:    0.17°/s | Z:   -0.51°/s
X:   -0.14°/s | Y:    0.26°/s | Z:   -0.56°/s
X:   -0.14°/s | Y:    0.54°/s | Z:   -0.40°/s
X:   -0.65°/s | Y:    0.44°/s | Z:   -0.54°/s
X:   -0.05°/s | Y:    0.51°/s | Z:   -0.54°/s
X:   -0.94°/s | Y:    0.35°/s | Z:   -0.52°/s
X:   -0.10°/s | Y:    0.19°/s | Z:   -0.17°/s
X:   -0.68°/s | Y:    0.26°/s | Z:   -0.49°/s
X:   -0.47°/s | Y:    0.52°/s | Z:   -1.01°/s
X:   -0.42°/s | Y:    0.37°/s | Z:   -0.05°/s
X:   -0.63°/s | Y:    0.37°/s | Z:   -0.02°/s
X:   -0.05°/s | Y:    0.47°/s | Z:   -0.52°/s
X:   -0.58°/s | Y:   -0.07°/s | Z:   -1.23°/s
X:   -0.58°/s | Y:    0.75°/s | Z:   -0.38°/s
X:   -0.42°/s | Y:    0.04°/s | Z:   -0.37°/s
X:   -0.47°/s | Y:    0.14°/s | Z:   -0.60°/s
X:   -0.67°/s | Y:    0.33°/s | Z:   -0.60°/s
X:   -0.09°/s | Y:    0.72°/s | Z:   -0.46°/s
X:   -0.23°/s | Y:    0.19°/s | Z:   -0.33°/s
X:   -0.28°/s | Y:   -0.16°/s | Z:   -0.46°/s
X:   -0.28°/s | Y:    0.05°/s | Z:   -0.37°/s
X:   -0.35°/s | Y:    0.05°/s | Z:   -0.56°/s
X:   -0.54°/s | Y:    0.28°/s | Z:   -0.26°/s
X:   -0.49°/s | Y:    0.42°/s | Z:   -0.74°/s
X:   -0.46°/s | Y:    0.16°/s | Z:   -0.23°/s
X:   -0.38°/s | Y:   -0.02°/s | Z:   -0.52°/s
X:   -0.65°/s | Y:    0.05°/s | Z:   -0.21°/s
X:   -0.61°/s | Y:   -0.05°/s | Z:   -0.33°/s
X:   -0.46°/s | Y:    0.31°/s | Z:   -0.30°/s
X:   -0.28°/s | Y:    0.38°/s | Z:   -0.44°/s
X:   -0.37°/s | Y:    0.35°/s | Z:   -0.42°/s
X:   -0.26°/s | Y:    0.40°/s | Z:   -0.74°/s
X:   -0.40°/s | Y:   -0.05°/s | Z:   -0.26°/s
X:   -0.42°/s | Y:    0.44°/s | Z:   -0.65°/s
X:   -0.30°/s | Y:    0.33°/s | Z:   -0.38°/s
X:   -0.26°/s | Y:    0.52°/s | Z:   -0.96°/s
X:   -0.47°/s | Y:    0.25°/s | Z:   -0.31°/s
X:   -0.54°/s | Y:    0.42°/s | Z:   -0.49°/s
X:   -0.21°/s | Y:    0.49°/s | Z:   -0.84°/s
X:   -0.30°/s | Y:    0.30°/s | Z:   -0.37°/s
X:   -0.49°/s | Y:    0.21°/s | Z:   -0.44°/s
X:   -0.30°/s | Y:    0.52°/s | Z:   -0.44°/s
X:   -0.47°/s | Y:    0.51°/s | Z:   -0.75°/s
X:   -0.44°/s | Y:    0.19°/s | Z:   -0.67°/s
X:   -0.07°/s | Y:    0.02°/s | Z:   -0.37°/s
X:   -0.49°/s | Y:    0.38°/s | Z:   -0.26°/s
X:   -0.30°/s | Y:    0.26°/s | Z:   -0.60°/s
X:   -0.37°/s | Y:    0.26°/s | Z:   -0.44°/s
X:   -0.35°/s | Y:    0.23°/s | Z:   -0.68°/s
X:   -0.16°/s | Y:    0.23°/s | Z:    0.23°/s
X:   -0.10°/s | Y:   -0.04°/s | Z:   -0.31°/s
X:   -0.31°/s | Y:    0.38°/s | Z:   -0.58°/s
X:   -0.07°/s | Y:    0.16°/s | Z:    0.00°/s
X:   -0.35°/s | Y:    0.37°/s | Z:   -0.54°/s
X:    4.43°/s | Y:    0.31°/s | Z:   -0.86°/s
X:   -0.49°/s | Y:    0.74°/s | Z:   -0.33°/s
X:   -0.31°/s | Y:    0.17°/s | Z:   -0.10°/s
X:   -0.30°/s | Y:    0.33°/s | Z:   -0.38°/s
X:   -0.02°/s | Y:    0.19°/s | Z:    0.14°/s
X:    0.00°/s | Y:    0.17°/s | Z:   -0.35°/s
X:   -0.21°/s | Y:    0.16°/s | Z:   -0.40°/s
X:   -0.35°/s | Y:    0.16°/s | Z:   -0.42°/s
X:   -0.04°/s | Y:    0.10°/s | Z:   -0.14°/s
X:   -0.23°/s | Y:    0.54°/s | Z:   -0.28°/s
X:   -0.46°/s | Y:    0.51°/s | Z:   -0.75°/s
X:   -0.37°/s | Y:    0.33°/s | Z:   -0.91°/s
X:   -0.52°/s | Y:    0.40°/s | Z:   -0.51°/s

📊 Interrupt Stats (every 1000 loops / ~2.5s):
  Avg Cycles/Loop: 180000
  Loop Time: 2500.000μs
  Anomalies: 2
  CPU Usage: ~0.10%
──────────────────────────────────────
X:   -0.52°/s | Y:    0.38°/s | Z:   -0.17°/s
X:   -0.49°/s | Y:    0.54°/s | Z:   -0.40°/s
X:   -0.56°/s | Y:    0.46°/s | Z:   -0.37°/s
X:   -1.00°/s | Y:    0.28°/s | Z:   -0.68°/s
X:   -0.35°/s | Y:    0.14°/s | Z:   -0.52°/s
X:   -0.28°/s | Y:    0.28°/s | Z:   -0.75°/s
X:   -0.12°/s | Y:    0.35°/s | Z:   -0.84°/s
X:   -0.38°/s | Y:    0.05°/s | Z:   -0.21°/s
X:   -0.21°/s | Y:    4.24°/s | Z:   -0.38°/s
X:   -0.35°/s | Y:    0.17°/s | Z:   -0.42°/s
X:   -0.60°/s | Y:    0.23°/s | Z:   -0.60°/s
X:   -0.35°/s | Y:    0.19°/s | Z:   -0.38°/s
X:   -0.25°/s | Y:    0.10°/s | Z:   -0.42°/s
X:   -0.25°/s | Y:    0.31°/s | Z:   -0.23°/s
X:   -0.38°/s | Y:    0.25°/s | Z:   -0.63°/s
X:   -0.14°/s | Y:   -0.09°/s | Z:   -0.93°/s
X:   -0.19°/s | Y:    0.21°/s | Z:    0.30°/s
X:   -0.52°/s | Y:    0.12°/s | Z:   -0.84°/s
X:   -0.35°/s | Y:    0.25°/s | Z:   -0.40°/s
X:   -0.33°/s | Y:    0.12°/s | Z:   -0.77°/s
X:    0.00°/s | Y:    0.23°/s | Z:   -0.52°/s
X:   -0.40°/s | Y:    0.37°/s | Z:   -0.54°/s
X:   -0.30°/s | Y:    0.61°/s | Z:    0.04°/s
X:   -0.61°/s | Y:    0.09°/s | Z:   -0.33°/s
X:   -0.54°/s | Y:    0.42°/s | Z:   -0.37°/s
X:   -0.61°/s | Y:    0.37°/s | Z:   -0.58°/s
X:   -0.38°/s | Y:    0.35°/s | Z:   -0.40°/s
X:   -0.07°/s | Y:    0.58°/s | Z:   -0.70°/s
X:   -0.60°/s | Y:   -0.05°/s | Z:   -0.52°/s
X:   -0.60°/s | Y:    0.02°/s | Z:   -4.43°/s
X:   -0.61°/s | Y:    0.42°/s | Z:   -1.03°/s
X:   -0.35°/s | Y:    0.19°/s | Z:   -0.72°/s
X:   -0.16°/s | Y:    0.04°/s | Z:   -0.42°/s
X:   -0.23°/s | Y:    0.19°/s | Z:   -0.70°/s
X:   -0.28°/s | Y:    0.37°/s | Z:   -0.63°/s
X:   -0.23°/s | Y:    0.79°/s | Z:   -0.72°/s
X:   -0.44°/s | Y:    0.12°/s | Z:   -0.54°/s
X:   -0.38°/s | Y:    0.02°/s | Z:   -0.44°/s
X:   -0.17°/s | Y:    0.56°/s | Z:   -0.70°/s
X:   -0.40°/s | Y:    0.31°/s | Z:   -0.58°/s
X:   -0.30°/s | Y:   -0.12°/s | Z:   -0.21°/s
X:   -0.56°/s | Y:    0.30°/s | Z:   -0.37°/s
X:   -0.38°/s | Y:   -0.17°/s | Z:   -0.33°/s
X:   -0.46°/s | Y:    0.04°/s | Z:   -0.40°/s
X:   -0.51°/s | Y:    0.23°/s | Z:   -0.51°/s
X:   -0.19°/s | Y:    0.30°/s | Z:   -0.84°/s
X:   -0.31°/s | Y:    0.23°/s | Z:   -0.19°/s
X:   -0.30°/s | Y:    0.30°/s | Z:   -0.16°/s
X:   -0.12°/s | Y:    0.23°/s | Z:   -0.77°/s
X:   -0.46°/s | Y:    0.54°/s | Z:   -0.60°/s
X:   -0.31°/s | Y:    0.42°/s | Z:   -0.61°/s
X:   -0.60°/s | Y:    0.23°/s | Z:   -0.75°/s
X:   -0.86°/s | Y:    0.37°/s | Z:   -0.47°/s
X:   -0.33°/s | Y:    0.44°/s | Z:   -0.47°/s
X:   -0.58°/s | Y:    0.19°/s | Z:   -0.42°/s
X:   -0.47°/s | Y:    0.38°/s | Z:   -0.70°/s
X:   -0.31°/s | Y:    0.77°/s | Z:   -0.47°/s
X:   -0.58°/s | Y:    0.26°/s | Z:   -0.47°/s
X:   -0.14°/s | Y:    0.35°/s | Z:   -0.47°/s
X:   -0.33°/s | Y:    0.19°/s | Z:   -0.49°/s
X:   -0.30°/s | Y:    0.37°/s | Z:   -0.19°/s
X:   -0.75°/s | Y:    0.44°/s | Z:   -0.81°/s
X:   -0.12°/s | Y:    0.37°/s | Z:   -0.51°/s
X:   -0.58°/s | Y:    0.30°/s | Z:   -0.52°/s
X:   -0.38°/s | Y:    0.75°/s | Z:   -0.19°/s
X:   -0.28°/s | Y:    0.52°/s | Z:   -0.63°/s
X:   -0.44°/s | Y:    0.28°/s | Z:   -0.35°/s
X:   -0.14°/s | Y:    0.09°/s | Z:   -0.81°/s
X:   -0.38°/s | Y:    0.46°/s | Z:   -1.09°/s
X:   -0.40°/s | Y:    0.31°/s | Z:   -0.96°/s
X:   -0.56°/s | Y:   -0.10°/s | Z:   -0.60°/s
X:   -0.47°/s | Y:   -0.17°/s | Z:   -0.30°/s
X:   -0.07°/s | Y:    0.37°/s | Z:   -0.19°/s
X:    0.12°/s | Y:    0.31°/s | Z:   -0.47°/s
X:   -0.10°/s | Y:    0.04°/s | Z:   -0.74°/s
X:    0.07°/s | Y:    0.23°/s | Z:   -0.33°/s
X:   -0.25°/s | Y:    0.09°/s | Z:   -0.17°/s
X:   -0.07°/s | Y:    0.02°/s | Z:   -0.77°/s
X:   -0.35°/s | Y:   -0.04°/s | Z:   -0.74°/s
X:   -0.04°/s | Y:    0.31°/s | Z:   -0.63°/s
X:    4.13°/s | Y:    0.33°/s | Z:   -0.68°/s
X:   -0.56°/s | Y:    0.33°/s | Z:   -0.44°/s
X:   -0.21°/s | Y:   -4.34°/s | Z:   -0.77°/s
===============================
I3G4250D Gyroscope Demo
===============================

Step 1: Detecting gyroscope...
✓ Found: I3g4250d

Step 2: Initializing driver...
✓ WHO_AM_I: 0xD3

Step 3: Configuring sensor...
✓ Configuration complete:
  - Data Rate: 400 Hz (timer interrupt)
  - Range: 500 °/s

Step 4: Starting interrupt-driven mode...
──────────────────────────────────────

⚠️  ANOMALY #1: Δx=137.13, Δy=479.01, Δz=535.34
X:  137.13°/s | Y:  479.01°/s | Z: -535.34°/s
Waiting for timer interrupt...
Waiting for timer interrupt...
⚠️  ANOMALY #2: Δx=137.27, Δy=478.56, Δz=535.05
Waiting for timer interrupt...
Waiting for timer interrupt...
Waiting for timer interrupt...
Waiting for timer interrupt...
Waiting for timer interrupt...
Waiting for timer interrupt...
X:   -0.23°/s | Y:    0.44°/s | Z:   -0.65°/s
Waiting for timer interrupt...
Waiting for timer interrupt...
Waiting for timer interrupt...
Waiting for timer interrupt...
Waiting for timer interrupt...
Waiting for timer interrupt...
Waiting for timer interrupt...
Waiting for timer interrupt...
X:   -0.33°/s | Y:    0.25°/s | Z:   -0.38°/s
Waiting for timer interrupt...
Waiting for timer interrupt...
Waiting for timer interrupt...
Waiting for timer interrupt...
Waiting for timer interrupt...
Waiting for timer interrupt...
Waiting for timer interrupt...
Waiting for timer interrupt...
X:   -0.52°/s | Y:    0.51°/s | Z:   -0.70°/s
Waiting for timer interrupt...
Waiting for timer interrupt...
Waiting for timer interrupt...
Waiting for timer interrupt...
Waiting for timer interrupt...
Waiting for timer interrupt...
Waiting for timer interrupt...
Waiting for timer interrupt...
X:   -0.44°/s | Y:    0.44°/s | Z:   -0.44°/s
Waiting for timer interrupt...
Waiting for timer interrupt...
Waiting for timer interrupt...
Waiting for timer interrupt...
Waiting for timer interrupt...
Waiting for timer interrupt...
Waiting for timer interrupt...
Waiting for timer interrupt...
X:   -0.25°/s | Y:    0.61°/s | Z:   -0.98°/s
Waiting for timer interrupt...
Waiting for timer interrupt...
Waiting for timer interrupt...
Waiting for timer interrupt...
Waiting for timer interrupt...
Waiting for timer interrupt...
Waiting for timer interrupt...
Waiting for timer interrupt...
X:   -0.12°/s | Y:    0.09°/s | Z:   -0.70°/s
Waiting for timer interrupt...
Waiting for timer interrupt...
Waiting for timer interrupt...
Waiting for timer interrupt...
Waiting for timer interrupt...
Waiting for timer interrupt...
Waiting for timer interrupt...
Waiting for timer interrupt...
X:   -0.68°/s | Y:    0.38°/s | Z:   -0.16°/s
Waiting for timer interrupt...
Waiting for timer interrupt...
Waiting for timer interrupt...
Waiting for timer interrupt...
Waiting for timer interrupt...
Waiting for timer interrupt...
Waiting for timer interrupt...
Waiting for timer interrupt...
X:   -0.37°/s | Y:    0.10°/s | Z:   -0.33°/s
Waiting for timer interrupt...
Waiting for timer interrupt...
Waiting for timer interrupt...
Waiting for timer interrupt...
Waiting for timer interrupt...
Waiting for timer interrupt...
Waiting for timer interrupt...
Waiting for timer interrupt...
X:   -0.17°/s | Y:    0.58°/s | Z:   -0.10°/s
Waiting for timer interrupt...
Waiting for timer interrupt...
Waiting for timer interrupt...
Waiting for timer interrupt...
Waiting for timer interrupt...
Waiting for timer interrupt...
Waiting for timer interrupt...
Waiting for timer interrupt...
X:   -0.54°/s | Y:    0.33°/s | Z:   -0.63°/s
Waiting for timer interrupt...
Waiting for timer interrupt...
Waiting for timer interrupt...
Waiting for timer interrupt...
Waiting for timer interrupt...
Waiting for timer interrupt...
Waiting for timer interrupt...
Waiting for timer interrupt...
X:   -0.07°/s | Y:    0.68°/s | Z:   -0.94°/s
Waiting for timer interrupt...
Waiting for timer interrupt...
Waiting for timer interrupt...
Waiting for timer interrupt...
Waiting for timer interrupt...
Waiting for timer interrupt...
Waiting for timer interrupt...
Waiting for timer interrupt...
X:   -0.05°/s | Y:    0.31°/s | Z:   -0.84°/s
Waiting for timer interrupt...
Waiting for timer interrupt...
Waiting for timer interrupt...
Waiting for timer interrupt...
Waiting for timer interrupt...
Waiting for timer interrupt...
Waiting for timer interrupt...
Waiting for timer interrupt...
X:   -0.37°/s | Y:    0.38°/s | Z:   -0.14°/s
Waiting for timer interrupt...
Waiting for timer interrupt...
Waiting for timer interrupt...
Waiting for timer interrupt...
Waiting for timer interrupt...
Waiting for timer interrupt...
Waiting for timer interrupt...
Waiting for timer interrupt...
X:   -0.33°/s | Y:    0.02°/s | Z:   -0.05°/s
Waiting for timer interrupt...
Waiting for timer interrupt...
Waiting for timer interrupt...
Waiting for timer interrupt...
Waiting for timer interrupt...
Waiting for timer interrupt...
Waiting for timer interrupt...
Waiting for timer interrupt...
X:   -0.51°/s | Y:    0.77°/s | Z:   -0.63°/s
Waiting for timer interrupt...
Waiting for timer interrupt...
Waiting for timer interrupt...
Waiting for timer interrupt...
Waiting for timer interrupt...
Waiting for timer interrupt...
Waiting for timer interrupt...
Waiting for timer interrupt...
X:   -0.31°/s | Y:    0.38°/s | Z:   -0.14°/s
Waiting for timer interrupt...
Waiting for timer interrupt...
Waiting for timer interrupt...
Waiting for timer interrupt...
Waiting for timer interrupt...
Waiting for timer interrupt...
Waiting for timer interrupt...
Waiting for timer interrupt...
X:   -0.63°/s | Y:    0.25°/s | Z:   -1.01°/s
Waiting for timer interrupt...
Waiting for timer interrupt...
Waiting for timer interrupt...
Waiting for timer interrupt...
Waiting for timer interrupt...
Waiting for timer interrupt...
Waiting for timer interrupt...
Waiting for timer interrupt...
X:   -0.12°/s | Y:    0.19°/s | Z:   -0.47°/s
Waiting for timer interrupt...
Waiting for timer interrupt...
Waiting for timer interrupt...
Waiting for timer interrupt...
Waiting for timer interrupt...
Waiting for timer interrupt...
Waiting for timer interrupt...
Waiting for timer interrupt...
X:   -0.07°/s | Y:    0.14°/s | Z:   -0.23°/s
Waiting for timer interrupt...
Waiting for timer interrupt...
Waiting for timer interrupt...
Waiting for timer interrupt...
Waiting for timer interrupt...
Waiting for timer interrupt...
Waiting for timer interrupt...
Waiting for timer interrupt...
X:   -0.19°/s | Y:   -0.40°/s | Z:   -0.42°/s
Waiting for timer interrupt...
Waiting for timer interrupt...
Waiting for timer interrupt...
Waiting for timer interrupt...
Waiting for timer interrupt...
Waiting for timer interrupt...
Waiting for timer interrupt...
Waiting for timer interrupt...
X:   -4.43°/s | Y:    0.33°/s | Z:   -0.40°/s
Waiting for timer interrupt...
Waiting for timer interrupt...
Waiting for timer interrupt...
Waiting for timer interrupt...
Waiting for timer interrupt...
Waiting for timer interrupt...
Waiting for timer interrupt...
Waiting for timer interrupt...
X:   -0.44°/s | Y:    0.70°/s | Z:   -0.30°/s
Waiting for timer interrupt...
Waiting for timer interrupt...
Waiting for timer interrupt...
Waiting for timer interrupt...
Waiting for timer interrupt...
Waiting for timer interrupt...
Waiting for timer interrupt...
Waiting for timer interrupt...
X:   -0.74°/s | Y:    0.47°/s | Z:   -0.52°/s
Waiting for timer interrupt...
Waiting for timer interrupt...
Waiting for timer interrupt...
Waiting for timer interrupt...
Waiting for timer interrupt...
Waiting for timer interrupt...
Waiting for timer interrupt...
Waiting for timer interrupt...
X:   -0.58°/s | Y:    0.02°/s | Z:   -0.49°/s
Waiting for timer interrupt...
Waiting for timer interrupt...
Waiting for timer interrupt...
Waiting for timer interrupt...
Waiting for timer interrupt...
Waiting for timer interrupt...
Waiting for timer interrupt...
Waiting for timer interrupt...
X:   -0.56°/s | Y:    0.54°/s | Z:   -0.31°/s
Waiting for timer interrupt...
Waiting for timer interrupt...
Waiting for timer interrupt...
Waiting for timer interrupt...
Waiting for timer interrupt...
Waiting for timer interrupt...
Waiting for timer interrupt...
Waiting for timer interrupt...
X:   -0.58°/s | Y:    0.61°/s | Z:   -0.65°/s
Waiting for timer interrupt...
Waiting for timer interrupt...
Waiting for timer interrupt...
Waiting for timer interrupt...
Waiting for timer interrupt...
Waiting for timer interrupt...
Waiting for timer interrupt...
Waiting for timer interrupt...
X:   -0.23°/s | Y:    0.35°/s | Z:   -0.25°/s
Waiting for timer interrupt...
Waiting for timer interrupt...
Waiting for timer interrupt...
Waiting for timer interrupt...
Waiting for timer interrupt...
Waiting for timer interrupt...
Waiting for timer interrupt...
Waiting for timer interrupt...
X:   -4.43°/s | Y:    0.19°/s | Z:   -0.49°/s
Waiting for timer interrupt...
Waiting for timer interrupt...
Waiting for timer interrupt...
Waiting for timer interrupt...
Waiting for timer interrupt...
Waiting for timer interrupt...
Waiting for timer interrupt...
Waiting for timer interrupt...
X:   -0.46°/s | Y:    0.42°/s | Z:   -0.05°/s
Waiting for timer interrupt...
Waiting for timer interrupt...
Waiting for timer interrupt...
Waiting for timer interrupt...
Waiting for timer interrupt...
Waiting for timer interrupt...
Waiting for timer interrupt...
Waiting for timer interrupt...
X:   -0.37°/s | Y:    0.21°/s | Z:   -0.56°/s
Waiting for timer interrupt...
Waiting for timer interrupt...
Waiting for timer interrupt...
Waiting for timer interrupt...
Waiting for timer interrupt...
Waiting for timer interrupt...
Waiting for timer interrupt...
Waiting for timer interrupt...
X:   -0.54°/s | Y:    0.25°/s | Z:   -0.75°/s
Waiting for timer interrupt...
Waiting for timer interrupt...
Waiting for timer interrupt...
Waiting for timer interrupt...
Waiting for timer interrupt...
Waiting for timer interrupt...
Waiting for timer interrupt...
Waiting for timer interrupt...
X:   -0.10°/s | Y:   -0.16°/s | Z:   -0.21°/s
Waiting for timer interrupt...
Waiting for timer interrupt...
Waiting for timer interrupt...
Waiting for timer interrupt...
Waiting for timer interrupt...
Waiting for timer interrupt...
Waiting for timer interrupt...
Waiting for timer interrupt...
X:    0.04°/s | Y:    0.25°/s | Z:   -0.88°/s
Waiting for timer interrupt...
Waiting for timer interrupt...
===============================
I3G4250D Gyroscope Demo
===============================

Step 1: Detecting gyroscope...
✓ Found: I3g4250d

Step 2: Initializing driver...
✓ WHO_AM_I: 0xD3

Step 3: Configuring sensor...
✓ Configuration complete:
  - Data Rate: 400 Hz (timer interrupt)
  - Range: 500 °/s

Step 4: Starting interrupt-driven mode...
──────────────────────────────────────

X:    0.98°/s | Y:   -0.21°/s | Z:  -72.71°/s
Sleeping until next timer interrupt...
Sleeping until next timer interrupt...
Sleeping until next timer interrupt...
Sleeping until next timer interrupt...
Sleeping until next timer interrupt...
Sleeping until next timer interrupt...
Sleeping until next timer interrupt...
Sleeping until next timer interrupt...
X:   -0.61°/s | Y:    0.21°/s | Z:   -0.46°/s
Sleeping until next timer interrupt...
Sleeping until next timer interrupt...
Sleeping until next timer interrupt...
Sleeping until next timer interrupt...
Sleeping until next timer interrupt...
Sleeping until next timer interrupt...
Sleeping until next timer interrupt...
Sleeping until next timer interrupt...
X:    0.12°/s | Y:   -0.04°/s | Z:   -0.33°/s
Sleeping until next timer interrupt...
Sleeping until next timer interrupt...
Sleeping until next timer interrupt...
Sleeping until next timer interrupt...
Sleeping until next timer interrupt...
Sleeping until next timer interrupt...
Sleeping until next timer interrupt...
Sleeping until next timer interrupt...
X:    0.37°/s | Y:    0.17°/s | Z:    0.02°/s
Sleeping until next timer interrupt...
Sleeping until next timer interrupt...
Sleeping until next timer interrupt...
Sleeping until next timer interrupt...
Sleeping until next timer interrupt...
Sleeping until next timer interrupt...
Sleeping until next timer interrupt...
Sleeping until next timer interrupt...
X:   -0.26°/s | Y:    0.65°/s | Z:   -0.40°/s
Sleeping until next timer interrupt...
Sleeping until next timer interrupt...
Sleeping until next timer interrupt...
Sleeping until next timer interrupt...
Sleeping until next timer interrupt...
Sleeping until next timer interrupt...
Sleeping until next timer interrupt...
Sleeping until next timer interrupt...
X:   -0.68°/s | Y:    0.77°/s | Z:   -0.65°/s
Sleeping until next timer interrupt...
Sleeping until next timer interrupt...
Sleeping until next timer interrupt...
Sleeping until next timer interrupt...
Sleeping until next timer interrupt...
Sleeping until next timer interrupt...
Sleeping until next timer interrupt...
Sleeping until next timer interrupt...
X:   -0.23°/s | Y:   -0.09°/s | Z:   -0.75°/s
Sleeping until next timer interrupt...
Sleeping until next timer interrupt...
Sleeping until next timer interrupt...
Sleeping until next timer interrupt...
Sleeping until next timer interrupt...
Sleeping until next timer interrupt...
Sleeping until next timer interrupt...
Sleeping until next timer interrupt...
X:   -0.14°/s | Y:    0.10°/s | Z:   -0.56°/s
Sleeping until next timer interrupt...
Sleeping until next timer interrupt...
Sleeping until next timer interrupt...
Sleeping until next timer interrupt...
Sleeping until next timer interrupt...
Sleeping until next timer interrupt...
Sleeping until next timer interrupt...
Sleeping until next timer interrupt...
X:   -0.82°/s | Y:    0.63°/s | Z:   -0.19°/s
Sleeping until next timer interrupt...
Sleeping until next timer interrupt...
Sleeping until next timer interrupt...
Sleeping until next timer interrupt...
===============================
I3G4250D Gyroscope Demo
===============================

Step 1: Detecting gyroscope...
✓ Found: I3g4250d

Step 2: Initializing driver...
✓ WHO_AM_I: 0xD3

Step 3: Configuring sensor...
✓ Configuration complete:
  - Data Rate: 400 Hz (timer interrupt)
  - Range: 500 °/s

Step 4: Starting interrupt-driven mode...
──────────────────────────────────────

===============================
I3G4250D Gyroscope Demo
===============================

Step 1: Detecting gyroscope...
✓ Found: I3g4250d

Step 2: Initializing driver...
✓ WHO_AM_I: 0xD3

Step 3: Configuring sensor...
✓ Configuration complete:
  - Data Rate: 400 Hz (timer interrupt)
  - Range: 500 °/s

Step 4: Starting interrupt-driven mode...
──────────────────────────────────────

⚠️  ANOMALY #1: Δx=0.98, Δy=0.84, Δz=167.95
X:   -0.98°/s | Y:    0.84°/s | Z: -167.95°/s
Sleeping until next timer interrupt...
Sleeping until next timer interrupt...
⚠️  ANOMALY #2: Δx=0.51, Δy=0.37, Δz=167.86
Sleeping until next timer interrupt...
Sleeping until next timer interrupt...
Sleeping until next timer interrupt...
Sleeping until next timer interrupt...
Sleeping until next timer interrupt...
Sleeping until next timer interrupt...
X:   -0.46°/s | Y:    0.75°/s | Z:   -1.42°/s
Sleeping until next timer interrupt...
Sleeping until next timer interrupt...
Sleeping until next timer interrupt...
Sleeping until next timer interrupt...
Sleeping until next timer interrupt...
Sleeping until next timer interrupt...
Sleeping until next timer interrupt...
Sleeping until next timer interrupt...
X:   -0.47°/s | Y:    0.04°/s | Z:   -0.67°/s
Sleeping until next timer interrupt...
Sleeping until next timer interrupt...
Sleeping until next timer interrupt...
Sleeping until next timer interrupt...
Sleeping until next timer interrupt...
Sleeping until next timer interrupt...
Sleeping until next timer interrupt...
Sleeping until next timer interrupt...
X:   -0.40°/s | Y:    0.35°/s | Z:   -0.79°/s
Sleeping until next timer interrupt...
Sleeping until next timer interrupt...
Sleeping until next timer interrupt...
Sleeping until next timer interrupt...
Sleeping until next timer interrupt...
Sleeping until next timer interrupt...
Sleeping until next timer interrupt...
Sleeping until next timer interrupt...
X:   -0.63°/s | Y:    0.56°/s | Z:   -0.68°/s
Sleeping until next timer interrupt...
Sleeping until next timer interrupt...
Sleeping until next timer interrupt...
Sleeping until next timer interrupt...
Sleeping until next timer interrupt...
Sleeping until next timer interrupt...
Sleeping until next timer interrupt...
Sleeping until next timer interrupt...
X:   -0.70°/s | Y:    0.60°/s | Z:   -0.30°/s
Sleeping until next timer interrupt...
Sleeping until next timer interrupt...
Sleeping until next timer interrupt...
Sleeping until next timer interrupt...
Sleeping until next timer interrupt...
Sleeping until next timer interrupt...
Sleeping until next timer interrupt...
Sleeping until next timer interrupt...
X:   -0.68°/s | Y:    0.44°/s | Z:   -0.30°/s
Sleeping until next timer interrupt...
Sleeping until next timer interrupt...
Sleeping until next timer interrupt...
Sleeping until next timer interrupt...
Sleeping until next timer interrupt...
Sleeping until next timer interrupt...
Sleeping until next timer interrupt...
Sleeping until next timer interrupt...
X:   -0.05°/s | Y:    0.51°/s | Z:   -0.42°/s
Sleeping until next timer interrupt...
Sleeping until next timer interrupt...
Sleeping until next timer interrupt...
Sleeping until next timer interrupt...
Sleeping until next timer interrupt...
Sleeping until next timer interrupt...
Sleeping until next timer interrupt...
Sleeping until next timer interrupt...
X:   -0.38°/s | Y:    0.07°/s | Z:   -0.58°/s
Sleeping until next timer interrupt...
Sleeping until next timer interrupt...
Sleeping until next timer interrupt...
Sleeping until next timer interrupt...
Sleeping until next timer interrupt...
Sleeping until next timer interrupt...
Sleeping until next timer interrupt...
Sleeping until next timer interrupt...
X:   -0.60°/s | Y:    0.17°/s | Z:   -0.51°/s
Sleeping until next timer interrupt...
Sleeping until next timer interrupt...
Sleeping until next timer interrupt...
Sleeping until next timer interrupt...
Sleeping until next timer interrupt...
Sleeping until next timer interrupt...
Sleeping until next timer interrupt...
Sleeping until next timer interrupt...
X:   -0.60°/s | Y:    0.33°/s | Z:   -1.07°/s
Sleeping until next timer interrupt...
Sleeping until next timer interrupt...
Sleeping until next timer interrupt...
Sleeping until next timer interrupt...
Sleeping until next timer interrupt...
Sleeping until next timer interrupt...
Sleeping until next timer interrupt...
Sleeping until next timer interrupt...
X:   -0.10°/s | Y:    0.63°/s | Z:   -1.09°/s
Sleeping until next timer interrupt...
Sleeping until next timer interrupt...
Sleeping until next timer interrupt...
Sleeping until next timer interrupt...
Sleeping until next timer interrupt...
Sleeping until next timer interrupt...
Sleeping until next timer interrupt...
Sleeping until next timer interrupt...
X:   -0.38°/s | Y:    0.26°/s | Z:   -0.37°/s
Sleeping until next timer interrupt...
Sleeping until next timer interrupt...
Sleeping until next timer interrupt...
Sleeping until next timer interrupt...
Sleeping until next timer interrupt...
Sleeping until next timer interrupt...
Sleeping until next timer interrupt...
Sleeping until next timer interrupt...
X:   -0.12°/s | Y:    0.31°/s | Z:   -0.60°/s
Sleeping until next timer interrupt...
Sleeping until next timer interrupt...
Sleeping until next timer interrupt...
Sleeping until next timer interrupt...
Sleeping until next timer interrupt...
Sleeping until next timer interrupt...
Sleeping until next timer interrupt...
Sleeping until next timer interrupt...
X:   -0.35°/s | Y:    0.17°/s | Z:   -0.77°/s
Sleeping until next timer interrupt...
Sleeping until next timer interrupt...
Sleeping until next timer interrupt...
Sleeping until next timer interrupt...
Sleeping until next timer interrupt...
Sleeping until next timer interrupt...
Sleeping until next timer interrupt...
Sleeping until next timer interrupt...
X:   -0.07°/s | Y:    0.30°/s | Z:   -0.26°/s
Sleeping until next timer interrupt...
Sleeping until next timer interrupt...
Sleeping until next timer interrupt...
Sleeping until next timer interrupt...
Sleeping until next timer interrupt...
Sleeping until next timer interrupt...
Sleeping until next timer interrupt...
Sleeping until next timer interrupt...
X:   -0.65°/s | Y:    0.16°/s | Z:   -0.21°/s
Sleeping until next timer interrupt...
Sleeping until next timer interrupt...
Sleeping until next timer interrupt...
Sleeping until next timer interrupt...
Sleeping until next timer interrupt...
Sleeping until next timer interrupt...
Sleeping until next timer interrupt...
Sleeping until next timer interrupt...
X:   -0.26°/s | Y:    0.28°/s | Z:   -0.61°/s
Sleeping until next timer interrupt...
Sleeping until next timer interrupt...
Sleeping until next timer interrupt...
Sleeping until next timer interrupt...
Sleeping until next timer interrupt...
Sleeping until next timer interrupt...
===============================
I3G4250D Gyroscope Demo
===============================

Step 1: Detecting gyroscope...
✓ Found: I3g4250d

Step 2: Initializing driver...
✓ WHO_AM_I: 0xD3

Step 3: Configuring sensor...
✓ Configuration complete:
  - Data Rate: 400 Hz (timer interrupt)
  - Range: 500 °/s

Step 4: Starting interrupt-driven mode...
──────────────────────────────────────

⚠️  ANOMALY #1: Δx=163.82, Δy=270.29, Δz=245.88
X:  163.82°/s | Y:  270.29°/s | Z:  245.88°/s
Sleeping until next timer interrupt...
Sleeping until next timer interrupt...
⚠️  ANOMALY #2: Δx=165.39, Δy=269.01, Δz=246.17
Sleeping until next timer interrupt...
Sleeping until next timer interrupt...
Sleeping until next timer interrupt...
Sleeping until next timer interrupt...
Sleeping until next timer interrupt...
Sleeping until next timer interrupt...
X:   -0.63°/s | Y:    0.52°/s | Z:   -0.16°/s
Sleeping until next timer interrupt...
Sleeping until next timer interrupt...
Sleeping until next timer interrupt...
Sleeping until next timer interrupt...
Sleeping until next timer interrupt...
Sleeping until next timer interrupt...
Sleeping until next timer interrupt...
Sleeping until next timer interrupt...
X:    0.09°/s | Y:    0.58°/s | Z:   -1.01°/s
Sleeping until next timer interrupt...
Sleeping until next timer interrupt...
Sleeping until next timer interrupt...
Sleeping until next timer interrupt...
Sleeping until next timer interrupt...
Sleeping until next timer interrupt...
Sleeping until next timer interrupt...
Sleeping until next timer interrupt...
X:   -0.25°/s | Y:    0.37°/s | Z:   -0.89°/s
Sleeping until next timer interrupt...
Sleeping until next timer interrupt...
Sleeping until next timer interrupt...
Sleeping until next timer interrupt...
Sleeping until next timer interrupt...
Sleeping until next timer interrupt...
Sleeping until next timer interrupt...
Sleeping until next timer interrupt...
X:   -0.14°/s | Y:    0.31°/s | Z:   -0.21°/s
Sleeping until next timer interrupt...
Sleeping until next timer interrupt...
Sleeping until next timer interrupt...
Sleeping until next timer interrupt...
Sleeping until next timer interrupt...
Sleeping until next timer interrupt...
Sleeping until next timer interrupt...
Sleeping until next timer interrupt...
X:   -0.49°/s | Y:    0.40°/s | Z:   -0.54°/s
Sleeping until next timer interrupt...
Sleeping until next timer interrupt...
Sleeping until next timer interrupt...
Sleeping until next timer interrupt...
Sleeping until next timer interrupt...
Sleeping until next timer interrupt...
Sleeping until next timer interrupt...
Sleeping until next timer interrupt...
X:   -0.30°/s | Y:    0.28°/s | Z:   -1.15°/s
Sleeping until next timer interrupt...
Sleeping until next timer interrupt...
Sleeping until next timer interrupt...
Sleeping until next timer interrupt...
Sleeping until next timer interrupt...
Sleeping until next timer interrupt...
Sleeping until next timer interrupt...
Sleeping until next timer interrupt...
X:   -0.65°/s | Y:    0.19°/s | Z:   -1.28°/s
Sleeping until next timer interrupt...
Sleeping until next timer interrupt...
Sleeping until next timer interrupt...
Sleeping until next timer interrupt...
Sleeping until next timer interrupt...
Sleeping until next timer interrupt...
Sleeping until next timer interrupt...
Sleeping until next timer interrupt...
X:   -0.46°/s | Y:    0.35°/s | Z:    0.00°/s
Sleeping until next timer interrupt...
Sleeping until next timer interrupt...
Sleeping until next timer interrupt...
Sleeping until next timer interrupt...
Sleeping until next timer interrupt...
Sleeping until next timer interrupt...
Sleeping until next timer interrupt...
Sleeping until next timer interrupt...
X:   -0.35°/s | Y:    0.42°/s | Z:   -0.44°/s
Sleeping until next timer interrupt...
Sleeping until next timer interrupt...
Sleeping until next timer interrupt...
Sleeping until next timer interrupt...
Sleeping until next timer interrupt...
Sleeping until next timer interrupt...
Sleeping until next timer interrupt...
Sleeping until next timer interrupt...
X:   -0.65°/s | Y:   -0.04°/s | Z:   -0.58°/s
Sleeping until next timer interrupt...
Sleeping until next timer interrupt...
Sleeping until next timer interrupt...
Sleeping until next timer interrupt...
Sleeping until next timer interrupt...
Sleeping until next timer interrupt...
Sleeping until next timer interrupt...
Sleeping until next timer interrupt...
X:   -0.28°/s | Y:    0.16°/s | Z:   -0.05°/s
Sleeping until next timer interrupt...
Sleeping until next timer interrupt...
Sleeping until next timer interrupt...
Sleeping until next timer interrupt...
Sleeping until next timer interrupt...
Sleeping until next timer interrupt...
Sleeping until next timer interrupt...
Sleeping until next timer interrupt...
X:   -0.58°/s | Y:    0.00°/s | Z:    0.00°/s
Sleeping until next timer interrupt...
Sleeping until next timer interrupt...
Sleeping until next timer interrupt...
Sleeping until next timer interrupt...
Sleeping until next timer interrupt...
Sleeping until next timer interrupt...
Sleeping until next timer interrupt...
Sleeping until next timer interrupt...
X:   -0.17°/s | Y:   -0.19°/s | Z:   -0.91°/s
Sleeping until next timer interrupt...
Sleeping until next timer interrupt...
Sleeping until next timer interrupt...
Sleeping until next timer interrupt...
Sleeping until next timer interrupt...
Sleeping until next timer interrupt...
Sleeping until next timer interrupt...
Sleeping until next timer interrupt...
X:   -0.56°/s | Y:    0.02°/s | Z:   -0.54°/s
Sleeping until next timer interrupt...
Sleeping until next timer interrupt...
Sleeping until next timer interrupt...
Sleeping until next timer interrupt...
Sleeping until next timer interrupt...
Sleeping until next timer interrupt...
Sleeping until next timer interrupt...
Sleeping until next timer interrupt...
X:   -0.26°/s | Y:    0.54°/s | Z:   -0.28°/s
Sleeping until next timer interrupt...
Sleeping until next timer interrupt...
Sleeping until next timer interrupt...
Sleeping until next timer interrupt...
Sleeping until next timer interrupt...
Sleeping until next timer interrupt...
Sleeping until next timer interrupt...
Sleeping until next timer interrupt...
X:   -0.47°/s | Y:    0.46°/s | Z:   -0.44°/s
Sleeping until next timer interrupt...
Sleeping until next timer interrupt...
Sleeping until next timer interrupt...
Sleeping until next timer interrupt...
Sleeping until next timer interrupt...
Sleeping until next timer interrupt...
Sleeping until next timer interrupt...
Sleeping until next timer interrupt...
X:   -0.40°/s | Y:    0.14°/s | Z:   -0.25°/s
Sleeping until next timer interrupt...
Sleeping until next timer interrupt...
Sleeping until next timer interrupt...
Sleeping until next timer interrupt...
Sleeping until next timer interrupt...
Sleeping until next timer interrupt...
Sleeping until next timer interrupt...
Sleeping until next timer interrupt...
X:   -0.67°/s | Y:    0.31°/s | Z:   -0.26°/s
Sleeping until next timer interrupt...
Sleeping until next timer interrupt...
Sleeping until next timer interrupt...
Sleeping until next timer interrupt...
Sleeping until next timer interrupt...
Sleeping until next timer interrupt...
Sleeping until next timer interrupt...
Sleeping until next timer interrupt...
X:   -0.72°/s | Y:    0.51°/s | Z:   -0.61°/s
Sleeping until next timer interrupt...
Sleeping until next timer interrupt...
Sleeping until next timer interrupt...
Sleeping until next timer interrupt...
Sleeping until next timer interrupt...
Sleeping until next timer interrupt...
Sleeping until next timer interrupt...
Sleeping until next timer interrupt...
X:   -0.54°/s | Y:    0.25°/s | Z:   -0.25°/s
Sleeping until next timer interrupt...
Sleeping until next timer interrupt...
Sleeping until next timer interrupt...
Sleeping until next timer interrupt...
Sleeping until next timer interrupt...
Sleeping until next timer interrupt...
Sleeping until next timer interrupt...
Sleeping until next timer interrupt...
X:   -0.54°/s | Y:    0.16°/s | Z:   -0.86°/s
Sleeping until next timer interrupt...
Sleeping until next timer interrupt...
Sleeping until next timer interrupt...
Sleeping until next timer interrupt...
Sleeping until next timer interrupt...
Sleeping until next timer interrupt...
Sleeping until next timer interrupt...
Sleeping until next timer interrupt...
X:   -0.54°/s | Y:    0.30°/s | Z:   -0.65°/s
Sleeping until next timer interrupt...
Sleeping until next timer interrupt...
Sleeping until next timer interrupt...
Sleeping until next timer interrupt...
Sleeping until next timer interrupt...
Sleeping until next timer interrupt...
Sleeping until next timer interrupt...
Sleeping until next timer interrupt...
X:   -0.30°/s | Y:    0.46°/s | Z:   -0.42°/s
Sleeping until next timer interrupt...
Sleeping until next timer interrupt...
Sleeping until next timer interrupt...
Sleeping until next timer interrupt...
Sleeping until next timer interrupt...
Sleeping until next timer interrupt...
Sleeping until next timer interrupt...
Sleeping until next timer interrupt...
X:   -0.49°/s | Y:    0.17°/s | Z:   -0.51°/s
Sleeping until next timer interrupt...
Sleeping until next timer interrupt...
Sleeping until next timer interrupt...
Sleeping until next timer interrupt...
Sleeping until next timer interrupt...
Sleeping until next timer interrupt...
Sleeping until next timer interrupt...
Sleeping until next timer interrupt...
X:   -0.28°/s | Y:    0.23°/s | Z:   -0.65°/s
Sleeping until next timer interrupt...
Sleeping until next timer interrupt...
Sleeping until next timer interrupt...
Sleeping until next timer interrupt...
Sleeping until next timer interrupt...
Sleeping until next timer interrupt...
Sleeping until next timer interrupt...
Sleeping until next timer interrupt...
X:   -4.46°/s | Y:    0.74°/s | Z:   -0.21°/s
Sleeping until next timer interrupt...
Sleeping until next timer interrupt...
Sleeping until next timer interrupt...
Sleeping until next timer interrupt...
Sleeping until next timer interrupt...
Sleeping until next timer interrupt...
Sleeping until next timer interrupt...
Sleeping until next timer interrupt...
X:    0.40°/s | Y:    0.38°/s | Z:   -0.12°/s
Sleeping until next timer interrupt...
Sleeping until next timer interrupt...
Sleeping until next timer interrupt...
Sleeping until next timer interrupt...
Sleeping until next timer interrupt...
Sleeping until next timer interrupt...
Sleeping until next timer interrupt...
Sleeping until next timer interrupt...
X:   -0.21°/s | Y:    0.31°/s | Z:   -0.65°/s
Sleeping until next timer interrupt...
Sleeping until next timer interrupt...
Sleeping until next timer interrupt...
Sleeping until next timer interrupt...
Sleeping until next timer interrupt...
Sleeping until next timer interrupt...
Sleeping until next timer interrupt...
Sleeping until next timer interrupt...
X:   -0.17°/s | Y:    0.23°/s | Z:   -0.14°/s
Sleeping until next timer interrupt...
Sleeping until next timer interrupt...
Sleeping until next timer interrupt...
Sleeping until next timer interrupt...
Sleeping until next timer interrupt...
Sleeping until next timer interrupt...
Sleeping until next timer interrupt...
Sleeping until next timer interrupt...
X:   -0.25°/s | Y:    0.28°/s | Z:   -0.51°/s
Sleeping until next timer interrupt...
Sleeping until next timer interrupt...
Sleeping until next timer interrupt...
Sleeping until next timer interrupt...
Sleeping until next timer interrupt...
Sleeping until next timer interrupt...
Sleeping until next timer interrupt...
Sleeping until next timer interrupt...
X:   -0.31°/s | Y:    0.14°/s | Z:   -0.56°/s
Sleeping until next timer interrupt...
Sleeping until next timer interrupt...
Sleeping until next timer interrupt...
Sleeping until next timer interrupt...
Sleeping until next timer interrupt...
Sleeping until next timer interrupt...
Sleeping until next timer interrupt...
Sleeping until next timer interrupt...
X:   -0.70°/s | Y:    0.19°/s | Z:   -0.07°/s
Sleeping until next timer interrupt...
Sleeping until next timer interrupt...
Sleeping until next timer interrupt...
Sleeping until next timer interrupt...
Sleeping until next timer interrupt...
Sleeping until next timer interrupt...
Sleeping until next timer interrupt...
Sleeping until next timer interrupt...
X:   -0.61°/s | Y:    0.16°/s | Z:   -0.46°/s
Sleeping until next timer interrupt...
Sleeping until next timer interrupt...
Sleeping until next timer interrupt...
Sleeping until next timer interrupt...
Sleeping until next timer interrupt...
Sleeping until next timer interrupt...
Sleeping until next timer interrupt...
Sleeping until next timer interrupt...
X:   -0.02°/s | Y:    0.58°/s | Z:   -0.67°/s
Sleeping until next timer interrupt...
Sleeping until next timer interrupt...
Sleeping until next timer interrupt...
Sleeping until next timer interrupt...
Sleeping until next timer interrupt...
Sleeping until next timer interrupt...
Sleeping until next timer interrupt...
Sleeping until next timer interrupt...
X:   -0.81°/s | Y:    0.04°/s | Z:   -0.49°/s
Sleeping until next timer interrupt...
Sleeping until next timer interrupt...
Sleeping until next timer interrupt...
Sleeping until next timer interrupt...
Sleeping until next timer interrupt...
Sleeping until next timer interrupt...
Sleeping until next timer interrupt...
Sleeping until next timer interrupt...
X:   -0.74°/s | Y:    0.54°/s | Z:    0.02°/s
Sleeping until next timer interrupt...
Sleeping until next timer interrupt...
Sleeping until next timer interrupt...
Sleeping until next timer interrupt...
Sleeping until next timer interrupt...
Sleeping until next timer interrupt...
Sleeping until next timer interrupt...
Sleeping until next timer interrupt...
X:   -0.12°/s | Y:    0.26°/s | Z:   -0.52°/s
Sleeping until next timer interrupt...
Sleeping until next timer interrupt...
Sleeping until next timer interrupt...
Sleeping until next timer interrupt...
Sleeping until next timer interrupt...
Sleeping until next timer interrupt...
Sleeping until next timer interrupt...
Sleeping until next timer interrupt...
X:   -0.33°/s | Y:    0.14°/s | Z:   -0.30°/s
Sleeping until next timer interrupt...
Sleeping until next timer interrupt...
Sleeping until next timer interrupt...
Sleeping until next timer interrupt...
Sleeping until next timer interrupt...
Sleeping until next timer interrupt...
Sleeping until next timer interrupt...
Sleeping until next timer interrupt...
X:   -0.38°/s | Y:   -0.02°/s | Z:   -0.67°/s
Sleeping until next timer interrupt...
Sleeping until next timer interrupt...
Sleeping until next timer interrupt...
Sleeping until next timer interrupt...
Sleeping until next timer interrupt...
Sleeping until next timer interrupt...
Sleeping until next timer interrupt...
Sleeping until next timer interrupt...
X:   -0.40°/s | Y:    0.33°/s | Z:   -0.67°/s
Sleeping until next timer interrupt...
Sleeping until next timer interrupt...
Sleeping until next timer interrupt...
Sleeping until next timer interrupt...
Sleeping until next timer interrupt...
Sleeping until next timer interrupt...
Sleeping until next timer interrupt...
Sleeping until next timer interrupt...
X:   -0.23°/s | Y:    0.21°/s | Z:   -0.51°/s
Sleeping until next timer interrupt...
Sleeping until next timer interrupt...
Sleeping until next timer interrupt...
Sleeping until next timer interrupt...
Sleeping until next timer interrupt...
Sleeping until next timer interrupt...
Sleeping until next timer interrupt...
Sleeping until next timer interrupt...
X:   -0.58°/s | Y:    0.33°/s | Z:   -0.14°/s
Sleeping until next timer interrupt...
Sleeping until next timer interrupt...
Sleeping until next timer interrupt...
Sleeping until next timer interrupt...
Sleeping until next timer interrupt...
Sleeping until next timer interrupt...
Sleeping until next timer interrupt...
Sleeping until next timer interrupt...
X:   -0.38°/s | Y:    0.04°/s | Z:   -0.42°/s
Sleeping until next timer interrupt...
Sleeping until next timer interrupt...
Sleeping until next timer interrupt...
Sleeping until next timer interrupt...
Sleeping until next timer interrupt...
Sleeping until next timer interrupt...
Sleeping until next timer interrupt...
Sleeping until next timer interrupt...
X:   -0.42°/s | Y:    0.02°/s | Z:   -0.49°/s
Sleeping until next timer interrupt...
Sleeping until next timer interrupt...
Sleeping until next timer interrupt...
Sleeping until next timer interrupt...
Sleeping until next timer interrupt...
Sleeping until next timer interrupt...
Sleeping until next timer interrupt...
Sleeping until next timer interrupt...
X:   -0.61°/s | Y:    0.40°/s | Z:   -0.70°/s
Sleeping until next timer interrupt...
Sleeping until next timer interrupt...
Sleeping until next timer interrupt...
Sleeping until next timer interrupt...
Sleeping until next timer interrupt...
Sleeping until next timer interrupt...
Sleeping until next timer interrupt...
Sleeping until next timer interrupt...
X:   -0.37°/s | Y:    0.30°/s | Z:   -0.56°/s
Sleeping until next timer interrupt...
Sleeping until next timer interrupt...
Sleeping until next timer interrupt...
Sleeping until next timer interrupt...
Sleeping until next timer interrupt...
Sleeping until next timer interrupt...
Sleeping until next timer interrupt...
Sleeping until next timer interrupt...
X:   -0.51°/s | Y:    0.31°/s | Z:   -0.93°/s
Sleeping until next timer interrupt...
Sleeping until next timer interrupt...
Sleeping until next timer interrupt...
Sleeping until next timer interrupt...
Sleeping until next timer interrupt...
Sleeping until next timer interrupt...
Sleeping until next timer interrupt...
Sleeping until next timer interrupt...
X:   -0.40°/s | Y:    0.02°/s | Z:   -0.19°/s
Sleeping until next timer interrupt...
Sleeping until next timer interrupt...
Sleeping until next timer interrupt...
Sleeping until next timer interrupt...
Sleeping until next timer interrupt...
Sleeping until next timer interrupt...
Sleeping until next timer interrupt...
Sleeping until next timer interrupt...
X:   -0.14°/s | Y:    0.35°/s | Z:   -0.17°/s
Sleeping until next timer interrupt...
Sleeping until next timer interrupt...
Sleeping until next timer interrupt...
Sleeping until next timer interrupt...
Sleeping until next timer interrupt...
Sleeping until next timer interrupt...
Sleeping until next timer interrupt...
Sleeping until next timer interrupt...
X:   -0.21°/s | Y:    0.19°/s | Z:   -0.72°/s
Sleeping until next timer interrupt...
Sleeping until next timer interrupt...
Sleeping until next timer interrupt...
Sleeping until next timer interrupt...
Sleeping until next timer interrupt...
Sleeping until next timer interrupt...
Sleeping until next timer interrupt...
Sleeping until next timer interrupt...
X:   -0.21°/s | Y:    0.16°/s | Z:   -0.19°/s
Sleeping until next timer interrupt...
Sleeping until next timer interrupt...
Sleeping until next timer interrupt...
Sleeping until next timer interrupt...
Sleeping until next timer interrupt...
Sleeping until next timer interrupt...
Sleeping until next timer interrupt...
Sleeping until next timer interrupt...
X:   -0.35°/s | Y:    0.40°/s | Z:   -0.88°/s
Sleeping until next timer interrupt...
Sleeping until next timer interrupt...
Sleeping until next timer interrupt...
Sleeping until next timer interrupt...
Sleeping until next timer interrupt...
Sleeping until next timer interrupt...
Sleeping until next timer interrupt...
Sleeping until next timer interrupt...
X:   -0.51°/s | Y:    0.23°/s | Z:   -0.05°/s
Sleeping until next timer interrupt...
Sleeping until next timer interrupt...
Sleeping until next timer interrupt...
Sleeping until next timer interrupt...
Sleeping until next timer interrupt...
Sleeping until next timer interrupt...
Sleeping until next timer interrupt...
Sleeping until next timer interrupt...
X:   -0.40°/s | Y:    0.16°/s | Z:   -0.56°/s
Sleeping until next timer interrupt...
Sleeping until next timer interrupt...
Sleeping until next timer interrupt...
Sleeping until next timer interrupt...
Sleeping until next timer interrupt...
Sleeping until next timer interrupt...
Sleeping until next timer interrupt...
Sleeping until next timer interrupt...
X:   -0.14°/s | Y:    0.16°/s | Z:   -0.46°/s
Sleeping until next timer interrupt...
Sleeping until next timer interrupt...
Sleeping until next timer interrupt...
Sleeping until next timer interrupt...
Sleeping until next timer interrupt...
Sleeping until next timer interrupt...
Sleeping until next timer interrupt...
Sleeping until next timer interrupt...
X:   -0.86°/s | Y:    0.00°/s | Z:   -0.28°/s
Sleeping until next timer interrupt...
Sleeping until next timer interrupt...
Sleeping until next timer interrupt...
Sleeping until next timer interrupt...
Sleeping until next timer interrupt...
Sleeping until next timer interrupt...
Sleeping until next timer interrupt...
Sleeping until next timer interrupt...
X:   -0.81°/s | Y:    0.42°/s | Z:   -0.38°/s
Sleeping until next timer interrupt...
Sleeping until next timer interrupt...
Sleeping until next timer interrupt...
Sleeping until next timer interrupt...
Sleeping until next timer interrupt...
Sleeping until next timer interrupt...
Sleeping until next timer interrupt...
Sleeping until next timer interrupt...
X:   -0.37°/s | Y:    0.40°/s | Z:   -0.52°/s
Sleeping until next timer interrupt...
Sleeping until next timer interrupt...
Sleeping until next timer interrupt...
Sleeping until next timer interrupt...
Sleeping until next timer interrupt...
Sleeping until next timer interrupt...
Sleeping until next timer interrupt...
Sleeping until next timer interrupt...
X:   -0.31°/s | Y:    0.19°/s | Z:   -0.67°/s
Sleeping until next timer interrupt...
Sleeping until next timer interrupt...
Sleeping until next timer interrupt...
Sleeping until next timer interrupt...
Sleeping until next timer interrupt...
Sleeping until next timer interrupt...
Sleeping until next timer interrupt...
Sleeping until next timer interrupt...
X:   -0.42°/s | Y:    0.67°/s | Z:   -0.25°/s
Sleeping until next timer interrupt...
Sleeping until next timer interrupt...
Sleeping until next timer interrupt...
Sleeping until next timer interrupt...
Sleeping until next timer interrupt...
Sleeping until next timer interrupt...
Sleeping until next timer interrupt...
Sleeping until next timer interrupt...
X:    0.00°/s | Y:   -0.19°/s | Z:   -0.47°/s
Sleeping until next timer interrupt...
Sleeping until next timer interrupt...
Sleeping until next timer interrupt...
Sleeping until next timer interrupt...
Sleeping until next timer interrupt...
Sleeping until next timer interrupt...
Sleeping until next timer interrupt...
Sleeping until next timer interrupt...
X:   -0.77°/s | Y:    0.26°/s | Z:   -0.75°/s
Sleeping until next timer interrupt...
Sleeping until next timer interrupt...
Sleeping until next timer interrupt...
Sleeping until next timer interrupt...
Sleeping until next timer interrupt...
Sleeping until next timer interrupt...
Sleeping until next timer interrupt...
Sleeping until next timer interrupt...
X:   -0.10°/s | Y:    0.58°/s | Z:   -0.42°/s
Sleeping until next timer interrupt...
Sleeping until next timer interrupt...
Sleeping until next timer interrupt...
Sleeping until next timer interrupt...
Sleeping until next timer interrupt...
Sleeping until next timer interrupt...
Sleeping until next timer interrupt...
Sleeping until next timer interrupt...
X:   -0.35°/s | Y:    0.05°/s | Z:   -0.72°/s
Sleeping until next timer interrupt...
Sleeping until next timer interrupt...
Sleeping until next timer interrupt...
Sleeping until next timer interrupt...
Sleeping until next timer interrupt...
Sleeping until next timer interrupt...
Sleeping until next timer interrupt...
Sleeping until next timer interrupt...
X:   -0.54°/s | Y:    0.25°/s | Z:   -0.33°/s
Sleeping until next timer interrupt...
Sleeping until next timer interrupt...
Sleeping until next timer interrupt...
Sleeping until next timer interrupt...
Sleeping until next timer interrupt...
Sleeping until next timer interrupt...
Sleeping until next timer interrupt...
Sleeping until next timer interrupt...
X:   -0.05°/s | Y:    0.19°/s | Z:   -0.61°/s
Sleeping until next timer interrupt...
Sleeping until next timer interrupt...
Sleeping until next timer interrupt...
Sleeping until next timer interrupt...
Sleeping until next timer interrupt...
Sleeping until next timer interrupt...
Sleeping until next timer interrupt...
Sleeping until next timer interrupt...
X:   -0.12°/s | Y:    0.38°/s | Z:   -0.91°/s
Sleeping until next timer interrupt...
Sleeping until next timer interrupt...
Sleeping until next timer interrupt...
Sleeping until next timer interrupt...
Sleeping until next timer interrupt...
Sleeping until next timer interrupt...
Sleeping until next timer interrupt...
Sleeping until next timer interrupt...
X:   -0.51°/s | Y:    0.58°/s | Z:   -0.51°/s
Sleeping until next timer interrupt...
Sleeping until next timer interrupt...
Sleeping until next timer interrupt...
Sleeping until next timer interrupt...
Sleeping until next timer interrupt...
Sleeping until next timer interrupt...
Sleeping until next timer interrupt...
Sleeping until next timer interrupt...
X:   -0.49°/s | Y:    0.54°/s | Z:   -0.17°/s
Sleeping until next timer interrupt...
Sleeping until next timer interrupt...
Sleeping until next timer interrupt...
Sleeping until next timer interrupt...
Sleeping until next timer interrupt...
Sleeping until next timer interrupt...
Sleeping until next timer interrupt...
Sleeping until next timer interrupt...
X:   -0.82°/s | Y:    0.26°/s | Z:   -0.16°/s
Sleeping until next timer interrupt...
Sleeping until next timer interrupt...
Sleeping until next timer interrupt...
Sleeping until next timer interrupt...
Sleeping until next timer interrupt...
Sleeping until next timer interrupt...
Sleeping until next timer interrupt...
Sleeping until next timer interrupt...
X:   -0.17°/s | Y:    0.35°/s | Z:   -0.74°/s
Sleeping until next timer interrupt...
Sleeping until next timer interrupt...
Sleeping until next timer interrupt...
Sleeping until next timer interrupt...
Sleeping until next timer interrupt...
Sleeping until next timer interrupt...
Sleeping until next timer interrupt...
Sleeping until next timer interrupt...
X:   -0.44°/s | Y:    0.46°/s | Z:   -0.81°/s
Sleeping until next timer interrupt...
Sleeping until next timer interrupt...
Sleeping until next timer interrupt...
Sleeping until next timer interrupt...
Sleeping until next timer interrupt...
Sleeping until next timer interrupt...
Sleeping until next timer interrupt...
Sleeping until next timer interrupt...
X:   -0.44°/s | Y:    0.19°/s | Z:   -0.33°/s
Sleeping until next timer interrupt...
Sleeping until next timer interrupt...
Sleeping until next timer interrupt...
Sleeping until next timer interrupt...
Sleeping until next timer interrupt...
Sleeping until next timer interrupt...
Sleeping until next timer interrupt...
Sleeping until next timer interrupt...
X:   -0.35°/s | Y:    0.21°/s | Z:   -0.60°/s
Sleeping until next timer interrupt...
Sleeping until next timer interrupt...
Sleeping until next timer interrupt...
Sleeping until next timer interrupt...
Sleeping until next timer interrupt...
Sleeping until next timer interrupt...
Sleeping until next timer interrupt...
Sleeping until next timer interrupt...
X:   -0.25°/s | Y:    0.54°/s | Z:   -0.75°/s
Sleeping until next timer interrupt...
Sleeping until next timer interrupt...
Sleeping until next timer interrupt...
Sleeping until next timer interrupt...
Sleeping until next timer interrupt...
Sleeping until next timer interrupt...
Sleeping until next timer interrupt...
Sleeping until next timer interrupt...
X:   -0.28°/s | Y:    0.49°/s | Z:   -1.15°/s
Sleeping until next timer interrupt...
Sleeping until next timer interrupt...
Sleeping until next timer interrupt...
Sleeping until next timer interrupt...
Sleeping until next timer interrupt...
Sleeping until next timer interrupt...
Sleeping until next timer interrupt...
Sleeping until next timer interrupt...
X:   -0.98°/s | Y:    0.00°/s | Z:   -0.37°/s
Sleeping until next timer interrupt...
Sleeping until next timer interrupt...
Sleeping until next timer interrupt...
Sleeping until next timer interrupt...
Sleeping until next timer interrupt...
Sleeping until next timer interrupt...
Sleeping until next timer interrupt...
Sleeping until next timer interrupt...
X:   -0.51°/s | Y:    0.47°/s | Z:   -0.89°/s
Sleeping until next timer interrupt...
Sleeping until next timer interrupt...
Sleeping until next timer interrupt...
Sleeping until next timer interrupt...
Sleeping until next timer interrupt...
Sleeping until next timer interrupt...
Sleeping until next timer interrupt...
Sleeping until next timer interrupt...
X:   -0.35°/s | Y:    0.46°/s | Z:   -0.51°/s
Sleeping until next timer interrupt...
Sleeping until next timer interrupt...
Sleeping until next timer interrupt...
Sleeping until next timer interrupt...
Sleeping until next timer interrupt...
Sleeping until next timer interrupt...
Sleeping until next timer interrupt...
Sleeping until next timer interrupt...
X:   -0.38°/s | Y:    0.10°/s | Z:   -0.25°/s
Sleeping until next timer interrupt...
Sleeping until next timer interrupt...
Sleeping until next timer interrupt...
Sleeping until next timer interrupt...
Sleeping until next timer interrupt...
Sleeping until next timer interrupt...
Sleeping until next timer interrupt...
Sleeping until next timer interrupt...
X:   -0.44°/s | Y:    0.07°/s | Z:   -0.68°/s
Sleeping until next timer interrupt...
Sleeping until next timer interrupt...
Sleeping until next timer interrupt...
Sleeping until next timer interrupt...
Sleeping until next timer interrupt...
Sleeping until next timer interrupt...
Sleeping until next timer interrupt...
Sleeping until next timer interrupt...
X:   -0.26°/s | Y:   -0.07°/s | Z:   -0.91°/s
Sleeping until next timer interrupt...
Sleeping until next timer interrupt...
Sleeping until next timer interrupt...
Sleeping until next timer interrupt...
Sleeping until next timer interrupt...
Sleeping until next timer interrupt...
Sleeping until next timer interrupt...
Sleeping until next timer interrupt...
X:   -0.40°/s | Y:    0.42°/s | Z:   -0.42°/s
Sleeping until next timer interrupt...
Sleeping until next timer interrupt...
Sleeping until next timer interrupt...
Sleeping until next timer interrupt...
Sleeping until next timer interrupt...
Sleeping until next timer interrupt...
Sleeping until next timer interrupt...
Sleeping until next timer interrupt...
X:    0.02°/s | Y:    0.31°/s | Z:   -0.67°/s
Sleeping until next timer interrupt...
Sleeping until next timer interrupt...
Sleeping until next timer interrupt...
Sleeping until next timer interrupt...
Sleeping until next timer interrupt...
Sleeping until next timer interrupt...
Sleeping until next timer interrupt...
Sleeping until next timer interrupt...
X:   -0.46°/s | Y:    0.19°/s | Z:   -0.26°/s
Sleeping until next timer interrupt...
Sleeping until next timer interrupt...
Sleeping until next timer interrupt...
Sleeping until next timer interrupt...
Sleeping until next timer interrupt...
Sleeping until next timer interrupt...
Sleeping until next timer interrupt...
Sleeping until next timer interrupt...
X:   -0.52°/s | Y:    0.10°/s | Z:   -0.04°/s
Sleeping until next timer interrupt...
Sleeping until next timer interrupt...
Sleeping until next timer interrupt...
Sleeping until next timer interrupt...
Sleeping until next timer interrupt...
Sleeping until next timer interrupt...
Sleeping until next timer interrupt...
Sleeping until next timer interrupt...
X:   -0.52°/s | Y:    0.05°/s | Z:   -0.10°/s
Sleeping until next timer interrupt...
Sleeping until next timer interrupt...
Sleeping until next timer interrupt...
Sleeping until next timer interrupt...
Sleeping until next timer interrupt...
Sleeping until next timer interrupt...
Sleeping until next timer interrupt...
Sleeping until next timer interrupt...
X:    0.10°/s | Y:    0.30°/s | Z:   -0.35°/s
Sleeping until next timer interrupt...
Sleeping until next timer interrupt...
Sleeping until next timer interrupt...
Sleeping until next timer interrupt...
Sleeping until next timer interrupt...
Sleeping until next timer interrupt...
Sleeping until next timer interrupt...
Sleeping until next timer interrupt...
X:   -0.30°/s | Y:    0.12°/s | Z:    0.02°/s
Sleeping until next timer interrupt...
Sleeping until next timer interrupt...
Sleeping until next timer interrupt...
Sleeping until next timer interrupt...
Sleeping until next timer interrupt...
Sleeping until next timer interrupt...
Sleeping until next timer interrupt...
Sleeping until next timer interrupt...
X:   -0.51°/s | Y:    0.40°/s | Z:   -1.19°/s
Sleeping until next timer interrupt...
Sleeping until next timer interrupt...
Sleeping until next timer interrupt...
Sleeping until next timer interrupt...
Sleeping until next timer interrupt...
Sleeping until next timer interrupt...
Sleeping until next timer interrupt...
Sleeping until next timer interrupt...
X:   -0.16°/s | Y:    0.35°/s | Z:   -0.35°/s
Sleeping until next timer interrupt...
Sleeping until next timer interrupt...
Sleeping until next timer interrupt...
Sleeping until next timer interrupt...
Sleeping until next timer interrupt...
Sleeping until next timer interrupt...
Sleeping until next timer interrupt...
Sleeping until next timer interrupt...
X:   -0.38°/s | Y:    0.56°/s | Z:   -0.33°/s
Sleeping until next timer interrupt...
Sleeping until next timer interrupt...
Sleeping until next timer interrupt...
Sleeping until next timer interrupt...
Sleeping until next timer interrupt...
Sleeping until next timer interrupt...
Sleeping until next timer interrupt...
Sleeping until next timer interrupt...
X:   -0.21°/s | Y:    0.56°/s | Z:   -0.40°/s
Sleeping until next timer interrupt...
Sleeping until next timer interrupt...
Sleeping until next timer interrupt...
Sleeping until next timer interrupt...
Sleeping until next timer interrupt...
Sleeping until next timer interrupt...
Sleeping until next timer interrupt...
Sleeping until next timer interrupt...
X:   -0.72°/s | Y:    0.44°/s | Z:   -0.54°/s
Sleeping until next timer interrupt...
Sleeping until next timer interrupt...
Sleeping until next timer interrupt...
Sleeping until next timer interrupt...
Sleeping until next timer interrupt...
Sleeping until next timer interrupt...
Sleeping until next timer interrupt...
Sleeping until next timer interrupt...
X:   -0.30°/s | Y:    0.28°/s | Z:   -0.49°/s
Sleeping until next timer interrupt...
Sleeping until next timer interrupt...
Sleeping until next timer interrupt...
Sleeping until next timer interrupt...
Sleeping until next timer interrupt...
Sleeping until next timer interrupt...
Sleeping until next timer interrupt...
Sleeping until next timer interrupt...
X:   -0.37°/s | Y:    0.19°/s | Z:   -1.24°/s
Sleeping until next timer interrupt...
Sleeping until next timer interrupt...
Sleeping until next timer interrupt...
Sleeping until next timer interrupt...
Sleeping until next timer interrupt...
Sleeping until next timer interrupt...
Sleeping until next timer interrupt...
Sleeping until next timer interrupt...
X:   -0.84°/s | Y:    0.21°/s | Z:    4.38°/s
Sleeping until next timer interrupt...
Sleeping until next timer interrupt...
Sleeping until next timer interrupt...
Sleeping until next timer interrupt...
Sleeping until next timer interrupt...
Sleeping until next timer interrupt...
Sleeping until next timer interrupt...
Sleeping until next timer interrupt...
X:   -0.44°/s | Y:    0.30°/s | Z:   -0.09°/s
Sleeping until next timer interrupt...
Sleeping until next timer interrupt...
Sleeping until next timer interrupt...
Sleeping until next timer interrupt...
Sleeping until next timer interrupt...
Sleeping until next timer interrupt...
Sleeping until next timer interrupt...
Sleeping until next timer interrupt...
X:   -0.72°/s | Y:    0.04°/s | Z:   -0.02°/s
Sleeping until next timer interrupt...
Sleeping until next timer interrupt...
Sleeping until next timer interrupt...
Sleeping until next timer interrupt...
Sleeping until next timer interrupt...
Sleeping until next timer interrupt...
Sleeping until next timer interrupt...
Sleeping until next timer interrupt...
X:   -0.17°/s | Y:    0.33°/s | Z:   -0.86°/s
Sleeping until next timer interrupt...
Sleeping until next timer interrupt...
Sleeping until next timer interrupt...
Sleeping until next timer interrupt...
Sleeping until next timer interrupt...
Sleeping until next timer interrupt...
Sleeping until next timer interrupt...
Sleeping until next timer interrupt...
X:   -0.02°/s | Y:    0.49°/s | Z:   -0.54°/s
Sleeping until next timer interrupt...
Sleeping until next timer interrupt...
Sleeping until next timer interrupt...
Sleeping until next timer interrupt...
Sleeping until next timer interrupt...
Sleeping until next timer interrupt...
Sleeping until next timer interrupt...
Sleeping until next timer interrupt...
X:   -0.14°/s | Y:    0.46°/s | Z:   -0.47°/s
Sleeping until next timer interrupt...
Sleeping until next timer interrupt...
Sleeping until next timer interrupt...
Sleeping until next timer interrupt...
Sleeping until next timer interrupt...
Sleeping until next timer interrupt...
Sleeping until next timer interrupt...
Sleeping until next timer interrupt...
X:   -0.19°/s | Y:    0.33°/s | Z:   -0.63°/s
Sleeping until next timer interrupt...
Sleeping until next timer interrupt...
Sleeping until next timer interrupt...
Sleeping until next timer interrupt...
Sleeping until next timer interrupt...
Sleeping until next timer interrupt...
Sleeping until next timer interrupt...
Sleeping until next timer interrupt...
X:   -0.38°/s | Y:    0.00°/s | Z:   -0.63°/s
Sleeping until next timer interrupt...
Sleeping until next timer interrupt...
Sleeping until next timer interrupt...
Sleeping until next timer interrupt...
Sleeping until next timer interrupt...
Sleeping until next timer interrupt...
Sleeping until next timer interrupt...
Sleeping until next timer interrupt...
X:   -0.54°/s | Y:    0.26°/s | Z:   -0.17°/s
Sleeping until next timer interrupt...
Sleeping until next timer interrupt...
Sleeping until next timer interrupt...
Sleeping until next timer interrupt...
Sleeping until next timer interrupt...
Sleeping until next timer interrupt...
Sleeping until next timer interrupt...
Sleeping until next timer interrupt...
X:   -0.44°/s | Y:    0.35°/s | Z:   -0.79°/s
Sleeping until next timer interrupt...
Sleeping until next timer interrupt...
Sleeping until next timer interrupt...
Sleeping until next timer interrupt...
Sleeping until next timer interrupt...
Sleeping until next timer interrupt...
Sleeping until next timer interrupt...
Sleeping until next timer interrupt...
X:   -0.23°/s | Y:    0.14°/s | Z:   -0.61°/s
Sleeping until next timer interrupt...
Sleeping until next timer interrupt...
Sleeping until next timer interrupt...
Sleeping until next timer interrupt...
Sleeping until next timer interrupt...
Sleeping until next timer interrupt...
Sleeping until next timer interrupt...
Sleeping until next timer interrupt...
X:   -0.38°/s | Y:    0.33°/s | Z:    0.14°/s
Sleeping until next timer interrupt...
Sleeping until next timer interrupt...
Sleeping until next timer interrupt...
Sleeping until next timer interrupt...
Sleeping until next timer interrupt...
Sleeping until next timer interrupt...
Sleeping until next timer interrupt...
Sleeping until next timer interrupt...
X:   -0.58°/s | Y:    0.63°/s | Z:   -0.38°/s
Sleeping until next timer interrupt...
Sleeping until next timer interrupt...
Sleeping until next timer interrupt...
Sleeping until next timer interrupt...
Sleeping until next timer interrupt...
Sleeping until next timer interrupt...
Sleeping until next timer interrupt...
Sleeping until next timer interrupt...
X:   -0.26°/s | Y:    0.02°/s | Z:   -0.79°/s
Sleeping until next timer interrupt...
Sleeping until next timer interrupt...
Sleeping until next timer interrupt...
Sleeping until next timer interrupt...
Sleeping until next timer interrupt...
Sleeping until next timer interrupt...
Sleeping until next timer interrupt...
Sleeping until next timer interrupt...
X:   -0.02°/s | Y:    4.32°/s | Z:   -0.60°/s
Sleeping until next timer interrupt...
Sleeping until next timer interrupt...
Sleeping until next timer interrupt...
Sleeping until next timer interrupt...
Sleeping until next timer interrupt...
Sleeping until next timer interrupt...
Sleeping until next timer interrupt...
Sleeping until next timer interrupt...
X:   -0.46°/s | Y:    0.40°/s | Z:   -0.65°/s
Sleeping until next timer interrupt...
Sleeping until next timer interrupt...
Sleeping until next timer interrupt...
Sleeping until next timer interrupt...
Sleeping until next timer interrupt...
Sleeping until next timer interrupt...
Sleeping until next timer interrupt...
Sleeping until next timer interrupt...
X:   -0.47°/s | Y:    0.12°/s | Z:   -0.19°/s
Sleeping until next timer interrupt...
Sleeping until next timer interrupt...
Sleeping until next timer interrupt...
Sleeping until next timer interrupt...
Sleeping until next timer interrupt...
Sleeping until next timer interrupt...
Sleeping until next timer interrupt...
Sleeping until next timer interrupt...
X:   -0.42°/s | Y:    0.42°/s | Z:    0.07°/s
Sleeping until next timer interrupt...
Sleeping until next timer interrupt...
Sleeping until next timer interrupt...
Sleeping until next timer interrupt...
Sleeping until next timer interrupt...
Sleeping until next timer interrupt...
Sleeping until next timer interrupt...
Sleeping until next timer interrupt...
X:   -0.61°/s | Y:    0.10°/s | Z:    0.00°/s
Sleeping until next timer interrupt...
Sleeping until next timer interrupt...
Sleeping until next timer interrupt...
Sleeping until next timer interrupt...
Sleeping until next timer interrupt...
Sleeping until next timer interrupt...
Sleeping until next timer interrupt...
Sleeping until next timer interrupt...
X:   -0.44°/s | Y:    0.26°/s | Z:   -0.51°/s
Sleeping until next timer interrupt...
Sleeping until next timer interrupt...
Sleeping until next timer interrupt...
Sleeping until next timer interrupt...
Sleeping until next timer interrupt...
Sleeping until next timer interrupt...
Sleeping until next timer interrupt...
Sleeping until next timer interrupt...
X:   -0.31°/s | Y:    0.10°/s | Z:   -0.84°/s
Sleeping until next timer interrupt...
Sleeping until next timer interrupt...
Sleeping until next timer interrupt...
Sleeping until next timer interrupt...
Sleeping until next timer interrupt...
Sleeping until next timer interrupt...
Sleeping until next timer interrupt...
Sleeping until next timer interrupt...
X:   -0.65°/s | Y:   -0.04°/s | Z:   -0.28°/s
Sleeping until next timer interrupt...
Sleeping until next timer interrupt...
Sleeping until next timer interrupt...
Sleeping until next timer interrupt...
Sleeping until next timer interrupt...
Sleeping until next timer interrupt...
Sleeping until next timer interrupt...
Sleeping until next timer interrupt...
X:   -0.30°/s | Y:    0.05°/s | Z:   -0.35°/s
Sleeping until next timer interrupt...
Sleeping until next timer interrupt...
Sleeping until next timer interrupt...
Sleeping until next timer interrupt...
Sleeping until next timer interrupt...
Sleeping until next timer interrupt...
Sleeping until next timer interrupt...
Sleeping until next timer interrupt...
X:    0.10°/s | Y:    0.16°/s | Z:   -0.67°/s
Sleeping until next timer interrupt...
Sleeping until next timer interrupt...
Sleeping until next timer interrupt...
Sleeping until next timer interrupt...
Sleeping until next timer interrupt...
Sleeping until next timer interrupt...
Sleeping until next timer interrupt...
Sleeping until next timer interrupt...
X:   -0.37°/s | Y:    0.26°/s | Z:   -0.58°/s
Sleeping until next timer interrupt...
Sleeping until next timer interrupt...
Sleeping until next timer interrupt...
Sleeping until next timer interrupt...
Sleeping until next timer interrupt...
Sleeping until next timer interrupt...
Sleeping until next timer interrupt...
Sleeping until next timer interrupt...
X:   -0.54°/s | Y:    0.40°/s | Z:   -0.58°/s
Sleeping until next timer interrupt...
Sleeping until next timer interrupt...
Sleeping until next timer interrupt...
Sleeping until next timer interrupt...
Sleeping until next timer interrupt...
Sleeping until next timer interrupt...
Sleeping until next timer interrupt...
Sleeping until next timer interrupt...
X:   -0.30°/s | Y:    0.49°/s | Z:    0.12°/s
Sleeping until next timer interrupt...
Sleeping until next timer interrupt...
Sleeping until next timer interrupt...
Sleeping until next timer interrupt...
Sleeping until next timer interrupt...
Sleeping until next timer interrupt...
Sleeping until next timer interrupt...
Sleeping until next timer interrupt...
X:   -0.09°/s | Y:    0.37°/s | Z:   -0.58°/s
Sleeping until next timer interrupt...
Sleeping until next timer interrupt...
Sleeping until next timer interrupt...
Sleeping until next timer interrupt...
Sleeping until next timer interrupt...
Sleeping until next timer interrupt...
Sleeping until next timer interrupt...
Sleeping until next timer interrupt...
X:   -0.72°/s | Y:    0.44°/s | Z:   -0.30°/s
Sleeping until next timer interrupt...
Sleeping until next timer interrupt...
Sleeping until next timer interrupt...
Sleeping until next timer interrupt...
Sleeping until next timer interrupt...
Sleeping until next timer interrupt...
Sleeping until next timer interrupt...
Sleeping until next timer interrupt...
X:   -0.10°/s | Y:    0.61°/s | Z:   -0.89°/s
Sleeping until next timer interrupt...
Sleeping until next timer interrupt...
Sleeping until next timer interrupt...
Sleeping until next timer interrupt...
Sleeping until next timer interrupt...
Sleeping until next timer interrupt...
Sleeping until next timer interrupt...
Sleeping until next timer interrupt...
X:   -0.49°/s | Y:    0.52°/s | Z:   -0.70°/s
Sleeping until next timer interrupt...
Sleeping until next timer interrupt...
Sleeping until next timer interrupt...
Sleeping until next timer interrupt...
Sleeping until next timer interrupt...
Sleeping until next timer interrupt...
Sleeping until next timer interrupt...
Sleeping until next timer interrupt...
X:   -0.25°/s | Y:    0.46°/s | Z:   -0.84°/s
Sleeping until next timer interrupt...
Sleeping until next timer interrupt...
Sleeping until next timer interrupt...
Sleeping until next timer interrupt...
Sleeping until next timer interrupt...
Sleeping until next timer interrupt...
Sleeping until next timer interrupt...
Sleeping until next timer interrupt...
X:   -0.12°/s | Y:    0.30°/s | Z:   -0.46°/s
Sleeping until next timer interrupt...
Sleeping until next timer interrupt...
Sleeping until next timer interrupt...
Sleeping until next timer interrupt...
Sleeping until next timer interrupt...
Sleeping until next timer interrupt...
Sleeping until next timer interrupt...
Sleeping until next timer interrupt...
X:   -0.47°/s | Y:    0.42°/s | Z:   -0.65°/s
Sleeping until next timer interrupt...
Sleeping until next timer interrupt...
Sleeping until next timer interrupt...
Sleeping until next timer interrupt...
Sleeping until next timer interrupt...
Sleeping until next timer interrupt...
Sleeping until next timer interrupt...
Sleeping until next timer interrupt...
X:   -0.56°/s | Y:    0.40°/s | Z:   -0.65°/s
Sleeping until next timer interrupt...
Sleeping until next timer interrupt...
Sleeping until next timer interrupt...
Sleeping until next timer interrupt...
Sleeping until next timer interrupt...
Sleeping until next timer interrupt...
Sleeping until next timer interrupt...
Sleeping until next timer interrupt...
X:   -0.33°/s | Y:    0.42°/s | Z:   -0.16°/s
Sleeping until next timer interrupt...
Sleeping until next timer interrupt...
Sleeping until next timer interrupt...
Sleeping until next timer interrupt...
Sleeping until next timer interrupt...
Sleeping until next timer interrupt...
Sleeping until next timer interrupt...
Sleeping until next timer interrupt...
X:   -0.47°/s | Y:    0.00°/s | Z:   -0.46°/s
Sleeping until next timer interrupt...
Sleeping until next timer interrupt...
Sleeping until next timer interrupt...
Sleeping until next timer interrupt...
Sleeping until next timer interrupt...
Sleeping until next timer interrupt...
Sleeping until next timer interrupt...
Sleeping until next timer interrupt...
X:   -0.31°/s | Y:    0.12°/s | Z:   -0.16°/s
Sleeping until next timer interrupt...
Sleeping until next timer interrupt...
Sleeping until next timer interrupt...
Sleeping until next timer interrupt...
Sleeping until next timer interrupt...
Sleeping until next timer interrupt...
Sleeping until next timer interrupt...
Sleeping until next timer interrupt...
X:   -0.17°/s | Y:    0.25°/s | Z:   -0.44°/s
Sleeping until next timer interrupt...
Sleeping until next timer interrupt...
Sleeping until next timer interrupt...
Sleeping until next timer interrupt...
Sleeping until next timer interrupt...
Sleeping until next timer interrupt...
Sleeping until next timer interrupt...
Sleeping until next timer interrupt...
X:   -0.16°/s | Y:    0.00°/s | Z:   -0.21°/s
Sleeping until next timer interrupt...
Sleeping until next timer interrupt...
Sleeping until next timer interrupt...
Sleeping until next timer interrupt...
Sleeping until next timer interrupt...
Sleeping until next timer interrupt...
Sleeping until next timer interrupt...
Sleeping until next timer interrupt...
X:   -0.42°/s | Y:    0.28°/s | Z:   -0.19°/s
Sleeping until next timer interrupt...
Sleeping until next timer interrupt...
Sleeping until next timer interrupt...
Sleeping until next timer interrupt...
Sleeping until next timer interrupt...
Sleeping until next timer interrupt...
Sleeping until next timer interrupt...
Sleeping until next timer interrupt...
X:   -0.17°/s | Y:    0.38°/s | Z:   -0.58°/s
Sleeping until next timer interrupt...
Sleeping until next timer interrupt...
Sleeping until next timer interrupt...
Sleeping until next timer interrupt...
Sleeping until next timer interrupt...
Sleeping until next timer interrupt...
Sleeping until next timer interrupt...
Sleeping until next timer interrupt...
X:   -0.09°/s | Y:    0.61°/s | Z:   -0.58°/s
Sleeping until next timer interrupt...
Sleeping until next timer interrupt...
Sleeping until next timer interrupt...
Sleeping until next timer interrupt...
Sleeping until next timer interrupt...
Sleeping until next timer interrupt...
Sleeping until next timer interrupt...
Sleeping until next timer interrupt...
X:   -0.49°/s | Y:    0.26°/s | Z:   -0.82°/s
Sleeping until next timer interrupt...
Sleeping until next timer interrupt...
Sleeping until next timer interrupt...
Sleeping until next timer interrupt...
Sleeping until next timer interrupt...
Sleeping until next timer interrupt...
Sleeping until next timer interrupt...
Sleeping until next timer interrupt...
X:   -0.40°/s | Y:    0.44°/s | Z:   -0.74°/s
Sleeping until next timer interrupt...
Sleeping until next timer interrupt...
Sleeping until next timer interrupt...
Sleeping until next timer interrupt...
Sleeping until next timer interrupt...
Sleeping until next timer interrupt...
Sleeping until next timer interrupt...
Sleeping until next timer interrupt...
X:   -0.40°/s | Y:    0.28°/s | Z:   -0.40°/s
Sleeping until next timer interrupt...
Sleeping until next timer interrupt...
Sleeping until next timer interrupt...
Sleeping until next timer interrupt...
Sleeping until next timer interrupt...
Sleeping until next timer interrupt...
Sleeping until next timer interrupt...
Sleeping until next timer interrupt...
X:   -0.16°/s | Y:    0.12°/s | Z:   -0.28°/s
Sleeping until next timer interrupt...
Sleeping until next timer interrupt...
Sleeping until next timer interrupt...
Sleeping until next timer interrupt...
Sleeping until next timer interrupt...
Sleeping until next timer interrupt...
Sleeping until next timer interrupt...
Sleeping until next timer interrupt...
X:   -0.23°/s | Y:    0.30°/s | Z:   -0.28°/s
Sleeping until next timer interrupt...
Sleeping until next timer interrupt...
Sleeping until next timer interrupt...
Sleeping until next timer interrupt...
Sleeping until next timer interrupt...
Sleeping until next timer interrupt...
Sleeping until next timer interrupt...
Sleeping until next timer interrupt...
X:   -0.42°/s | Y:    0.00°/s | Z:   -0.91°/s
Sleeping until next timer interrupt...
Sleeping until next timer interrupt...
Sleeping until next timer interrupt...
Sleeping until next timer interrupt...
Sleeping until next timer interrupt...
Sleeping until next timer interrupt...
Sleeping until next timer interrupt...
Sleeping until next timer interrupt...
X:   -0.72°/s | Y:    0.42°/s | Z:   -0.02°/s
Sleeping until next timer interrupt...
Sleeping until next timer interrupt...
Sleeping until next timer interrupt...
Sleeping until next timer interrupt...
Sleeping until next timer interrupt...
Sleeping until next timer interrupt...
Sleeping until next timer interrupt...
Sleeping until next timer interrupt...
X:   -0.30°/s | Y:    0.26°/s | Z:   -0.51°/s
Sleeping until next timer interrupt...
Sleeping until next timer interrupt...
Sleeping until next timer interrupt...
Sleeping until next timer interrupt...
Sleeping until next timer interrupt...
Sleeping until next timer interrupt...
Sleeping until next timer interrupt...
Sleeping until next timer interrupt...
X:   -0.65°/s | Y:    0.21°/s | Z:   -0.42°/s
Sleeping until next timer interrupt...
Sleeping until next timer interrupt...
Sleeping until next timer interrupt...
Sleeping until next timer interrupt...
Sleeping until next timer interrupt...
Sleeping until next timer interrupt...
Sleeping until next timer interrupt...
Sleeping until next timer interrupt...
X:   -0.67°/s | Y:    0.52°/s | Z:   -0.67°/s
Sleeping until next timer interrupt...
Sleeping until next timer interrupt...
Sleeping until next timer interrupt...
Sleeping until next timer interrupt...
Sleeping until next timer interrupt...
Sleeping until next timer interrupt...
Sleeping until next timer interrupt...
Sleeping until next timer interrupt...
X:   -0.12°/s | Y:    0.21°/s | Z:   -0.04°/s
Sleeping until next timer interrupt...
Sleeping until next timer interrupt...
Sleeping until next timer interrupt...
Sleeping until next timer interrupt...
Sleeping until next timer interrupt...
Sleeping until next timer interrupt...
Sleeping until next timer interrupt...
Sleeping until next timer interrupt...
X:   -0.46°/s | Y:    0.17°/s | Z:   -0.77°/s
Sleeping until next timer interrupt...
Sleeping until next timer interrupt...
Sleeping until next timer interrupt...
Sleeping until next timer interrupt...
Sleeping until next timer interrupt...
Sleeping until next timer interrupt...
Sleeping until next timer interrupt...
Sleeping until next timer interrupt...
X:   -0.21°/s | Y:    0.44°/s | Z:   -0.61°/s
Sleeping until next timer interrupt...
Sleeping until next timer interrupt...
Sleeping until next timer interrupt...
Sleeping until next timer interrupt...
Sleeping until next timer interrupt...
Sleeping until next timer interrupt...
Sleeping until next timer interrupt...
Sleeping until next timer interrupt...
X:   -0.17°/s | Y:    0.26°/s | Z:   -0.28°/s
Sleeping until next timer interrupt...
Sleeping until next timer interrupt...
Sleeping until next timer interrupt...
Sleeping until next timer interrupt...
Sleeping until next timer interrupt...
Sleeping until next timer interrupt...
Sleeping until next timer interrupt...
Sleeping until next timer interrupt...
X:   -0.44°/s | Y:    0.16°/s | Z:    0.44°/s
Sleeping until next timer interrupt...
Sleeping until next timer interrupt...
Sleeping until next timer interrupt...
Sleeping until next timer interrupt...
Sleeping until next timer interrupt...
Sleeping until next timer interrupt...
Sleeping until next timer interrupt...
Sleeping until next timer interrupt...
X:   -0.46°/s | Y:    0.40°/s | Z:   -0.09°/s
Sleeping until next timer interrupt...
Sleeping until next timer interrupt...
Sleeping until next timer interrupt...
Sleeping until next timer interrupt...
Sleeping until next timer interrupt...
Sleeping until next timer interrupt...
Sleeping until next timer interrupt...
Sleeping until next timer interrupt...
X:   -4.41°/s | Y:    0.40°/s | Z:   -0.86°/s
Sleeping until next timer interrupt...
Sleeping until next timer interrupt...
Sleeping until next timer interrupt...
Sleeping until next timer interrupt...
Sleeping until next timer interrupt...
Sleeping until next timer interrupt...
Sleeping until next timer interrupt...
Sleeping until next timer interrupt...
X:   -0.56°/s | Y:    0.12°/s | Z:   -0.75°/s
Sleeping until next timer interrupt...
Sleeping until next timer interrupt...
Sleeping until next timer interrupt...
Sleeping until next timer interrupt...
Sleeping until next timer interrupt...
Sleeping until next timer interrupt...
Sleeping until next timer interrupt...
Sleeping until next timer interrupt...
X:   -0.51°/s | Y:    0.19°/s | Z:   -0.70°/s
Sleeping until next timer interrupt...
Sleeping until next timer interrupt...
Sleeping until next timer interrupt...
Sleeping until next timer interrupt...
Sleeping until next timer interrupt...
Sleeping until next timer interrupt...
Sleeping until next timer interrupt...
Sleeping until next timer interrupt...
X:   -0.38°/s | Y:    0.63°/s | Z:   -0.65°/s
Sleeping until next timer interrupt...
Sleeping until next timer interrupt...
Sleeping until next timer interrupt...
Sleeping until next timer interrupt...
Sleeping until next timer interrupt...
Sleeping until next timer interrupt...
Sleeping until next timer interrupt...
Sleeping until next timer interrupt...
X:   -0.44°/s | Y:    0.60°/s | Z:   -4.48°/s
Sleeping until next timer interrupt...
Sleeping until next timer interrupt...
Sleeping until next timer interrupt...
Sleeping until next timer interrupt...
Sleeping until next timer interrupt...
Sleeping until next timer interrupt...
Sleeping until next timer interrupt...
Sleeping until next timer interrupt...
X:   -0.79°/s | Y:   -0.02°/s | Z:   -0.86°/s
Sleeping until next timer interrupt...
Sleeping until next timer interrupt...
Sleeping until next timer interrupt...
Sleeping until next timer interrupt...
Sleeping until next timer interrupt...
Sleeping until next timer interrupt...
Sleeping until next timer interrupt...
Sleeping until next timer interrupt...
X:   -0.07°/s | Y:    0.72°/s | Z:   -0.38°/s
Sleeping until next timer interrupt...
Sleeping until next timer interrupt...
Sleeping until next timer interrupt...
Sleeping until next timer interrupt...
Sleeping until next timer interrupt...
Sleeping until next timer interrupt...
Sleeping until next timer interrupt...
Sleeping until next timer interrupt...
X:   -0.37°/s | Y:    0.04°/s | Z:   -0.63°/s
Sleeping until next timer interrupt...
Sleeping until next timer interrupt...
Sleeping until next timer interrupt...
Sleeping until next timer interrupt...
Sleeping until next timer interrupt...
Sleeping until next timer interrupt...
Sleeping until next timer interrupt...
Sleeping until next timer interrupt...
X:    0.09°/s | Y:    0.31°/s | Z:   -0.37°/s
Sleeping until next timer interrupt...
Sleeping until next timer interrupt...
Sleeping until next timer interrupt...
Sleeping until next timer interrupt...
Sleeping until next timer interrupt...
Sleeping until next timer interrupt...
Sleeping until next timer interrupt...
Sleeping until next timer interrupt...
X:   -0.58°/s | Y:    0.14°/s | Z:   -0.35°/s
Sleeping until next timer interrupt...
Sleeping until next timer interrupt...
Sleeping until next timer interrupt...
Sleeping until next timer interrupt...
Sleeping until next timer interrupt...
Sleeping until next timer interrupt...
Sleeping until next timer interrupt...
Sleeping until next timer interrupt...
X:   -0.74°/s | Y:    0.51°/s | Z:   -0.42°/s
Sleeping until next timer interrupt...
Sleeping until next timer interrupt...
Sleeping until next timer interrupt...
Sleeping until next timer interrupt...
Sleeping until next timer interrupt...
Sleeping until next timer interrupt...
Sleeping until next timer interrupt...
Sleeping until next timer interrupt...
X:   -0.25°/s | Y:    0.74°/s | Z:   -0.88°/s
Sleeping until next timer interrupt...
Sleeping until next timer interrupt...
Sleeping until next timer interrupt...
Sleeping until next timer interrupt...
Sleeping until next timer interrupt...
Sleeping until next timer interrupt...
Sleeping until next timer interrupt...
Sleeping until next timer interrupt...
X:   -0.63°/s | Y:    0.07°/s | Z:   -0.42°/s
Sleeping until next timer interrupt...
Sleeping until next timer interrupt...
Sleeping until next timer interrupt...
Sleeping until next timer interrupt...
Sleeping until next timer interrupt...
Sleeping until next timer interrupt...
Sleeping until next timer interrupt...
Sleeping until next timer interrupt...
X:   -0.31°/s | Y:    0.19°/s | Z:   -0.51°/s
Sleeping until next timer interrupt...
Sleeping until next timer interrupt...
Sleeping until next timer interrupt...
Sleeping until next timer interrupt...
Sleeping until next timer interrupt...
Sleeping until next timer interrupt...
Sleeping until next timer interrupt...
Sleeping until next timer interrupt...
X:   -0.09°/s | Y:    0.30°/s | Z:   -0.51°/s
Sleeping until next timer interrupt...
Sleeping until next timer interrupt...
Sleeping until next timer interrupt...
Sleeping until next timer interrupt...
Sleeping until next timer interrupt...
Sleeping until next timer interrupt...
Sleeping until next timer interrupt...
Sleeping until next timer interrupt...
X:   -0.31°/s | Y:    0.14°/s | Z:   -0.58°/s
Sleeping until next timer interrupt...
Sleeping until next timer interrupt...
Sleeping until next timer interrupt...
Sleeping until next timer interrupt...
Sleeping until next timer interrupt...
Sleeping until next timer interrupt...
Sleeping until next timer interrupt...
Sleeping until next timer interrupt...
X:   -0.35°/s | Y:    0.16°/s | Z:   -0.19°/s
Sleeping until next timer interrupt...
Sleeping until next timer interrupt...
Sleeping until next timer interrupt...
Sleeping until next timer interrupt...
Sleeping until next timer interrupt...
Sleeping until next timer interrupt...
Sleeping until next timer interrupt...
Sleeping until next timer interrupt...
X:    0.26°/s | Y:    0.56°/s | Z:   -0.35°/s
Sleeping until next timer interrupt...
Sleeping until next timer interrupt...
Sleeping until next timer interrupt...
Sleeping until next timer interrupt...
Sleeping until next timer interrupt...
Sleeping until next timer interrupt...
Sleeping until next timer interrupt...
Sleeping until next timer interrupt...
X:   -0.31°/s | Y:    0.14°/s | Z:   -0.86°/s
Sleeping until next timer interrupt...
Sleeping until next timer interrupt...
Sleeping until next timer interrupt...
Sleeping until next timer interrupt...
Sleeping until next timer interrupt...
Sleeping until next timer interrupt...
Sleeping until next timer interrupt...
Sleeping until next timer interrupt...
X:   -0.35°/s | Y:    0.07°/s | Z:   -0.47°/s
Sleeping until next timer interrupt...
Sleeping until next timer interrupt...
Sleeping until next timer interrupt...
Sleeping until next timer interrupt...
Sleeping until next timer interrupt...
Sleeping until next timer interrupt...
Sleeping until next timer interrupt...
Sleeping until next timer interrupt...
X:   -0.14°/s | Y:    0.25°/s | Z:   -0.54°/s
Sleeping until next timer interrupt...
Sleeping until next timer interrupt...
Sleeping until next timer interrupt...
Sleeping until next timer interrupt...
Sleeping until next timer interrupt...
Sleeping until next timer interrupt...
Sleeping until next timer interrupt...
Sleeping until next timer interrupt...
X:   -0.51°/s | Y:    0.23°/s | Z:   -0.44°/s
Sleeping until next timer interrupt...
Sleeping until next timer interrupt...
Sleeping until next timer interrupt...
Sleeping until next timer interrupt...
Sleeping until next timer interrupt...
Sleeping until next timer interrupt...
Sleeping until next timer interrupt...
Sleeping until next timer interrupt...
X:   -0.09°/s | Y:    0.58°/s | Z:   -0.31°/s
Sleeping until next timer interrupt...
Sleeping until next timer interrupt...
Sleeping until next timer interrupt...
Sleeping until next timer interrupt...
Sleeping until next timer interrupt...
Sleeping until next timer interrupt...
Sleeping until next timer interrupt...
Sleeping until next timer interrupt...
X:   -0.68°/s | Y:    0.38°/s | Z:   -0.61°/s
Sleeping until next timer interrupt...
Sleeping until next timer interrupt...
Sleeping until next timer interrupt...
Sleeping until next timer interrupt...
Sleeping until next timer interrupt...
Sleeping until next timer interrupt...
Sleeping until next timer interrupt...
Sleeping until next timer interrupt...
X:   -0.30°/s | Y:    0.51°/s | Z:   -0.60°/s
Sleeping until next timer interrupt...
Sleeping until next timer interrupt...
Sleeping until next timer interrupt...
Sleeping until next timer interrupt...
Sleeping until next timer interrupt...
Sleeping until next timer interrupt...
Sleeping until next timer interrupt...
Sleeping until next timer interrupt...
X:   -0.21°/s | Y:    0.37°/s | Z:   -1.00°/s
Sleeping until next timer interrupt...
Sleeping until next timer interrupt...
Sleeping until next timer interrupt...
Sleeping until next timer interrupt...
Sleeping until next timer interrupt...
Sleeping until next timer interrupt...
Sleeping until next timer interrupt...
Sleeping until next timer interrupt...
X:   -0.81°/s | Y:    0.52°/s | Z:   -0.84°/s
Sleeping until next timer interrupt...
Sleeping until next timer interrupt...
Sleeping until next timer interrupt...
Sleeping until next timer interrupt...
Sleeping until next timer interrupt...
Sleeping until next timer interrupt...
Sleeping until next timer interrupt...
Sleeping until next timer interrupt...
X:   -0.61°/s | Y:    0.56°/s | Z:   -0.77°/s
Sleeping until next timer interrupt...
Sleeping until next timer interrupt...
Sleeping until next timer interrupt...
Sleeping until next timer interrupt...
Sleeping until next timer interrupt...
Sleeping until next timer interrupt...
Sleeping until next timer interrupt...
Sleeping until next timer interrupt...
X:   -0.61°/s | Y:    0.61°/s | Z:   -0.28°/s
Sleeping until next timer interrupt...
Sleeping until next timer interrupt...
Sleeping until next timer interrupt...
Sleeping until next timer interrupt...
Sleeping until next timer interrupt...
Sleeping until next timer interrupt...
Sleeping until next timer interrupt...
Sleeping until next timer interrupt...
X:   -0.52°/s | Y:    0.10°/s | Z:   -1.05°/s
Sleeping until next timer interrupt...
Sleeping until next timer interrupt...
Sleeping until next timer interrupt...
Sleeping until next timer interrupt...
Sleeping until next timer interrupt...
Sleeping until next timer interrupt...
Sleeping until next timer interrupt...
Sleeping until next timer interrupt...
X:   -0.33°/s | Y:    0.23°/s | Z:   -0.42°/s
Sleeping until next timer interrupt...
Sleeping until next timer interrupt...
Sleeping until next timer interrupt...
Sleeping until next timer interrupt...
Sleeping until next timer interrupt...
Sleeping until next timer interrupt...
Sleeping until next timer interrupt...
Sleeping until next timer interrupt...
X:   -0.28°/s | Y:   -0.05°/s | Z:   -0.58°/s
Sleeping until next timer interrupt...
Sleeping until next timer interrupt...
Sleeping until next timer interrupt...
Sleeping until next timer interrupt...
Sleeping until next timer interrupt...
Sleeping until next timer interrupt...
Sleeping until next timer interrupt...
Sleeping until next timer interrupt...
X:   -0.35°/s | Y:    0.26°/s | Z:   -0.65°/s
Sleeping until next timer interrupt...
Sleeping until next timer interrupt...
Sleeping until next timer interrupt...
Sleeping until next timer interrupt...
Sleeping until next timer interrupt...
Sleeping until next timer interrupt...
Sleeping until next timer interrupt...
Sleeping until next timer interrupt...
X:   -0.38°/s | Y:    0.51°/s | Z:   -0.68°/s
Sleeping until next timer interrupt...
Sleeping until next timer interrupt...
Sleeping until next timer interrupt...
Sleeping until next timer interrupt...
Sleeping until next timer interrupt...
Sleeping until next timer interrupt...
Sleeping until next timer interrupt...
Sleeping until next timer interrupt...
X:   -0.23°/s | Y:   -4.39°/s | Z:   -0.47°/s
Sleeping until next timer interrupt...
Sleeping until next timer interrupt...
Sleeping until next timer interrupt...
Sleeping until next timer interrupt...
Sleeping until next timer interrupt...
Sleeping until next timer interrupt...
Sleeping until next timer interrupt...
Sleeping until next timer interrupt...
X:   -0.16°/s | Y:    0.16°/s | Z:   -0.67°/s
Sleeping until next timer interrupt...
Sleeping until next timer interrupt...
Sleeping until next timer interrupt...
Sleeping until next timer interrupt...
Sleeping until next timer interrupt...
Sleeping until next timer interrupt...
Sleeping until next timer interrupt...
Sleeping until next timer interrupt...
X:   -0.26°/s | Y:    0.38°/s | Z:   -0.61°/s
Sleeping until next timer interrupt...
Sleeping until next timer interrupt...
Sleeping until next timer interrupt...
Sleeping until next timer interrupt...
Sleeping until next timer interrupt...
Sleeping until next timer interrupt...
Sleeping until next timer interrupt...
Sleeping until next timer interrupt...
X:   -0.46°/s | Y:    0.72°/s | Z:   -0.31°/s
Sleeping until next timer interrupt...
Sleeping until next timer interrupt...
Sleeping until next timer interrupt...
Sleeping until next timer interrupt...
Sleeping until next timer interrupt...
Sleeping until next timer interrupt...
Sleeping until next timer interrupt...
Sleeping until next timer interrupt...
X:   -0.54°/s | Y:   -0.05°/s | Z:   -0.07°/s
Sleeping until next timer interrupt...
Sleeping until next timer interrupt...
Sleeping until next timer interrupt...
Sleeping until next timer interrupt...
Sleeping until next timer interrupt...
Sleeping until next timer interrupt...
Sleeping until next timer interrupt...
Sleeping until next timer interrupt...
X:   -0.05°/s | Y:   -0.12°/s | Z:   -0.70°/s
Sleeping until next timer interrupt...
Sleeping until next timer interrupt...
Sleeping until next timer interrupt...
Sleeping until next timer interrupt...
Sleeping until next timer interrupt...
Sleeping until next timer interrupt...
Sleeping until next timer interrupt...
Sleeping until next timer interrupt...
X:   -0.42°/s | Y:    0.65°/s | Z:   -0.10°/s
Sleeping until next timer interrupt...
Sleeping until next timer interrupt...
Sleeping until next timer interrupt...
Sleeping until next timer interrupt...
Sleeping until next timer interrupt...
Sleeping until next timer interrupt...
Sleeping until next timer interrupt...
Sleeping until next timer interrupt...
X:   -0.67°/s | Y:    0.52°/s | Z:   -0.19°/s
Sleeping until next timer interrupt...
Sleeping until next timer interrupt...
Sleeping until next timer interrupt...
Sleeping until next timer interrupt...
Sleeping until next timer interrupt...
Sleeping until next timer interrupt...
Sleeping until next timer interrupt...
Sleeping until next timer interrupt...
X:   -0.33°/s | Y:    0.37°/s | Z:   -0.47°/s
Sleeping until next timer interrupt...
Sleeping until next timer interrupt...
Sleeping until next timer interrupt...
Sleeping until next timer interrupt...
Sleeping until next timer interrupt...
Sleeping until next timer interrupt...
Sleeping until next timer interrupt...
Sleeping until next timer interrupt...
X:   -0.70°/s | Y:    0.25°/s | Z:   -0.60°/s
Sleeping until next timer interrupt...
Sleeping until next timer interrupt...
Sleeping until next timer interrupt...
Sleeping until next timer interrupt...
Sleeping until next timer interrupt...
Sleeping until next timer interrupt...
Sleeping until next timer interrupt...
Sleeping until next timer interrupt...
X:   -0.49°/s | Y:    0.56°/s | Z:   -1.03°/s
Sleeping until next timer interrupt...
Sleeping until next timer interrupt...
Sleeping until next timer interrupt...
Sleeping until next timer interrupt...
Sleeping until next timer interrupt...
Sleeping until next timer interrupt...
Sleeping until next timer interrupt...
Sleeping until next timer interrupt...
X:   -0.47°/s | Y:   -0.05°/s | Z:   -0.35°/s
Sleeping until next timer interrupt...
Sleeping until next timer interrupt...
Sleeping until next timer interrupt...
Sleeping until next timer interrupt...
Sleeping until next timer interrupt...
Sleeping until next timer interrupt...
Sleeping until next timer interrupt...
Sleeping until next timer interrupt...
X:   -0.81°/s | Y:    0.40°/s | Z:   -0.19°/s
Sleeping until next timer interrupt...
Sleeping until next timer interrupt...
Sleeping until next timer interrupt...
Sleeping until next timer interrupt...
Sleeping until next timer interrupt...
Sleeping until next timer interrupt...
Sleeping until next timer interrupt...
Sleeping until next timer interrupt...
X:   -0.81°/s | Y:    0.28°/s | Z:    0.07°/s
Sleeping until next timer interrupt...
Sleeping until next timer interrupt...
Sleeping until next timer interrupt...
Sleeping until next timer interrupt...
Sleeping until next timer interrupt...
Sleeping until next timer interrupt...
Sleeping until next timer interrupt...
Sleeping until next timer interrupt...
X:   -4.43°/s | Y:    0.42°/s | Z:   -0.82°/s
Sleeping until next timer interrupt...
Sleeping until next timer interrupt...
Sleeping until next timer interrupt...
Sleeping until next timer interrupt...
Sleeping until next timer interrupt...
Sleeping until next timer interrupt...
Sleeping until next timer interrupt...
Sleeping until next timer interrupt...
X:   -0.35°/s | Y:    0.04°/s | Z:    0.14°/s
Sleeping until next timer interrupt...
Sleeping until next timer interrupt...
Sleeping until next timer interrupt...
Sleeping until next timer interrupt...
Sleeping until next timer interrupt...
Sleeping until next timer interrupt...
Sleeping until next timer interrupt...
Sleeping until next timer interrupt...
X:   -0.93°/s | Y:    0.07°/s | Z:   -0.60°/s
Sleeping until next timer interrupt...
Sleeping until next timer interrupt...
Sleeping until next timer interrupt...
Sleeping until next timer interrupt...
Sleeping until next timer interrupt...
Sleeping until next timer interrupt...
Sleeping until next timer interrupt...
Sleeping until next timer interrupt...
X:   -0.02°/s | Y:    0.16°/s | Z:   -0.82°/s
Sleeping until next timer interrupt...
Sleeping until next timer interrupt...
Sleeping until next timer interrupt...
Sleeping until next timer interrupt...
Sleeping until next timer interrupt...
Sleeping until next timer interrupt...
Sleeping until next timer interrupt...
Sleeping until next timer interrupt...
X:   -0.58°/s | Y:    0.35°/s | Z:   -0.52°/s
Sleeping until next timer interrupt...
Sleeping until next timer interrupt...
Sleeping until next timer interrupt...
Sleeping until next timer interrupt...
Sleeping until next timer interrupt...
Sleeping until next timer interrupt...
Sleeping until next timer interrupt...
Sleeping until next timer interrupt...
X:   -0.46°/s | Y:    0.17°/s | Z:   -0.67°/s
Sleeping until next timer interrupt...
Sleeping until next timer interrupt...
Sleeping until next timer interrupt...
Sleeping until next timer interrupt...
Sleeping until next timer interrupt...
Sleeping until next timer interrupt...
Sleeping until next timer interrupt...
Sleeping until next timer interrupt...
X:   -0.19°/s | Y:    0.31°/s | Z:   -0.70°/s
Sleeping until next timer interrupt...
Sleeping until next timer interrupt...
Sleeping until next timer interrupt...
Sleeping until next timer interrupt...
Sleeping until next timer interrupt...
Sleeping until next timer interrupt...
Sleeping until next timer interrupt...
Sleeping until next timer interrupt...
X:   -0.54°/s | Y:    0.05°/s | Z:   -0.49°/s
Sleeping until next timer interrupt...
Sleeping until next timer interrupt...
Sleeping until next timer interrupt...
Sleeping until next timer interrupt...
Sleeping until next timer interrupt...
Sleeping until next timer interrupt...
Sleeping until next timer interrupt...
Sleeping until next timer interrupt...
X:   -0.12°/s | Y:    0.09°/s | Z:   -0.60°/s
Sleeping until next timer interrupt...
Sleeping until next timer interrupt...
Sleeping until next timer interrupt...
Sleeping until next timer interrupt...
Sleeping until next timer interrupt...
Sleeping until next timer interrupt...
Sleeping until next timer interrupt...
Sleeping until next timer interrupt...
X:   -0.42°/s | Y:    0.10°/s | Z:   -0.30°/s
Sleeping until next timer interrupt...
Sleeping until next timer interrupt...
Sleeping until next timer interrupt...
Sleeping until next timer interrupt...
Sleeping until next timer interrupt...
Sleeping until next timer interrupt...
Sleeping until next timer interrupt...
Sleeping until next timer interrupt...
X:   -0.58°/s | Y:    0.14°/s | Z:   -0.28°/s
Sleeping until next timer interrupt...
Sleeping until next timer interrupt...
Sleeping until next timer interrupt...
Sleeping until next timer interrupt...
Sleeping until next timer interrupt...
Sleeping until next timer interrupt...
Sleeping until next timer interrupt...
Sleeping until next timer interrupt...
X:   -0.19°/s | Y:    0.44°/s | Z:   -0.09°/s
Sleeping until next timer interrupt...
Sleeping until next timer interrupt...
Sleeping until next timer interrupt...
Sleeping until next timer interrupt...
Sleeping until next timer interrupt...
Sleeping until next timer interrupt...
Sleeping until next timer interrupt...
Sleeping until next timer interrupt...
X:   -0.19°/s | Y:    0.49°/s | Z:   -0.84°/s
Sleeping until next timer interrupt...
Sleeping until next timer interrupt...
Sleeping until next timer interrupt...
Sleeping until next timer interrupt...
Sleeping until next timer interrupt...
Sleeping until next timer interrupt...
Sleeping until next timer interrupt...
Sleeping until next timer interrupt...
X:   -0.10°/s | Y:    0.02°/s | Z:   -0.35°/s
Sleeping until next timer interrupt...
Sleeping until next timer interrupt...
Sleeping until next timer interrupt...
Sleeping until next timer interrupt...
Sleeping until next timer interrupt...
Sleeping until next timer interrupt...
Sleeping until next timer interrupt...
Sleeping until next timer interrupt...
X:   -0.60°/s | Y:    0.21°/s | Z:   -0.33°/s
Sleeping until next timer interrupt...
Sleeping until next timer interrupt...
Sleeping until next timer interrupt...
Sleeping until next timer interrupt...
Sleeping until next timer interrupt...
Sleeping until next timer interrupt...
Sleeping until next timer interrupt...
Sleeping until next timer interrupt...
X:   -0.58°/s | Y:    0.23°/s | Z:   -0.26°/s
Sleeping until next timer interrupt...
Sleeping until next timer interrupt...
Sleeping until next timer interrupt...
Sleeping until next timer interrupt...
Sleeping until next timer interrupt...
Sleeping until next timer interrupt...
Sleeping until next timer interrupt...
Sleeping until next timer interrupt...
X:   -0.37°/s | Y:    0.28°/s | Z:   -0.82°/s
Sleeping until next timer interrupt...
Sleeping until next timer interrupt...
Sleeping until next timer interrupt...
Sleeping until next timer interrupt...
Sleeping until next timer interrupt...
Sleeping until next timer interrupt...
Sleeping until next timer interrupt...
Sleeping until next timer interrupt...
X:   -0.51°/s | Y:    0.25°/s | Z:   -0.51°/s
Sleeping until next timer interrupt...
Sleeping until next timer interrupt...
Sleeping until next timer interrupt...
Sleeping until next timer interrupt...
Sleeping until next timer interrupt...
Sleeping until next timer interrupt...
Sleeping until next timer interrupt...
Sleeping until next timer interrupt...
X:   -0.40°/s | Y:    0.05°/s | Z:   -0.35°/s
Sleeping until next timer interrupt...
Sleeping until next timer interrupt...
Sleeping until next timer interrupt...
Sleeping until next timer interrupt...
Sleeping until next timer interrupt...
Sleeping until next timer interrupt...
Sleeping until next timer interrupt...
Sleeping until next timer interrupt...
X:   -0.37°/s | Y:    0.25°/s | Z:   -0.26°/s
Sleeping until next timer interrupt...
Sleeping until next timer interrupt...
Sleeping until next timer interrupt...
Sleeping until next timer interrupt...
Sleeping until next timer interrupt...
Sleeping until next timer interrupt...
Sleeping until next timer interrupt...
Sleeping until next timer interrupt...
X:   -0.21°/s | Y:   -0.04°/s | Z:   -0.52°/s
Sleeping until next timer interrupt...
Sleeping until next timer interrupt...
Sleeping until next timer interrupt...
Sleeping until next timer interrupt...
Sleeping until next timer interrupt...
Sleeping until next timer interrupt...
Sleeping until next timer interrupt...
Sleeping until next timer interrupt...
X:   -0.19°/s | Y:    0.33°/s | Z:   -0.54°/s
Sleeping until next timer interrupt...
Sleeping until next timer interrupt...
Sleeping until next timer interrupt...
Sleeping until next timer interrupt...
Sleeping until next timer interrupt...
Sleeping until next timer interrupt...
Sleeping until next timer interrupt...
Sleeping until next timer interrupt...
X:   -0.28°/s | Y:    0.26°/s | Z:   -0.72°/s
Sleeping until next timer interrupt...
Sleeping until next timer interrupt...
Sleeping until next timer interrupt...
Sleeping until next timer interrupt...
Sleeping until next timer interrupt...
Sleeping until next timer interrupt...
Sleeping until next timer interrupt...
Sleeping until next timer interrupt...
X:   -0.19°/s | Y:    0.26°/s | Z:   -0.05°/s
Sleeping until next timer interrupt...
Sleeping until next timer interrupt...
Sleeping until next timer interrupt...
Sleeping until next timer interrupt...
Sleeping until next timer interrupt...
Sleeping until next timer interrupt...
Sleeping until next timer interrupt...
Sleeping until next timer interrupt...
X:   -0.09°/s | Y:    0.02°/s | Z:   -0.60°/s
Sleeping until next timer interrupt...
Sleeping until next timer interrupt...
Sleeping until next timer interrupt...
Sleeping until next timer interrupt...
Sleeping until next timer interrupt...
Sleeping until next timer interrupt...
Sleeping until next timer interrupt...
Sleeping until next timer interrupt...
X:   -0.30°/s | Y:    0.23°/s | Z:   -0.12°/s
Sleeping until next timer interrupt...
Sleeping until next timer interrupt...
Sleeping until next timer interrupt...
Sleeping until next timer interrupt...
Sleeping until next timer interrupt...
Sleeping until next timer interrupt...
Sleeping until next timer interrupt...
Sleeping until next timer interrupt...
X:   -0.31°/s | Y:    0.33°/s | Z:   -0.93°/s
Sleeping until next timer interrupt...
Sleeping until next timer interrupt...
Sleeping until next timer interrupt...
Sleeping until next timer interrupt...
Sleeping until next timer interrupt...
Sleeping until next timer interrupt...
Sleeping until next timer interrupt...
Sleeping until next timer interrupt...
X:   -0.46°/s | Y:    0.04°/s | Z:   -0.58°/s
Sleeping until next timer interrupt...
Sleeping until next timer interrupt...
Sleeping until next timer interrupt...
Sleeping until next timer interrupt...
Sleeping until next timer interrupt...
Sleeping until next timer interrupt...
Sleeping until next timer interrupt...
Sleeping until next timer interrupt...
X:   -0.23°/s | Y:    0.52°/s | Z:   -0.81°/s
Sleeping until next timer interrupt...
Sleeping until next timer interrupt...
Sleeping until next timer interrupt...
Sleeping until next timer interrupt...
Sleeping until next timer interrupt...
Sleeping until next timer interrupt...
Sleeping until next timer interrupt...
Sleeping until next timer interrupt...
X:   -0.68°/s | Y:    0.05°/s | Z:    0.17°/s
Sleeping until next timer interrupt...
Sleeping until next timer interrupt...
Sleeping until next timer interrupt...
Sleeping until next timer interrupt...
Sleeping until next timer interrupt...
Sleeping until next timer interrupt...
Sleeping until next timer interrupt...
Sleeping until next timer interrupt...
X:   -0.17°/s | Y:    0.81°/s | Z:   -0.12°/s
Sleeping until next timer interrupt...
Sleeping until next timer interrupt...
Sleeping until next timer interrupt...
Sleeping until next timer interrupt...
Sleeping until next timer interrupt...
Sleeping until next timer interrupt...
Sleeping until next timer interrupt...
Sleeping until next timer interrupt...
X:   -0.35°/s | Y:   -0.07°/s | Z:   -0.82°/s
Sleeping until next timer interrupt...
Sleeping until next timer interrupt...
Sleeping until next timer interrupt...
Sleeping until next timer interrupt...
Sleeping until next timer interrupt...
Sleeping until next timer interrupt...
Sleeping until next timer interrupt...
Sleeping until next timer interrupt...
X:   -0.44°/s | Y:   -0.26°/s | Z:   -0.63°/s
Sleeping until next timer interrupt...
Sleeping until next timer interrupt...
Sleeping until next timer interrupt...
Sleeping until next timer interrupt...
Sleeping until next timer interrupt...
Sleeping until next timer interrupt...
Sleeping until next timer interrupt...
Sleeping until next timer interrupt...
X:   -0.16°/s | Y:    0.54°/s | Z:   -0.17°/s
Sleeping until next timer interrupt...
Sleeping until next timer interrupt...
Sleeping until next timer interrupt...
Sleeping until next timer interrupt...
Sleeping until next timer interrupt...
Sleeping until next timer interrupt...
Sleeping until next timer interrupt...
Sleeping until next timer interrupt...
X:   -0.31°/s | Y:    0.26°/s | Z:   -0.49°/s
Sleeping until next timer interrupt...
Sleeping until next timer interrupt...
Sleeping until next timer interrupt...
Sleeping until next timer interrupt...
Sleeping until next timer interrupt...
Sleeping until next timer interrupt...
Sleeping until next timer interrupt...
Sleeping until next timer interrupt...
X:    0.46°/s | Y:   -0.07°/s | Z:   -4.39°/s
Sleeping until next timer interrupt...
Sleeping until next timer interrupt...
Sleeping until next timer interrupt...
Sleeping until next timer interrupt...
Sleeping until next timer interrupt...
Sleeping until next timer interrupt...
Sleeping until next timer interrupt...
Sleeping until next timer interrupt...
X:   -0.23°/s | Y:   -0.58°/s | Z:    0.26°/s
Sleeping until next timer interrupt...
Sleeping until next timer interrupt...
Sleeping until next timer interrupt...
Sleeping until next timer interrupt...
Sleeping until next timer interrupt...
Sleeping until next timer interrupt...
Sleeping until next timer interrupt...
Sleeping until next timer interrupt...
X:   -0.26°/s | Y:    0.58°/s | Z:   -0.35°/s
Sleeping until next timer interrupt...
Sleeping until next timer interrupt...
Sleeping until next timer interrupt...
Sleeping until next timer interrupt...
Sleeping until next timer interrupt...
Sleeping until next timer interrupt...
Sleeping until next timer interrupt...
Sleeping until next timer interrupt...
X:   -0.07°/s | Y:    0.67°/s | Z:   -0.81°/s
Sleeping until next timer interrupt...
Sleeping until next timer interrupt...
Sleeping until next timer interrupt...
Sleeping until next timer interrupt...
Sleeping until next timer interrupt...
Sleeping until next timer interrupt...
Sleeping until next timer interrupt...
Sleeping until next timer interrupt...
X:   -1.03°/s | Y:    0.35°/s | Z:    0.07°/s
Sleeping until next timer interrupt...
Sleeping until next timer interrupt...
Sleeping until next timer interrupt...
Sleeping until next timer interrupt...
Sleeping until next timer interrupt...
Sleeping until next timer interrupt...
Sleeping until next timer interrupt...
Sleeping until next timer interrupt...
X:   -0.14°/s | Y:    0.10°/s | Z:   -0.21°/s
Sleeping until next timer interrupt...
Sleeping until next timer interrupt...
Sleeping until next timer interrupt...
Sleeping until next timer interrupt...
Sleeping until next timer interrupt...
Sleeping until next timer interrupt...
Sleeping until next timer interrupt...
Sleeping until next timer interrupt...
X:   -0.72°/s | Y:    0.33°/s | Z:   -0.67°/s
Sleeping until next timer interrupt...
Sleeping until next timer interrupt...
Sleeping until next timer interrupt...
Sleeping until next timer interrupt...
Sleeping until next timer interrupt...
Sleeping until next timer interrupt...
Sleeping until next timer interrupt...
Sleeping until next timer interrupt...
X:   -0.33°/s | Y:    0.05°/s | Z:   -1.10°/s
Sleeping until next timer interrupt...
Sleeping until next timer interrupt...
Sleeping until next timer interrupt...
Sleeping until next timer interrupt...
Sleeping until next timer interrupt...
Sleeping until next timer interrupt...
Sleeping until next timer interrupt...
Sleeping until next timer interrupt...
X:   -0.38°/s | Y:    0.30°/s | Z:   -0.75°/s
Sleeping until next timer interrupt...
Sleeping until next timer interrupt...
Sleeping until next timer interrupt...
Sleeping until next timer interrupt...
Sleeping until next timer interrupt...
Sleeping until next timer interrupt...
Sleeping until next timer interrupt...
Sleeping until next timer interrupt...
X:   -0.60°/s | Y:    0.26°/s | Z:   -0.52°/s
Sleeping until next timer interrupt...
Sleeping until next timer interrupt...
Sleeping until next timer interrupt...
Sleeping until next timer interrupt...
Sleeping until next timer interrupt...
Sleeping until next timer interrupt...
Sleeping until next timer interrupt...
Sleeping until next timer interrupt...
X:   -0.68°/s | Y:    0.35°/s | Z:   -0.17°/s
Sleeping until next timer interrupt...
Sleeping until next timer interrupt...
Sleeping until next timer interrupt...
Sleeping until next timer interrupt...
Sleeping until next timer interrupt...
Sleeping until next timer interrupt...

📊 Interrupt Stats (every 1000 loops / ~2.5s):
  Avg Cycles/Loop: 179722
  Loop Time: 2496.139μs
  Anomalies: 2
  CPU Usage: 0.10%
──────────────────────────────────────
Sleeping until next timer interrupt...
Sleeping until next timer interrupt...
X:    0.21°/s | Y:    0.70°/s | Z:   -0.49°/s
Sleeping until next timer interrupt...
Sleeping until next timer interrupt...
Sleeping until next timer interrupt...
Sleeping until next timer interrupt...
Sleeping until next timer interrupt...
Sleeping until next timer interrupt...
Sleeping until next timer interrupt...
Sleeping until next timer interrupt...
X:   -0.77°/s | Y:    0.09°/s | Z:   -0.65°/s
Sleeping until next timer interrupt...
Sleeping until next timer interrupt...
Sleeping until next timer interrupt...
Sleeping until next timer interrupt...
Sleeping until next timer interrupt...
Sleeping until next timer interrupt...
Sleeping until next timer interrupt...
Sleeping until next timer interrupt...
X:   -0.88°/s | Y:    0.35°/s | Z:   -0.31°/s
Sleeping until next timer interrupt...
Sleeping until next timer interrupt...
Sleeping until next timer interrupt...
Sleeping until next timer interrupt...
Sleeping until next timer interrupt...
Sleeping until next timer interrupt...
Sleeping until next timer interrupt...
Sleeping until next timer interrupt...
X:   -0.47°/s | Y:    0.25°/s | Z:   -0.28°/s
Sleeping until next timer interrupt...
Sleeping until next timer interrupt...
Sleeping until next timer interrupt...
Sleeping until next timer interrupt...
Sleeping until next timer interrupt...
Sleeping until next timer interrupt...
Sleeping until next timer interrupt...
Sleeping until next timer interrupt...
X:   -0.16°/s | Y:    0.46°/s | Z:   -0.56°/s
Sleeping until next timer interrupt...
Sleeping until next timer interrupt...
Sleeping until next timer interrupt...
Sleeping until next timer interrupt...
Sleeping until next timer interrupt...
Sleeping until next timer interrupt...
Sleeping until next timer interrupt...
Sleeping until next timer interrupt...
X:   -0.54°/s | Y:    0.07°/s | Z:   -0.52°/s
Sleeping until next timer interrupt...
Sleeping until next timer interrupt...
Sleeping until next timer interrupt...
Sleeping until next timer interrupt...
Sleeping until next timer interrupt...
Sleeping until next timer interrupt...
Sleeping until next timer interrupt...
Sleeping until next timer interrupt...
X:   -0.58°/s | Y:    0.52°/s | Z:   -0.25°/s
Sleeping until next timer interrupt...
Sleeping until next timer interrupt...
Sleeping until next timer interrupt...
Sleeping until next timer interrupt...
Sleeping until next timer interrupt...
Sleeping until next timer interrupt...
Sleeping until next timer interrupt...
Sleeping until next timer interrupt...
X:   -0.56°/s | Y:    0.38°/s | Z:   -0.40°/s
Sleeping until next timer interrupt...
Sleeping until next timer interrupt...
Sleeping until next timer interrupt...
Sleeping until next timer interrupt...
Sleeping until next timer interrupt...
Sleeping until next timer interrupt...
Sleeping until next timer interrupt...
Sleeping until next timer interrupt...
X:   -0.40°/s | Y:    0.51°/s | Z:   -0.52°/s
Sleeping until next timer interrupt...
Sleeping until next timer interrupt...
Sleeping until next timer interrupt...
Sleeping until next timer interrupt...
Sleeping until next timer interrupt...
Sleeping until next timer interrupt...
Sleeping until next timer interrupt...
Sleeping until next timer interrupt...
X:   -0.02°/s | Y:    0.05°/s | Z:   -0.93°/s
Sleeping until next timer interrupt...
Sleeping until next timer interrupt...
Sleeping until next timer interrupt...
Sleeping until next timer interrupt...
Sleeping until next timer interrupt...
Sleeping until next timer interrupt...
Sleeping until next timer interrupt...
Sleeping until next timer interrupt...
X:   -0.26°/s | Y:    0.60°/s | Z:   -1.03°/s
Sleeping until next timer interrupt...
Sleeping until next timer interrupt...
Sleeping until next timer interrupt...
Sleeping until next timer interrupt...
Sleeping until next timer interrupt...
Sleeping until next timer interrupt...
Sleeping until next timer interrupt...
Sleeping until next timer interrupt...
X:    0.04°/s | Y:    0.58°/s | Z:   -0.56°/s
Sleeping until next timer interrupt...
Sleeping until next timer interrupt...
Sleeping until next timer interrupt...
Sleeping until next timer interrupt...
Sleeping until next timer interrupt...
Sleeping until next timer interrupt...
Sleeping until next timer interrupt...
Sleeping until next timer interrupt...
X:   -0.28°/s | Y:    0.07°/s | Z:   -0.40°/s
Sleeping until next timer interrupt...
Sleeping until next timer interrupt...
Sleeping until next timer interrupt...
Sleeping until next timer interrupt...
Sleeping until next timer interrupt...
Sleeping until next timer interrupt...
Sleeping until next timer interrupt...
Sleeping until next timer interrupt...
X:   -0.77°/s | Y:    0.25°/s | Z:   -0.51°/s
Sleeping until next timer interrupt...
Sleeping until next timer interrupt...
Sleeping until next timer interrupt...
Sleeping until next timer interrupt...
Sleeping until next timer interrupt...
Sleeping until next timer interrupt...
Sleeping until next timer interrupt...
Sleeping until next timer interrupt...
X:   -0.52°/s | Y:    0.70°/s | Z:   -0.65°/s
Sleeping until next timer interrupt...
Sleeping until next timer interrupt...
Sleeping until next timer interrupt...
Sleeping until next timer interrupt...
Sleeping until next timer interrupt...
Sleeping until next timer interrupt...
Sleeping until next timer interrupt...
Sleeping until next timer interrupt...
X:   -0.58°/s | Y:    0.54°/s | Z:   -0.89°/s
Sleeping until next timer interrupt...
Sleeping until next timer interrupt...
Sleeping until next timer interrupt...
Sleeping until next timer interrupt...
Sleeping until next timer interrupt...
Sleeping until next timer interrupt...
Sleeping until next timer interrupt...
Sleeping until next timer interrupt...
X:   -0.30°/s | Y:    0.47°/s | Z:   -0.21°/s
Sleeping until next timer interrupt...
Sleeping until next timer interrupt...
Sleeping until next timer interrupt...
Sleeping until next timer interrupt...
Sleeping until next timer interrupt...
Sleeping until next timer interrupt...
Sleeping until next timer interrupt...
Sleeping until next timer interrupt...
X:   -0.52°/s | Y:    0.52°/s | Z:    0.05°/s
Sleeping until next timer interrupt...
Sleeping until next timer interrupt...
Sleeping until next timer interrupt...
Sleeping until next timer interrupt...
Sleeping until next timer interrupt...
Sleeping until next timer interrupt...
Sleeping until next timer interrupt...
Sleeping until next timer interrupt...
X:   -0.51°/s | Y:    0.51°/s | Z:   -0.75°/s
Sleeping until next timer interrupt...
Sleeping until next timer interrupt...
Sleeping until next timer interrupt...
Sleeping until next timer interrupt...
Sleeping until next timer interrupt...
Sleeping until next timer interrupt...
Sleeping until next timer interrupt...
Sleeping until next timer interrupt...
X:   -0.25°/s | Y:    0.56°/s | Z:   -0.26°/s
Sleeping until next timer interrupt...
Sleeping until next timer interrupt...
Sleeping until next timer interrupt...
Sleeping until next timer interrupt...
Sleeping until next timer interrupt...
Sleeping until next timer interrupt...
Sleeping until next timer interrupt...
Sleeping until next timer interrupt...
X:   -0.37°/s | Y:    0.46°/s | Z:   -0.52°/s
Sleeping until next timer interrupt...
Sleeping until next timer interrupt...
Sleeping until next timer interrupt...
Sleeping until next timer interrupt...
Sleeping until next timer interrupt...
Sleeping until next timer interrupt...
Sleeping until next timer interrupt...
Sleeping until next timer interrupt...
X:   -0.88°/s | Y:    0.28°/s | Z:   -4.32°/s
Sleeping until next timer interrupt...
Sleeping until next timer interrupt...
Sleeping until next timer interrupt...
Sleeping until next timer interrupt...
Sleeping until next timer interrupt...
Sleeping until next timer interrupt...
Sleeping until next timer interrupt...
Sleeping until next timer interrupt...
X:   -0.40°/s | Y:    0.33°/s | Z:   -0.25°/s
Sleeping until next timer interrupt...
Sleeping until next timer interrupt...
Sleeping until next timer interrupt...
Sleeping until next timer interrupt...
Sleeping until next timer interrupt...
Sleeping until next timer interrupt...
Sleeping until next timer interrupt...
Sleeping until next timer interrupt...
X:   -0.70°/s | Y:    0.28°/s | Z:   -0.81°/s
Sleeping until next timer interrupt...
Sleeping until next timer interrupt...
Sleeping until next timer interrupt...
Sleeping until next timer interrupt...
Sleeping until next timer interrupt...
Sleeping until next timer interrupt...
Sleeping until next timer interrupt...
Sleeping until next timer interrupt...
X:   -0.52°/s | Y:    0.54°/s | Z:    0.16°/s
Sleeping until next timer interrupt...
Sleeping until next timer interrupt...
Sleeping until next timer interrupt...
Sleeping until next timer interrupt...
Sleeping until next timer interrupt...
Sleeping until next timer interrupt...
Sleeping until next timer interrupt...
Sleeping until next timer interrupt...
X:   -0.75°/s | Y:    0.51°/s | Z:   -0.77°/s
Sleeping until next timer interrupt...
Sleeping until next timer interrupt...
Sleeping until next timer interrupt...
Sleeping until next timer interrupt...
Sleeping until next timer interrupt...
Sleeping until next timer interrupt...
Sleeping until next timer interrupt...
Sleeping until next timer interrupt...
X:    0.40°/s | Y:    0.07°/s | Z:   -0.89°/s
Sleeping until next timer interrupt...
Sleeping until next timer interrupt...
Sleeping until next timer interrupt...
Sleeping until next timer interrupt...
Sleeping until next timer interrupt...
Sleeping until next timer interrupt...
Sleeping until next timer interrupt...
Sleeping until next timer interrupt...
X:   -0.54°/s | Y:   -0.10°/s | Z:   -0.33°/s
Sleeping until next timer interrupt...
Sleeping until next timer interrupt...
Sleeping until next timer interrupt...
Sleeping until next timer interrupt...
Sleeping until next timer interrupt...
Sleeping until next timer interrupt...
Sleeping until next timer interrupt...
Sleeping until next timer interrupt...
X:   -0.30°/s | Y:    0.47°/s | Z:   -0.46°/s
Sleeping until next timer interrupt...
Sleeping until next timer interrupt...
Sleeping until next timer interrupt...
Sleeping until next timer interrupt...
Sleeping until next timer interrupt...
Sleeping until next timer interrupt...
Sleeping until next timer interrupt...
Sleeping until next timer interrupt...
X:   -0.58°/s | Y:    0.12°/s | Z:   -0.28°/s
Sleeping until next timer interrupt...
Sleeping until next timer interrupt...
Sleeping until next timer interrupt...
Sleeping until next timer interrupt...
Sleeping until next timer interrupt...
Sleeping until next timer interrupt...
Sleeping until next timer interrupt...
Sleeping until next timer interrupt...
X:   -0.54°/s | Y:    0.26°/s | Z:   -0.23°/s
Sleeping until next timer interrupt...
Sleeping until next timer interrupt...
Sleeping until next timer interrupt...
Sleeping until next timer interrupt...
Sleeping until next timer interrupt...
Sleeping until next timer interrupt...
Sleeping until next timer interrupt...
Sleeping until next timer interrupt...
X:   -0.44°/s | Y:    0.17°/s | Z:   -0.89°/s
Sleeping until next timer interrupt...
Sleeping until next timer interrupt...
Sleeping until next timer interrupt...
Sleeping until next timer interrupt...
Sleeping until next timer interrupt...
Sleeping until next timer interrupt...
Sleeping until next timer interrupt...
Sleeping until next timer interrupt...
X:   -0.82°/s | Y:    0.58°/s | Z:   -0.30°/s
Sleeping until next timer interrupt...
Sleeping until next timer interrupt...
Sleeping until next timer interrupt...
Sleeping until next timer interrupt...
Sleeping until next timer interrupt...
Sleeping until next timer interrupt...
Sleeping until next timer interrupt...
Sleeping until next timer interrupt...
X:   -0.21°/s | Y:    0.05°/s | Z:   -0.60°/s
Sleeping until next timer interrupt...
Sleeping until next timer interrupt...
Sleeping until next timer interrupt...
Sleeping until next timer interrupt...
Sleeping until next timer interrupt...
Sleeping until next timer interrupt...
Sleeping until next timer interrupt...
Sleeping until next timer interrupt...
X:   -0.37°/s | Y:    0.16°/s | Z:   -0.70°/s
Sleeping until next timer interrupt...
Sleeping until next timer interrupt...
Sleeping until next timer interrupt...
Sleeping until next timer interrupt...
Sleeping until next timer interrupt...
Sleeping until next timer interrupt...
Sleeping until next timer interrupt...
Sleeping until next timer interrupt...
X:   -0.23°/s | Y:    0.21°/s | Z:   -0.84°/s
Sleeping until next timer interrupt...
Sleeping until next timer interrupt...
Sleeping until next timer interrupt...
Sleeping until next timer interrupt...
Sleeping until next timer interrupt...
Sleeping until next timer interrupt...
Sleeping until next timer interrupt...
Sleeping until next timer interrupt...
X:   -0.65°/s | Y:    0.54°/s | Z:   -0.94°/s
Sleeping until next timer interrupt...
Sleeping until next timer interrupt...
Sleeping until next timer interrupt...
Sleeping until next timer interrupt...
Sleeping until next timer interrupt...
Sleeping until next timer interrupt...
Sleeping until next timer interrupt...
Sleeping until next timer interrupt...
X:   -0.79°/s | Y:    0.23°/s | Z:   -0.40°/s
Sleeping until next timer interrupt...
Sleeping until next timer interrupt...
Sleeping until next timer interrupt...
Sleeping until next timer interrupt...
Sleeping until next timer interrupt...
Sleeping until next timer interrupt...
Sleeping until next timer interrupt...
Sleeping until next timer interrupt...
X:   -0.46°/s | Y:    0.02°/s | Z:   -0.56°/s
Sleeping until next timer interrupt...
Sleeping until next timer interrupt...
Sleeping until next timer interrupt...
Sleeping until next timer interrupt...
Sleeping until next timer interrupt...
Sleeping until next timer interrupt...
Sleeping until next timer interrupt...
Sleeping until next timer interrupt...
X:    0.02°/s | Y:   -0.07°/s | Z:   -0.23°/s
Sleeping until next timer interrupt...
Sleeping until next timer interrupt...
Sleeping until next timer interrupt...
Sleeping until next timer interrupt...
Sleeping until next timer interrupt...
Sleeping until next timer interrupt...
Sleeping until next timer interrupt...
Sleeping until next timer interrupt...
X:   -0.51°/s | Y:    0.42°/s | Z:   -0.02°/s
Sleeping until next timer interrupt...
Sleeping until next timer interrupt...
Sleeping until next timer interrupt...
Sleeping until next timer interrupt...
Sleeping until next timer interrupt...
Sleeping until next timer interrupt...
Sleeping until next timer interrupt...
Sleeping until next timer interrupt...
X:   -0.63°/s | Y:    0.30°/s | Z:   -0.51°/s
Sleeping until next timer interrupt...
Sleeping until next timer interrupt...
Sleeping until next timer interrupt...
Sleeping until next timer interrupt...
Sleeping until next timer interrupt...
Sleeping until next timer interrupt...
Sleeping until next timer interrupt...
Sleeping until next timer interrupt...
X:    0.33°/s | Y:    0.70°/s | Z:   -0.89°/s
Sleeping until next timer interrupt...
Sleeping until next timer interrupt...
Sleeping until next timer interrupt...
Sleeping until next timer interrupt...
Sleeping until next timer interrupt...
Sleeping until next timer interrupt...
Sleeping until next timer interrupt...
Sleeping until next timer interrupt...
X:   -0.68°/s | Y:    0.61°/s | Z:   -0.65°/s
Sleeping until next timer interrupt...
Sleeping until next timer interrupt...
Sleeping until next timer interrupt...
Sleeping until next timer interrupt...
Sleeping until next timer interrupt...
Sleeping until next timer interrupt...
Sleeping until next timer interrupt...
Sleeping until next timer interrupt...
X:   -0.47°/s | Y:    0.14°/s | Z:   -0.38°/s
Sleeping until next timer interrupt...
Sleeping until next timer interrupt...
Sleeping until next timer interrupt...
Sleeping until next timer interrupt...
Sleeping until next timer interrupt...
Sleeping until next timer interrupt...
Sleeping until next timer interrupt...
Sleeping until next timer interrupt...
X:   -0.16°/s | Y:   -0.26°/s | Z:   -0.77°/s
Sleeping until next timer interrupt...
Sleeping until next timer interrupt...
Sleeping until next timer interrupt...
Sleeping until next timer interrupt...
Sleeping until next timer interrupt...
Sleeping until next timer interrupt...
Sleeping until next timer interrupt...
Sleeping until next timer interrupt...
X:   -0.19°/s | Y:    0.40°/s | Z:   -0.81°/s
Sleeping until next timer interrupt...
Sleeping until next timer interrupt...
Sleeping until next timer interrupt...
Sleeping until next timer interrupt...
Sleeping until next timer interrupt...
Sleeping until next timer interrupt...
Sleeping until next timer interrupt...
Sleeping until next timer interrupt...
X:   -0.65°/s | Y:    0.30°/s | Z:   -0.46°/s
Sleeping until next timer interrupt...
Sleeping until next timer interrupt...
Sleeping until next timer interrupt...
Sleeping until next timer interrupt...
Sleeping until next timer interrupt...
Sleeping until next timer interrupt...
Sleeping until next timer interrupt...
Sleeping until next timer interrupt...
X:   -0.37°/s | Y:    0.51°/s | Z:   -0.25°/s
Sleeping until next timer interrupt...
Sleeping until next timer interrupt...
Sleeping until next timer interrupt...
Sleeping until next timer interrupt...
Sleeping until next timer interrupt...
Sleeping until next timer interrupt...
Sleeping until next timer interrupt...
Sleeping until next timer interrupt...
X:    0.35°/s | Y:    0.21°/s | Z:   -1.05°/s
Sleeping until next timer interrupt...
Sleeping until next timer interrupt...
Sleeping until next timer interrupt...
Sleeping until next timer interrupt...
Sleeping until next timer interrupt...
Sleeping until next timer interrupt...
Sleeping until next timer interrupt...
Sleeping until next timer interrupt...
X:   -0.47°/s | Y:    0.63°/s | Z:   -0.68°/s
Sleeping until next timer interrupt...
Sleeping until next timer interrupt...
Sleeping until next timer interrupt...
Sleeping until next timer interrupt...
Sleeping until next timer interrupt...
Sleeping until next timer interrupt...
Sleeping until next timer interrupt...
Sleeping until next timer interrupt...
X:   -0.17°/s | Y:    0.33°/s | Z:   -0.28°/s
Sleeping until next timer interrupt...
Sleeping until next timer interrupt...
Sleeping until next timer interrupt...
Sleeping until next timer interrupt...
Sleeping until next timer interrupt...
Sleeping until next timer interrupt...
Sleeping until next timer interrupt...
Sleeping until next timer interrupt...
X:   -0.10°/s | Y:    0.37°/s | Z:   -0.82°/s
Sleeping until next timer interrupt...
Sleeping until next timer interrupt...
Sleeping until next timer interrupt...
Sleeping until next timer interrupt...
Sleeping until next timer interrupt...
Sleeping until next timer interrupt...
Sleeping until next timer interrupt...
Sleeping until next timer interrupt...
X:   -0.33°/s | Y:    0.16°/s | Z:   -0.68°/s
Sleeping until next timer interrupt...
Sleeping until next timer interrupt...
Sleeping until next timer interrupt...
Sleeping until next timer interrupt...
Sleeping until next timer interrupt...
Sleeping until next timer interrupt...
Sleeping until next timer interrupt...
Sleeping until next timer interrupt...
X:   -0.42°/s | Y:    0.12°/s | Z:    0.04°/s
Sleeping until next timer interrupt...
Sleeping until next timer interrupt...
Sleeping until next timer interrupt...
Sleeping until next timer interrupt...
Sleeping until next timer interrupt...
Sleeping until next timer interrupt...
Sleeping until next timer interrupt...
Sleeping until next timer interrupt...
X:   -0.02°/s | Y:    0.60°/s | Z:   -0.51°/s
Sleeping until next timer interrupt...
Sleeping until next timer interrupt...
Sleeping until next timer interrupt...
Sleeping until next timer interrupt...
Sleeping until next timer interrupt...
Sleeping until next timer interrupt...
Sleeping until next timer interrupt...
Sleeping until next timer interrupt...
X:   -0.44°/s | Y:    0.30°/s | Z:   -0.96°/s
Sleeping until next timer interrupt...
Sleeping until next timer interrupt...
Sleeping until next timer interrupt...
Sleeping until next timer interrupt...
Sleeping until next timer interrupt...
Sleeping until next timer interrupt...
Sleeping until next timer interrupt...
Sleeping until next timer interrupt...
X:   -0.61°/s | Y:    0.16°/s | Z:   -0.28°/s
Sleeping until next timer interrupt...
Sleeping until next timer interrupt...
Sleeping until next timer interrupt...
Sleeping until next timer interrupt...
Sleeping until next timer interrupt...
Sleeping until next timer interrupt...
Sleeping until next timer interrupt...
Sleeping until next timer interrupt...
X:   -0.67°/s | Y:    0.46°/s | Z:   -0.56°/s
Sleeping until next timer interrupt...
Sleeping until next timer interrupt...
Sleeping until next timer interrupt...
Sleeping until next timer interrupt...
Sleeping until next timer interrupt...
Sleeping until next timer interrupt...
Sleeping until next timer interrupt...
Sleeping until next timer interrupt...
X:   -0.68°/s | Y:    0.60°/s | Z:   -0.12°/s
Sleeping until next timer interrupt...
Sleeping until next timer interrupt...
Sleeping until next timer interrupt...
Sleeping until next timer interrupt...
Sleeping until next timer interrupt...
Sleeping until next timer interrupt...
Sleeping until next timer interrupt...
Sleeping until next timer interrupt...
X:   -1.14°/s | Y:    0.44°/s | Z:   -0.37°/s
Sleeping until next timer interrupt...
Sleeping until next timer interrupt...
Sleeping until next timer interrupt...
Sleeping until next timer interrupt...
Sleeping until next timer interrupt...
Sleeping until next timer interrupt...
Sleeping until next timer interrupt...
Sleeping until next timer interrupt...
X:   -0.16°/s | Y:   -0.12°/s | Z:   -0.61°/s
Sleeping until next timer interrupt...
Sleeping until next timer interrupt...
Sleeping until next timer interrupt...
Sleeping until next timer interrupt...
Sleeping until next timer interrupt...
Sleeping until next timer interrupt...
Sleeping until next timer interrupt...
Sleeping until next timer interrupt...
X:   -1.03°/s | Y:    0.51°/s | Z:    0.25°/s
Sleeping until next timer interrupt...
Sleeping until next timer interrupt...
Sleeping until next timer interrupt...
Sleeping until next timer interrupt...
Sleeping until next timer interrupt...
Sleeping until next timer interrupt...
Sleeping until next timer interrupt...
Sleeping until next timer interrupt...
X:   -0.10°/s | Y:    0.70°/s | Z:   -0.84°/s
Sleeping until next timer interrupt...
Sleeping until next timer interrupt...
Sleeping until next timer interrupt...
Sleeping until next timer interrupt...
Sleeping until next timer interrupt...
Sleeping until next timer interrupt...
Sleeping until next timer interrupt...
Sleeping until next timer interrupt...
X:   -0.46°/s | Y:    0.49°/s | Z:   -0.30°/s
Sleeping until next timer interrupt...
Sleeping until next timer interrupt...
Sleeping until next timer interrupt...
Sleeping until next timer interrupt...
Sleeping until next timer interrupt...
Sleeping until next timer interrupt...
Sleeping until next timer interrupt...
Sleeping until next timer interrupt...
X:   -0.49°/s | Y:    0.63°/s | Z:   -1.12°/s
Sleeping until next timer interrupt...
Sleeping until next timer interrupt...
Sleeping until next timer interrupt...
Sleeping until next timer interrupt...
Sleeping until next timer interrupt...
Sleeping until next timer interrupt...
Sleeping until next timer interrupt...
Sleeping until next timer interrupt...
X:   -0.42°/s | Y:    4.36°/s | Z:   -0.46°/s
Sleeping until next timer interrupt...
Sleeping until next timer interrupt...
Sleeping until next timer interrupt...
Sleeping until next timer interrupt...
Sleeping until next timer interrupt...
Sleeping until next timer interrupt...
Sleeping until next timer interrupt...
Sleeping until next timer interrupt...
X:   -0.31°/s | Y:    0.19°/s | Z:   -0.72°/s
Sleeping until next timer interrupt...
Sleeping until next timer interrupt...
Sleeping until next timer interrupt...
Sleeping until next timer interrupt...
Sleeping until next timer interrupt...
Sleeping until next timer interrupt...
Sleeping until next timer interrupt...
Sleeping until next timer interrupt...
X:    0.46°/s | Y:    0.23°/s | Z:   -0.35°/s
Sleeping until next timer interrupt...
Sleeping until next timer interrupt...
Sleeping until next timer interrupt...
Sleeping until next timer interrupt...
Sleeping until next timer interrupt...
Sleeping until next timer interrupt...
Sleeping until next timer interrupt...
Sleeping until next timer interrupt...
X:   -0.60°/s | Y:    0.09°/s | Z:   -0.91°/s
Sleeping until next timer interrupt...
Sleeping until next timer interrupt...
Sleeping until next timer interrupt...
Sleeping until next timer interrupt...
Sleeping until next timer interrupt...
Sleeping until next timer interrupt...
Sleeping until next timer interrupt...
Sleeping until next timer interrupt...
X:   -0.51°/s | Y:    0.70°/s | Z:   -0.84°/s
Sleeping until next timer interrupt...
Sleeping until next timer interrupt...
Sleeping until next timer interrupt...
Sleeping until next timer interrupt...
Sleeping until next timer interrupt...
Sleeping until next timer interrupt...
Sleeping until next timer interrupt...
Sleeping until next timer interrupt...
X:   -0.40°/s | Y:    0.04°/s | Z:   -0.47°/s
Sleeping until next timer interrupt...
Sleeping until next timer interrupt...
Sleeping until next timer interrupt...
Sleeping until next timer interrupt...
Sleeping until next timer interrupt...
Sleeping until next timer interrupt...
Sleeping until next timer interrupt...
Sleeping until next timer interrupt...
X:    0.19°/s | Y:    0.23°/s | Z:   -1.07°/s
Sleeping until next timer interrupt...
Sleeping until next timer interrupt...
Sleeping until next timer interrupt...
Sleeping until next timer interrupt...
Sleeping until next timer interrupt...
Sleeping until next timer interrupt...
Sleeping until next timer interrupt...
Sleeping until next timer interrupt...
X:   -0.02°/s | Y:    0.38°/s | Z:   -0.60°/s
Sleeping until next timer interrupt...
Sleeping until next timer interrupt...
Sleeping until next timer interrupt...
Sleeping until next timer interrupt...
Sleeping until next timer interrupt...
Sleeping until next timer interrupt...
Sleeping until next timer interrupt...
Sleeping until next timer interrupt...
X:   -0.17°/s | Y:    0.33°/s | Z:   -0.46°/s
Sleeping until next timer interrupt...
Sleeping until next timer interrupt...
Sleeping until next timer interrupt...
Sleeping until next timer interrupt...
Sleeping until next timer interrupt...
Sleeping until next timer interrupt...
Sleeping until next timer interrupt...
Sleeping until next timer interrupt...
X:   -0.23°/s | Y:    0.77°/s | Z:   -0.70°/s
Sleeping until next timer interrupt...
Sleeping until next timer interrupt...
Sleeping until next timer interrupt...
Sleeping until next timer interrupt...
Sleeping until next timer interrupt...
Sleeping until next timer interrupt...
Sleeping until next timer interrupt...
Sleeping until next timer interrupt...
X:   -0.35°/s | Y:   -0.02°/s | Z:   -0.52°/s
Sleeping until next timer interrupt...
Sleeping until next timer interrupt...
Sleeping until next timer interrupt...
Sleeping until next timer interrupt...
Sleeping until next timer interrupt...
Sleeping until next timer interrupt...
Sleeping until next timer interrupt...
Sleeping until next timer interrupt...
X:   -0.46°/s | Y:    0.49°/s | Z:   -0.54°/s
Sleeping until next timer interrupt...
Sleeping until next timer interrupt...
Sleeping until next timer interrupt...
Sleeping until next timer interrupt...
Sleeping until next timer interrupt...
Sleeping until next timer interrupt...
Sleeping until next timer interrupt...
Sleeping until next timer interrupt...
X:    0.17°/s | Y:    0.33°/s | Z:   -0.81°/s
Sleeping until next timer interrupt...
Sleeping until next timer interrupt...
Sleeping until next timer interrupt...
Sleeping until next timer interrupt...
Sleeping until next timer interrupt...
Sleeping until next timer interrupt...
Sleeping until next timer interrupt...
Sleeping until next timer interrupt...
X:   -0.40°/s | Y:    0.51°/s | Z:   -0.21°/s
Sleeping until next timer interrupt...
Sleeping until next timer interrupt...
Sleeping until next timer interrupt...
Sleeping until next timer interrupt...
Sleeping until next timer interrupt...
Sleeping until next timer interrupt...
Sleeping until next timer interrupt...
Sleeping until next timer interrupt...
X:   -0.70°/s | Y:    0.42°/s | Z:   -0.84°/s
Sleeping until next timer interrupt...
Sleeping until next timer interrupt...
Sleeping until next timer interrupt...
Sleeping until next timer interrupt...
Sleeping until next timer interrupt...
Sleeping until next timer interrupt...
Sleeping until next timer interrupt...
Sleeping until next timer interrupt...
X:   -0.31°/s | Y:    0.16°/s | Z:   -0.70°/s
Sleeping until next timer interrupt...
Sleeping until next timer interrupt...
Sleeping until next timer interrupt...
Sleeping until next timer interrupt...
Sleeping until next timer interrupt...
Sleeping until next timer interrupt...
Sleeping until next timer interrupt...
Sleeping until next timer interrupt...
X:   -0.37°/s | Y:   -0.02°/s | Z:   -0.26°/s
Sleeping until next timer interrupt...
Sleeping until next timer interrupt...
Sleeping until next timer interrupt...
Sleeping until next timer interrupt...
Sleeping until next timer interrupt...
Sleeping until next timer interrupt...
Sleeping until next timer interrupt...
Sleeping until next timer interrupt...
X:   -0.42°/s | Y:    0.25°/s | Z:   -0.33°/s
Sleeping until next timer interrupt...
Sleeping until next timer interrupt...
Sleeping until next timer interrupt...
Sleeping until next timer interrupt...
Sleeping until next timer interrupt...
Sleeping until next timer interrupt...
Sleeping until next timer interrupt...
Sleeping until next timer interrupt...
X:   -0.51°/s | Y:   -0.04°/s | Z:   -0.17°/s
Sleeping until next timer interrupt...
Sleeping until next timer interrupt...
Sleeping until next timer interrupt...
Sleeping until next timer interrupt...
Sleeping until next timer interrupt...
Sleeping until next timer interrupt...
Sleeping until next timer interrupt...
Sleeping until next timer interrupt...
X:   -0.46°/s | Y:    0.25°/s | Z:   -4.43°/s
Sleeping until next timer interrupt...
Sleeping until next timer interrupt...
Sleeping until next timer interrupt...
Sleeping until next timer interrupt...
Sleeping until next timer interrupt...
Sleeping until next timer interrupt...
Sleeping until next timer interrupt...
Sleeping until next timer interrupt...
X:   -0.52°/s | Y:    0.28°/s | Z:   -0.56°/s
Sleeping until next timer interrupt...
Sleeping until next timer interrupt...
Sleeping until next timer interrupt...
Sleeping until next timer interrupt...
Sleeping until next timer interrupt...
Sleeping until next timer interrupt...
Sleeping until next timer interrupt...
Sleeping until next timer interrupt...
X:   -0.74°/s | Y:    0.02°/s | Z:   -0.31°/s
Sleeping until next timer interrupt...
Sleeping until next timer interrupt...
Sleeping until next timer interrupt...
Sleeping until next timer interrupt...
Sleeping until next timer interrupt...
Sleeping until next timer interrupt...
Sleeping until next timer interrupt...
Sleeping until next timer interrupt...
X:   -0.02°/s | Y:   -0.28°/s | Z:   -0.26°/s
Sleeping until next timer interrupt...
Sleeping until next timer interrupt...
Sleeping until next timer interrupt...
Sleeping until next timer interrupt...
Sleeping until next timer interrupt...
Sleeping until next timer interrupt...
Sleeping until next timer interrupt...
Sleeping until next timer interrupt...
X:   -0.63°/s | Y:    0.46°/s | Z:   -0.31°/s
Sleeping until next timer interrupt...
Sleeping until next timer interrupt...
Sleeping until next timer interrupt...
Sleeping until next timer interrupt...
Sleeping until next timer interrupt...
Sleeping until next timer interrupt...
Sleeping until next timer interrupt...
Sleeping until next timer interrupt...
X:    0.04°/s | Y:    0.51°/s | Z:   -0.58°/s
Sleeping until next timer interrupt...
Sleeping until next timer interrupt...
Sleeping until next timer interrupt...
Sleeping until next timer interrupt...
Sleeping until next timer interrupt...
Sleeping until next timer interrupt...
Sleeping until next timer interrupt...
Sleeping until next timer interrupt...
X:   -0.70°/s | Y:    0.00°/s | Z:   -0.70°/s
Sleeping until next timer interrupt...
Sleeping until next timer interrupt...
Sleeping until next timer interrupt...
Sleeping until next timer interrupt...
Sleeping until next timer interrupt...
Sleeping until next timer interrupt...
Sleeping until next timer interrupt...
Sleeping until next timer interrupt...
X:   -0.40°/s | Y:    0.42°/s | Z:   -0.70°/s
Sleeping until next timer interrupt...
Sleeping until next timer interrupt...
Sleeping until next timer interrupt...
Sleeping until next timer interrupt...
Sleeping until next timer interrupt...
Sleeping until next timer interrupt...
Sleeping until next timer interrupt...
Sleeping until next timer interrupt...
X:   -0.68°/s | Y:    0.31°/s | Z:   -0.60°/s
Sleeping until next timer interrupt...
Sleeping until next timer interrupt...
Sleeping until next timer interrupt...
Sleeping until next timer interrupt...
Sleeping until next timer interrupt...
Sleeping until next timer interrupt...
Sleeping until next timer interrupt...
Sleeping until next timer interrupt...
X:   -0.46°/s | Y:    0.04°/s | Z:   -0.44°/s
Sleeping until next timer interrupt...
Sleeping until next timer interrupt...
Sleeping until next timer interrupt...
Sleeping until next timer interrupt...
Sleeping until next timer interrupt...
Sleeping until next timer interrupt...
Sleeping until next timer interrupt...
Sleeping until next timer interrupt...
X:   -0.40°/s | Y:    0.31°/s | Z:   -0.81°/s
Sleeping until next timer interrupt...
Sleeping until next timer interrupt...
Sleeping until next timer interrupt...
Sleeping until next timer interrupt...
Sleeping until next timer interrupt...
Sleeping until next timer interrupt...
Sleeping until next timer interrupt...
Sleeping until next timer interrupt...
X:   -0.88°/s | Y:    0.74°/s | Z:   -0.47°/s
Sleeping until next timer interrupt...
Sleeping until next timer interrupt...
Sleeping until next timer interrupt...
Sleeping until next timer interrupt...
Sleeping until next timer interrupt...
Sleeping until next timer interrupt...
Sleeping until next timer interrupt...
Sleeping until next timer interrupt...
X:   -0.16°/s | Y:    0.30°/s | Z:   -0.16°/s
Sleeping until next timer interrupt...
Sleeping until next timer interrupt...
Sleeping until next timer interrupt...
Sleeping until next timer interrupt...
Sleeping until next timer interrupt...
Sleeping until next timer interrupt...
Sleeping until next timer interrupt...
Sleeping until next timer interrupt...
X:    0.07°/s | Y:   -0.09°/s | Z:   -0.31°/s
Sleeping until next timer interrupt...
Sleeping until next timer interrupt...
Sleeping until next timer interrupt...
Sleeping until next timer interrupt...
Sleeping until next timer interrupt...
Sleeping until next timer interrupt...
Sleeping until next timer interrupt...
Sleeping until next timer interrupt...
X:   -0.44°/s | Y:    4.30°/s | Z:   -1.01°/s
Sleeping until next timer interrupt...
Sleeping until next timer interrupt...
Sleeping until next timer interrupt...
Sleeping until next timer interrupt...
Sleeping until next timer interrupt...
Sleeping until next timer interrupt...
Sleeping until next timer interrupt...
Sleeping until next timer interrupt...
X:   -0.25°/s | Y:    0.26°/s | Z:   -0.51°/s
Sleeping until next timer interrupt...
Sleeping until next timer interrupt...
Sleeping until next timer interrupt...
Sleeping until next timer interrupt...
Sleeping until next timer interrupt...
Sleeping until next timer interrupt...
Sleeping until next timer interrupt...
Sleeping until next timer interrupt...
X:   -0.56°/s | Y:    0.40°/s | Z:   -0.05°/s
Sleeping until next timer interrupt...
Sleeping until next timer interrupt...
Sleeping until next timer interrupt...
Sleeping until next timer interrupt...
Sleeping until next timer interrupt...
Sleeping until next timer interrupt...
Sleeping until next timer interrupt...
Sleeping until next timer interrupt...
X:   -1.66°/s | Y:    1.05°/s | Z:   -0.51°/s
Sleeping until next timer interrupt...
Sleeping until next timer interrupt...
Sleeping until next timer interrupt...
Sleeping until next timer interrupt...
Sleeping until next timer interrupt...
Sleeping until next timer interrupt...
Sleeping until next timer interrupt...
Sleeping until next timer interrupt...
X:   -0.33°/s | Y:    0.00°/s | Z:   -0.89°/s
Sleeping until next timer interrupt...
Sleeping until next timer interrupt...
Sleeping until next timer interrupt...
Sleeping until next timer interrupt...
Sleeping until next timer interrupt...
Sleeping until next timer interrupt...
Sleeping until next timer interrupt...
Sleeping until next timer interrupt...
X:   -1.00°/s | Y:    0.61°/s | Z:   -0.49°/s
Sleeping until next timer interrupt...
Sleeping until next timer interrupt...
Sleeping until next timer interrupt...
Sleeping until next timer interrupt...
Sleeping until next timer interrupt...
Sleeping until next timer interrupt...
Sleeping until next timer interrupt...
Sleeping until next timer interrupt...
X:   -0.42°/s | Y:    0.49°/s | Z:   -1.00°/s
Sleeping until next timer interrupt...
Sleeping until next timer interrupt...
Sleeping until next timer interrupt...
Sleeping until next timer interrupt...
Sleeping until next timer interrupt...
Sleeping until next timer interrupt...
Sleeping until next timer interrupt...
Sleeping until next timer interrupt...
X:   -0.72°/s | Y:    0.26°/s | Z:   -1.35°/s
Sleeping until next timer interrupt...
Sleeping until next timer interrupt...
Sleeping until next timer interrupt...
Sleeping until next timer interrupt...
Sleeping until next timer interrupt...
Sleeping until next timer interrupt...
Sleeping until next timer interrupt...
Sleeping until next timer interrupt...
X:   -0.94°/s | Y:    0.19°/s | Z:   -0.19°/s
Sleeping until next timer interrupt...
Sleeping until next timer interrupt...
Sleeping until next timer interrupt...
Sleeping until next timer interrupt...
Sleeping until next timer interrupt...
Sleeping until next timer interrupt...
Sleeping until next timer interrupt...
Sleeping until next timer interrupt...
X:   -0.28°/s | Y:    0.28°/s | Z:   -0.52°/s
Sleeping until next timer interrupt...
Sleeping until next timer interrupt...
Sleeping until next timer interrupt...
Sleeping until next timer interrupt...
Sleeping until next timer interrupt...
Sleeping until next timer interrupt...
Sleeping until next timer interrupt...
Sleeping until next timer interrupt...
X:    0.05°/s | Y:    0.37°/s | Z:   -1.01°/s
Sleeping until next timer interrupt...
Sleeping until next timer interrupt...
Sleeping until next timer interrupt...
Sleeping until next timer interrupt...
Sleeping until next timer interrupt...
Sleeping until next timer interrupt...
Sleeping until next timer interrupt...
Sleeping until next timer interrupt...
X:   -0.51°/s | Y:    0.07°/s | Z:   -0.52°/s
Sleeping until next timer interrupt...
Sleeping until next timer interrupt...
Sleeping until next timer interrupt...
Sleeping until next timer interrupt...
Sleeping until next timer interrupt...
Sleeping until next timer interrupt...
Sleeping until next timer interrupt...
Sleeping until next timer interrupt...
X:   -0.35°/s | Y:    0.25°/s | Z:   -0.74°/s
Sleeping until next timer interrupt...
Sleeping until next timer interrupt...
Sleeping until next timer interrupt...
Sleeping until next timer interrupt...
Sleeping until next timer interrupt...
Sleeping until next timer interrupt...
Sleeping until next timer interrupt...
Sleeping until next timer interrupt...
X:   -0.46°/s | Y:    0.26°/s | Z:   -0.17°/s
Sleeping until next timer interrupt...
Sleeping until next timer interrupt...
Sleeping until next timer interrupt...
Sleeping until next timer interrupt...
Sleeping until next timer interrupt...
Sleeping until next timer interrupt...
Sleeping until next timer interrupt...
Sleeping until next timer interrupt...
X:   -0.33°/s | Y:    0.23°/s | Z:   -0.58°/s
Sleeping until next timer interrupt...
Sleeping until next timer interrupt...
Sleeping until next timer interrupt...
Sleeping until next timer interrupt...
Sleeping until next timer interrupt...
Sleeping until next timer interrupt...
Sleeping until next timer interrupt...
Sleeping until next timer interrupt...
X:    0.04°/s | Y:    0.47°/s | Z:   -0.14°/s
Sleeping until next timer interrupt...
Sleeping until next timer interrupt...
Sleeping until next timer interrupt...
Sleeping until next timer interrupt...
Sleeping until next timer interrupt...
Sleeping until next timer interrupt...
Sleeping until next timer interrupt...
Sleeping until next timer interrupt...
X:   -0.60°/s | Y:    0.35°/s | Z:   -0.68°/s
Sleeping until next timer interrupt...
Sleeping until next timer interrupt...
Sleeping until next timer interrupt...
Sleeping until next timer interrupt...
Sleeping until next timer interrupt...
Sleeping until next timer interrupt...
Sleeping until next timer interrupt...
Sleeping until next timer interrupt...
X:   -0.38°/s | Y:    0.40°/s | Z:   -0.09°/s
Sleeping until next timer interrupt...
Sleeping until next timer interrupt...
Sleeping until next timer interrupt...
Sleeping until next timer interrupt...
Sleeping until next timer interrupt...
Sleeping until next timer interrupt...
Sleeping until next timer interrupt...
Sleeping until next timer interrupt...
X:   -0.49°/s | Y:    0.54°/s | Z:   -0.46°/s
Sleeping until next timer interrupt...
Sleeping until next timer interrupt...
Sleeping until next timer interrupt...
Sleeping until next timer interrupt...
Sleeping until next timer interrupt...
Sleeping until next timer interrupt...
Sleeping until next timer interrupt...
Sleeping until next timer interrupt...
X:   -0.09°/s | Y:    0.26°/s | Z:   -0.70°/s
Sleeping until next timer interrupt...
Sleeping until next timer interrupt...
Sleeping until next timer interrupt...
Sleeping until next timer interrupt...
Sleeping until next timer interrupt...
Sleeping until next timer interrupt...
Sleeping until next timer interrupt...
Sleeping until next timer interrupt...
X:    0.16°/s | Y:   -0.04°/s | Z:   -0.14°/s
Sleeping until next timer interrupt...
Sleeping until next timer interrupt...
Sleeping until next timer interrupt...
Sleeping until next timer interrupt...
Sleeping until next timer interrupt...
Sleeping until next timer interrupt...
Sleeping until next timer interrupt...
Sleeping until next timer interrupt...
X:   -0.16°/s | Y:    0.44°/s | Z:   -0.93°/s
Sleeping until next timer interrupt...
Sleeping until next timer interrupt...
Sleeping until next timer interrupt...
Sleeping until next timer interrupt...
Sleeping until next timer interrupt...
Sleeping until next timer interrupt...
Sleeping until next timer interrupt...
Sleeping until next timer interrupt...
X:    0.02°/s | Y:    0.44°/s | Z:   -0.49°/s
Sleeping until next timer interrupt...
Sleeping until next timer interrupt...
Sleeping until next timer interrupt...
Sleeping until next timer interrupt...
Sleeping until next timer interrupt...
Sleeping until next timer interrupt...
Sleeping until next timer interrupt...
Sleeping until next timer interrupt...
X:   -0.31°/s | Y:    0.25°/s | Z:   -0.12°/s
Sleeping until next timer interrupt...
Sleeping until next timer interrupt...
Sleeping until next timer interrupt...
Sleeping until next timer interrupt...
Sleeping until next timer interrupt...
Sleeping until next timer interrupt...
Sleeping until next timer interrupt...
Sleeping until next timer interrupt...
X:   -0.60°/s | Y:    0.46°/s | Z:   -0.40°/s
Sleeping until next timer interrupt...
Sleeping until next timer interrupt...
Sleeping until next timer interrupt...
Sleeping until next timer interrupt...
Sleeping until next timer interrupt...
Sleeping until next timer interrupt...
Sleeping until next timer interrupt...
Sleeping until next timer interrupt...
X:   -0.56°/s | Y:    0.35°/s | Z:   -0.82°/s
Sleeping until next timer interrupt...
Sleeping until next timer interrupt...
Sleeping until next timer interrupt...
Sleeping until next timer interrupt...
Sleeping until next timer interrupt...
Sleeping until next timer interrupt...
Sleeping until next timer interrupt...
Sleeping until next timer interrupt...
X:    0.02°/s | Y:    0.10°/s | Z:   -0.58°/s
Sleeping until next timer interrupt...
Sleeping until next timer interrupt...
Sleeping until next timer interrupt...
Sleeping until next timer interrupt...
Sleeping until next timer interrupt...
Sleeping until next timer interrupt...
Sleeping until next timer interrupt...
Sleeping until next timer interrupt...
X:   -1.09°/s | Y:    0.60°/s | Z:    0.26°/s
Sleeping until next timer interrupt...
Sleeping until next timer interrupt...
Sleeping until next timer interrupt...
Sleeping until next timer interrupt...
Sleeping until next timer interrupt...
Sleeping until next timer interrupt...
Sleeping until next timer interrupt...
Sleeping until next timer interrupt...
X:   -0.49°/s | Y:    0.07°/s | Z:   -0.12°/s
Sleeping until next timer interrupt...
Sleeping until next timer interrupt...
Sleeping until next timer interrupt...
Sleeping until next timer interrupt...
Sleeping until next timer interrupt...
Sleeping until next timer interrupt...
Sleeping until next timer interrupt...
Sleeping until next timer interrupt...
X:    4.39°/s | Y:   -0.19°/s | Z:   -0.82°/s
Sleeping until next timer interrupt...
Sleeping until next timer interrupt...
Sleeping until next timer interrupt...
Sleeping until next timer interrupt...
Sleeping until next timer interrupt...
Sleeping until next timer interrupt...
Sleeping until next timer interrupt...
Sleeping until next timer interrupt...
X:   -0.81°/s | Y:    0.07°/s | Z:   -0.46°/s
Sleeping until next timer interrupt...
Sleeping until next timer interrupt...
Sleeping until next timer interrupt...
Sleeping until next timer interrupt...
Sleeping until next timer interrupt...
Sleeping until next timer interrupt...
Sleeping until next timer interrupt...
Sleeping until next timer interrupt...
X:   -0.33°/s | Y:    0.35°/s | Z:   -0.58°/s
Sleeping until next timer interrupt...
Sleeping until next timer interrupt...
Sleeping until next timer interrupt...
Sleeping until next timer interrupt...
Sleeping until next timer interrupt...
Sleeping until next timer interrupt...
Sleeping until next timer interrupt...
Sleeping until next timer interrupt...
X:   -0.52°/s | Y:    0.31°/s | Z:   -0.60°/s
Sleeping until next timer interrupt...
Sleeping until next timer interrupt...
Sleeping until next timer interrupt...
Sleeping until next timer interrupt...
Sleeping until next timer interrupt...
Sleeping until next timer interrupt...
Sleeping until next timer interrupt...
Sleeping until next timer interrupt...
X:   -0.47°/s | Y:    0.79°/s | Z:   -0.28°/s
Sleeping until next timer interrupt...
Sleeping until next timer interrupt...
Sleeping until next timer interrupt...
Sleeping until next timer interrupt...
Sleeping until next timer interrupt...
Sleeping until next timer interrupt...
Sleeping until next timer interrupt...
Sleeping until next timer interrupt...
X:   -0.42°/s | Y:    0.52°/s | Z:   -0.14°/s
Sleeping until next timer interrupt...
Sleeping until next timer interrupt...
Sleeping until next timer interrupt...
Sleeping until next timer interrupt...
Sleeping until next timer interrupt...
Sleeping until next timer interrupt...
Sleeping until next timer interrupt...
Sleeping until next timer interrupt...
X:   -0.89°/s | Y:    0.60°/s | Z:   -0.65°/s
Sleeping until next timer interrupt...
Sleeping until next timer interrupt...
Sleeping until next timer interrupt...
Sleeping until next timer interrupt...
Sleeping until next timer interrupt...
Sleeping until next timer interrupt...
Sleeping until next timer interrupt...
Sleeping until next timer interrupt...
X:   -0.30°/s | Y:    0.70°/s | Z:   -0.46°/s
Sleeping until next timer interrupt...
Sleeping until next timer interrupt...
Sleeping until next timer interrupt...
Sleeping until next timer interrupt...
Sleeping until next timer interrupt...
Sleeping until next timer interrupt...
Sleeping until next timer interrupt...
Sleeping until next timer interrupt...
X:   -0.51°/s | Y:    0.23°/s | Z:   -0.05°/s
Sleeping until next timer interrupt...
Sleeping until next timer interrupt...
Sleeping until next timer interrupt...
Sleeping until next timer interrupt...
Sleeping until next timer interrupt...
Sleeping until next timer interrupt...
Sleeping until next timer interrupt...
Sleeping until next timer interrupt...
X:   -0.49°/s | Y:    0.38°/s | Z:   -0.40°/s
Sleeping until next timer interrupt...
Sleeping until next timer interrupt...
Sleeping until next timer interrupt...
Sleeping until next timer interrupt...
Sleeping until next timer interrupt...
Sleeping until next timer interrupt...
Sleeping until next timer interrupt...
Sleeping until next timer interrupt...
X:   -0.56°/s | Y:    0.52°/s | Z:   -0.65°/s
Sleeping until next timer interrupt...
Sleeping until next timer interrupt...
Sleeping until next timer interrupt...
Sleeping until next timer interrupt...
Sleeping until next timer interrupt...
Sleeping until next timer interrupt...
Sleeping until next timer interrupt...
Sleeping until next timer interrupt...
X:   -0.58°/s | Y:    0.38°/s | Z:   -1.01°/s
Sleeping until next timer interrupt...
Sleeping until next timer interrupt...
Sleeping until next timer interrupt...
Sleeping until next timer interrupt...
Sleeping until next timer interrupt...
Sleeping until next timer interrupt...
Sleeping until next timer interrupt...
Sleeping until next timer interrupt...
X:   -0.49°/s | Y:    0.74°/s | Z:   -0.33°/s
Sleeping until next timer interrupt...
Sleeping until next timer interrupt...
Sleeping until next timer interrupt...
Sleeping until next timer interrupt...
Sleeping until next timer interrupt...
Sleeping until next timer interrupt...
Sleeping until next timer interrupt...
Sleeping until next timer interrupt...
X:   -0.60°/s | Y:    0.33°/s | Z:   -0.72°/s
Sleeping until next timer interrupt...
Sleeping until next timer interrupt...
Sleeping until next timer interrupt...
Sleeping until next timer interrupt...
Sleeping until next timer interrupt...
Sleeping until next timer interrupt...
Sleeping until next timer interrupt...
Sleeping until next timer interrupt...
X:   -0.72°/s | Y:    0.42°/s | Z:   -0.61°/s
Sleeping until next timer interrupt...
Sleeping until next timer interrupt...
Sleeping until next timer interrupt...
Sleeping until next timer interrupt...
Sleeping until next timer interrupt...
Sleeping until next timer interrupt...
Sleeping until next timer interrupt...
Sleeping until next timer interrupt...
X:   -0.65°/s | Y:    0.17°/s | Z:   -0.65°/s
Sleeping until next timer interrupt...
Sleeping until next timer interrupt...
Sleeping until next timer interrupt...
Sleeping until next timer interrupt...
Sleeping until next timer interrupt...
Sleeping until next timer interrupt...
Sleeping until next timer interrupt...
Sleeping until next timer interrupt...
X:   -0.25°/s | Y:    0.28°/s | Z:   -0.58°/s
Sleeping until next timer interrupt...
Sleeping until next timer interrupt...
Sleeping until next timer interrupt...
Sleeping until next timer interrupt...
Sleeping until next timer interrupt...
Sleeping until next timer interrupt...
Sleeping until next timer interrupt...
Sleeping until next timer interrupt...
X:   -0.35°/s | Y:    4.29°/s | Z:   -0.61°/s
Sleeping until next timer interrupt...
Sleeping until next timer interrupt...
Sleeping until next timer interrupt...
Sleeping until next timer interrupt...
Sleeping until next timer interrupt...
Sleeping until next timer interrupt...
Sleeping until next timer interrupt...
Sleeping until next timer interrupt...
X:   -0.49°/s | Y:    0.38°/s | Z:   -0.31°/s
Sleeping until next timer interrupt...
Sleeping until next timer interrupt...
Sleeping until next timer interrupt...
Sleeping until next timer interrupt...
Sleeping until next timer interrupt...
Sleeping until next timer interrupt...
Sleeping until next timer interrupt...
Sleeping until next timer interrupt...
X:   -0.63°/s | Y:    0.19°/s | Z:   -0.61°/s
Sleeping until next timer interrupt...
Sleeping until next timer interrupt...
Sleeping until next timer interrupt...
Sleeping until next timer interrupt...
Sleeping until next timer interrupt...
Sleeping until next timer interrupt...
Sleeping until next timer interrupt...
Sleeping until next timer interrupt...
X:   -0.60°/s | Y:    0.44°/s | Z:   -0.49°/s
Sleeping until next timer interrupt...
Sleeping until next timer interrupt...
Sleeping until next timer interrupt...
Sleeping until next timer interrupt...
Sleeping until next timer interrupt...
Sleeping until next timer interrupt...
Sleeping until next timer interrupt...
Sleeping until next timer interrupt...
X:    0.12°/s | Y:    0.47°/s | Z:   -0.63°/s
Sleeping until next timer interrupt...
Sleeping until next timer interrupt...
Sleeping until next timer interrupt...
Sleeping until next timer interrupt...
Sleeping until next timer interrupt...
Sleeping until next timer interrupt...
Sleeping until next timer interrupt...
Sleeping until next timer interrupt...
X:   -0.31°/s | Y:    0.37°/s | Z:   -0.94°/s
Sleeping until next timer interrupt...
Sleeping until next timer interrupt...
Sleeping until next timer interrupt...
Sleeping until next timer interrupt...
Sleeping until next timer interrupt...
Sleeping until next timer interrupt...
Sleeping until next timer interrupt...
Sleeping until next timer interrupt...
X:   -0.31°/s | Y:    0.23°/s | Z:   -0.52°/s
Sleeping until next timer interrupt...
Sleeping until next timer interrupt...
Sleeping until next timer interrupt...
Sleeping until next timer interrupt...
Sleeping until next timer interrupt...
Sleeping until next timer interrupt...
Sleeping until next timer interrupt...
Sleeping until next timer interrupt...
X:   -0.44°/s | Y:    0.77°/s | Z:    0.00°/s
Sleeping until next timer interrupt...
Sleeping until next timer interrupt...
Sleeping until next timer interrupt...
Sleeping until next timer interrupt...
Sleeping until next timer interrupt...
Sleeping until next timer interrupt...
Sleeping until next timer interrupt...
Sleeping until next timer interrupt...
X:   -0.09°/s | Y:    0.58°/s | Z:   -0.81°/s
Sleeping until next timer interrupt...
Sleeping until next timer interrupt...
Sleeping until next timer interrupt...
Sleeping until next timer interrupt...
Sleeping until next timer interrupt...
Sleeping until next timer interrupt...
Sleeping until next timer interrupt...
Sleeping until next timer interrupt...
X:   -0.26°/s | Y:    0.60°/s | Z:   -1.14°/s
Sleeping until next timer interrupt...
Sleeping until next timer interrupt...
Sleeping until next timer interrupt...
Sleeping until next timer interrupt...
Sleeping until next timer interrupt...
Sleeping until next timer interrupt...
Sleeping until next timer interrupt...
Sleeping until next timer interrupt...
X:   -0.51°/s | Y:    0.33°/s | Z:   -0.60°/s
Sleeping until next timer interrupt...
Sleeping until next timer interrupt...
Sleeping until next timer interrupt...
Sleeping until next timer interrupt...
Sleeping until next timer interrupt...
Sleeping until next timer interrupt...
Sleeping until next timer interrupt...
Sleeping until next timer interrupt...
X:   -0.46°/s | Y:    0.86°/s | Z:   -0.44°/s
Sleeping until next timer interrupt...
Sleeping until next timer interrupt...
Sleeping until next timer interrupt...
Sleeping until next timer interrupt...
Sleeping until next timer interrupt...
Sleeping until next timer interrupt...
Sleeping until next timer interrupt...
Sleeping until next timer interrupt...
X:   -0.40°/s | Y:    0.40°/s | Z:   -1.07°/s
Sleeping until next timer interrupt...
Sleeping until next timer interrupt...
Sleeping until next timer interrupt...
Sleeping until next timer interrupt...
Sleeping until next timer interrupt...
Sleeping until next timer interrupt...
Sleeping until next timer interrupt...
Sleeping until next timer interrupt...
X:   -0.49°/s | Y:    0.21°/s | Z:   -0.86°/s
Sleeping until next timer interrupt...
Sleeping until next timer interrupt...
Sleeping until next timer interrupt...
Sleeping until next timer interrupt...
Sleeping until next timer interrupt...
Sleeping until next timer interrupt...
Sleeping until next timer interrupt...
Sleeping until next timer interrupt...
X:    0.31°/s | Y:    0.30°/s | Z:   -0.19°/s
Sleeping until next timer interrupt...
Sleeping until next timer interrupt...
Sleeping until next timer interrupt...
Sleeping until next timer interrupt...
Sleeping until next timer interrupt...
Sleeping until next timer interrupt...
Sleeping until next timer interrupt...
Sleeping until next timer interrupt...
X:   -0.47°/s | Y:   -4.39°/s | Z:   -0.23°/s
Sleeping until next timer interrupt...
Sleeping until next timer interrupt...
Sleeping until next timer interrupt...
Sleeping until next timer interrupt...
Sleeping until next timer interrupt...
Sleeping until next timer interrupt...
Sleeping until next timer interrupt...
Sleeping until next timer interrupt...
X:   -0.33°/s | Y:    0.17°/s | Z:   -0.46°/s
Sleeping until next timer interrupt...
Sleeping until next timer interrupt...
Sleeping until next timer interrupt...
Sleeping until next timer interrupt...
Sleeping until next timer interrupt...
Sleeping until next timer interrupt...
Sleeping until next timer interrupt...
Sleeping until next timer interrupt...
X:   -0.60°/s | Y:    0.00°/s | Z:   -0.51°/s
Sleeping until next timer interrupt...
Sleeping until next timer interrupt...
Sleeping until next timer interrupt...
Sleeping until next timer interrupt...
Sleeping until next timer interrupt...
Sleeping until next timer interrupt...
Sleeping until next timer interrupt...
Sleeping until next timer interrupt...
X:   -0.84°/s | Y:    0.49°/s | Z:   -0.67°/s
Sleeping until next timer interrupt...
Sleeping until next timer interrupt...
Sleeping until next timer interrupt...
Sleeping until next timer interrupt...
Sleeping until next timer interrupt...
Sleeping until next timer interrupt...
Sleeping until next timer interrupt...
Sleeping until next timer interrupt...
X:   -0.30°/s | Y:    0.30°/s | Z:   -0.91°/s
Sleeping until next timer interrupt...
Sleeping until next timer interrupt...
Sleeping until next timer interrupt...
Sleeping until next timer interrupt...
Sleeping until next timer interrupt...
Sleeping until next timer interrupt...
Sleeping until next timer interrupt...
Sleeping until next timer interrupt...
X:   -0.60°/s | Y:    0.28°/s | Z:    0.07°/s
Sleeping until next timer interrupt...
Sleeping until next timer interrupt...
Sleeping until next timer interrupt...
Sleeping until next timer interrupt...
Sleeping until next timer interrupt...
Sleeping until next timer interrupt...
Sleeping until next timer interrupt...
Sleeping until next timer interrupt...
X:   -0.38°/s | Y:    0.25°/s | Z:   -0.63°/s
Sleeping until next timer interrupt...
Sleeping until next timer interrupt...
Sleeping until next timer interrupt...
Sleeping until next timer interrupt...
Sleeping until next timer interrupt...
Sleeping until next timer interrupt...
Sleeping until next timer interrupt...
Sleeping until next timer interrupt...
X:   -0.89°/s | Y:    0.28°/s | Z:   -0.35°/s
Sleeping until next timer interrupt...
Sleeping until next timer interrupt...
Sleeping until next timer interrupt...
Sleeping until next timer interrupt...
Sleeping until next timer interrupt...
Sleeping until next timer interrupt...
Sleeping until next timer interrupt...
Sleeping until next timer interrupt...
X:   -0.38°/s | Y:    0.47°/s | Z:   -0.72°/s
Sleeping until next timer interrupt...
Sleeping until next timer interrupt...
Sleeping until next timer interrupt...
Sleeping until next timer interrupt...
Sleeping until next timer interrupt...
Sleeping until next timer interrupt...
Sleeping until next timer interrupt...
Sleeping until next timer interrupt...
X:   -0.63°/s | Y:    0.31°/s | Z:   -0.93°/s
Sleeping until next timer interrupt...
Sleeping until next timer interrupt...
Sleeping until next timer interrupt...
Sleeping until next timer interrupt...
Sleeping until next timer interrupt...
Sleeping until next timer interrupt...
Sleeping until next timer interrupt...
Sleeping until next timer interrupt...
X:   -0.28°/s | Y:    0.37°/s | Z:   -0.74°/s
Sleeping until next timer interrupt...
Sleeping until next timer interrupt...
Sleeping until next timer interrupt...
Sleeping until next timer interrupt...
Sleeping until next timer interrupt...
Sleeping until next timer interrupt...
Sleeping until next timer interrupt...
Sleeping until next timer interrupt...
X:   -0.54°/s | Y:    0.31°/s | Z:   -0.33°/s
Sleeping until next timer interrupt...
Sleeping until next timer interrupt...
Sleeping until next timer interrupt...
Sleeping until next timer interrupt...
Sleeping until next timer interrupt...
Sleeping until next timer interrupt...
Sleeping until next timer interrupt...
Sleeping until next timer interrupt...
X:   -0.75°/s | Y:    0.33°/s | Z:   -0.70°/s
Sleeping until next timer interrupt...
Sleeping until next timer interrupt...
Sleeping until next timer interrupt...
Sleeping until next timer interrupt...
Sleeping until next timer interrupt...
Sleeping until next timer interrupt...
Sleeping until next timer interrupt...
Sleeping until next timer interrupt...
X:   -0.35°/s | Y:    0.31°/s | Z:   -0.72°/s
Sleeping until next timer interrupt...
Sleeping until next timer interrupt...
Sleeping until next timer interrupt...
Sleeping until next timer interrupt...
Sleeping until next timer interrupt...
Sleeping until next timer interrupt...
Sleeping until next timer interrupt...
Sleeping until next timer interrupt...
X:   -0.94°/s | Y:    0.33°/s | Z:   -0.56°/s
Sleeping until next timer interrupt...
Sleeping until next timer interrupt...
Sleeping until next timer interrupt...
Sleeping until next timer interrupt...
Sleeping until next timer interrupt...
Sleeping until next timer interrupt...
Sleeping until next timer interrupt...
Sleeping until next timer interrupt...
X:    0.38°/s | Y:    0.02°/s | Z:   -0.56°/s
Sleeping until next timer interrupt...
Sleeping until next timer interrupt...
Sleeping until next timer interrupt...
Sleeping until next timer interrupt...
Sleeping until next timer interrupt...
Sleeping until next timer interrupt...
Sleeping until next timer interrupt...
Sleeping until next timer interrupt...
X:   -0.23°/s | Y:    0.38°/s | Z:   -0.17°/s
Sleeping until next timer interrupt...
Sleeping until next timer interrupt...
Sleeping until next timer interrupt...
Sleeping until next timer interrupt...
Sleeping until next timer interrupt...
Sleeping until next timer interrupt...
Sleeping until next timer interrupt...
Sleeping until next timer interrupt...
X:   -0.49°/s | Y:    0.49°/s | Z:   -0.10°/s
Sleeping until next timer interrupt...
Sleeping until next timer interrupt...
Sleeping until next timer interrupt...
Sleeping until next timer interrupt...
Sleeping until next timer interrupt...
Sleeping until next timer interrupt...
Sleeping until next timer interrupt...
Sleeping until next timer interrupt...
X:   -0.46°/s | Y:    0.09°/s | Z:   -0.75°/s
Sleeping until next timer interrupt...
Sleeping until next timer interrupt...
Sleeping until next timer interrupt...
Sleeping until next timer interrupt...
Sleeping until next timer interrupt...
Sleeping until next timer interrupt...
Sleeping until next timer interrupt...
Sleeping until next timer interrupt...
X:   -0.23°/s | Y:    0.40°/s | Z:   -0.65°/s
Sleeping until next timer interrupt...
Sleeping until next timer interrupt...
Sleeping until next timer interrupt...
Sleeping until next timer interrupt...
Sleeping until next timer interrupt...
Sleeping until next timer interrupt...
Sleeping until next timer interrupt...
Sleeping until next timer interrupt...
X:   -0.65°/s | Y:    0.17°/s | Z:   -0.30°/s
Sleeping until next timer interrupt...
Sleeping until next timer interrupt...
Sleeping until next timer interrupt...
Sleeping until next timer interrupt...
Sleeping until next timer interrupt...
Sleeping until next timer interrupt...
Sleeping until next timer interrupt...
Sleeping until next timer interrupt...
X:   -0.17°/s | Y:    0.17°/s | Z:   -0.49°/s
Sleeping until next timer interrupt...
Sleeping until next timer interrupt...
Sleeping until next timer interrupt...
Sleeping until next timer interrupt...
Sleeping until next timer interrupt...
Sleeping until next timer interrupt...
Sleeping until next timer interrupt...
Sleeping until next timer interrupt...
X:   -0.88°/s | Y:    0.17°/s | Z:   -0.23°/s
Sleeping until next timer interrupt...
Sleeping until next timer interrupt...
Sleeping until next timer interrupt...
Sleeping until next timer interrupt...
Sleeping until next timer interrupt...
Sleeping until next timer interrupt...
Sleeping until next timer interrupt...
Sleeping until next timer interrupt...
X:   -0.38°/s | Y:    0.37°/s | Z:   -0.94°/s
Sleeping until next timer interrupt...
Sleeping until next timer interrupt...
Sleeping until next timer interrupt...
Sleeping until next timer interrupt...
Sleeping until next timer interrupt...
Sleeping until next timer interrupt...
Sleeping until next timer interrupt...
Sleeping until next timer interrupt...
X:   -0.12°/s | Y:   -0.09°/s | Z:   -0.82°/s
Sleeping until next timer interrupt...
Sleeping until next timer interrupt...
Sleeping until next timer interrupt...
Sleeping until next timer interrupt...
Sleeping until next timer interrupt...
Sleeping until next timer interrupt...
Sleeping until next timer interrupt...
Sleeping until next timer interrupt...
X:   -0.52°/s | Y:    0.25°/s | Z:   -0.42°/s
Sleeping until next timer interrupt...
Sleeping until next timer interrupt...
Sleeping until next timer interrupt...
Sleeping until next timer interrupt...
Sleeping until next timer interrupt...
Sleeping until next timer interrupt...
Sleeping until next timer interrupt...
Sleeping until next timer interrupt...
X:   -0.58°/s | Y:   -0.05°/s | Z:   -0.51°/s
Sleeping until next timer interrupt...
Sleeping until next timer interrupt...
Sleeping until next timer interrupt...
Sleeping until next timer interrupt...
Sleeping until next timer interrupt...
Sleeping until next timer interrupt...
Sleeping until next timer interrupt...
Sleeping until next timer interrupt...
X:    0.84°/s | Y:   -0.81°/s | Z:   -0.46°/s
Sleeping until next timer interrupt...
Sleeping until next timer interrupt...
Sleeping until next timer interrupt...
Sleeping until next timer interrupt...
Sleeping until next timer interrupt...
Sleeping until next timer interrupt...
Sleeping until next timer interrupt...
Sleeping until next timer interrupt...
X:   -0.35°/s | Y:    0.07°/s | Z:   -0.30°/s
Sleeping until next timer interrupt...
Sleeping until next timer interrupt...
Sleeping until next timer interrupt...
Sleeping until next timer interrupt...
Sleeping until next timer interrupt...
Sleeping until next timer interrupt...
Sleeping until next timer interrupt...
Sleeping until next timer interrupt...
X:   -0.33°/s | Y:    0.21°/s | Z:   -0.35°/s
Sleeping until next timer interrupt...
Sleeping until next timer interrupt...
Sleeping until next timer interrupt...
Sleeping until next timer interrupt...
Sleeping until next timer interrupt...
Sleeping until next timer interrupt...
Sleeping until next timer interrupt...
Sleeping until next timer interrupt...
X:   -0.51°/s | Y:    0.26°/s | Z:   -0.68°/s
Sleeping until next timer interrupt...
Sleeping until next timer interrupt...
Sleeping until next timer interrupt...
Sleeping until next timer interrupt...
Sleeping until next timer interrupt...
Sleeping until next timer interrupt...
Sleeping until next timer interrupt...
Sleeping until next timer interrupt...
X:   -0.28°/s | Y:    0.31°/s | Z:   -0.14°/s
Sleeping until next timer interrupt...
Sleeping until next timer interrupt...
Sleeping until next timer interrupt...
Sleeping until next timer interrupt...
Sleeping until next timer interrupt...
Sleeping until next timer interrupt...
Sleeping until next timer interrupt...
Sleeping until next timer interrupt...
X:   -0.33°/s | Y:    0.30°/s | Z:   -0.25°/s
Sleeping until next timer interrupt...
Sleeping until next timer interrupt...
Sleeping until next timer interrupt...
Sleeping until next timer interrupt...
Sleeping until next timer interrupt...
Sleeping until next timer interrupt...
Sleeping until next timer interrupt...
Sleeping until next timer interrupt...
X:   -0.61°/s | Y:    0.35°/s | Z:   -0.49°/s
Sleeping until next timer interrupt...
Sleeping until next timer interrupt...
Sleeping until next timer interrupt...
Sleeping until next timer interrupt...
Sleeping until next timer interrupt...
Sleeping until next timer interrupt...
Sleeping until next timer interrupt...
Sleeping until next timer interrupt...
X:   -0.09°/s | Y:    0.12°/s | Z:   -0.79°/s
Sleeping until next timer interrupt...
Sleeping until next timer interrupt...
Sleeping until next timer interrupt...
Sleeping until next timer interrupt...
Sleeping until next timer interrupt...
Sleeping until next timer interrupt...
Sleeping until next timer interrupt...
Sleeping until next timer interrupt...
X:   -0.40°/s | Y:    0.35°/s | Z:   -1.00°/s
Sleeping until next timer interrupt...
Sleeping until next timer interrupt...
Sleeping until next timer interrupt...
Sleeping until next timer interrupt...
Sleeping until next timer interrupt...
Sleeping until next timer interrupt...
Sleeping until next timer interrupt...
Sleeping until next timer interrupt...
X:   -0.46°/s | Y:    0.10°/s | Z:   -0.88°/s
Sleeping until next timer interrupt...
Sleeping until next timer interrupt...
Sleeping until next timer interrupt...
Sleeping until next timer interrupt...
Sleeping until next timer interrupt...
Sleeping until next timer interrupt...
Sleeping until next timer interrupt...
Sleeping until next timer interrupt...
X:   -0.61°/s | Y:    0.42°/s | Z:    0.56°/s
Sleeping until next timer interrupt...
Sleeping until next timer interrupt...
Sleeping until next timer interrupt...
Sleeping until next timer interrupt...
Sleeping until next timer interrupt...
Sleeping until next timer interrupt...
Sleeping until next timer interrupt...
Sleeping until next timer interrupt...
X:   -0.98°/s | Y:    0.44°/s | Z:   -0.60°/s
Sleeping until next timer interrupt...
Sleeping until next timer interrupt...
Sleeping until next timer interrupt...
Sleeping until next timer interrupt...
Sleeping until next timer interrupt...
Sleeping until next timer interrupt...
Sleeping until next timer interrupt...
Sleeping until next timer interrupt...
X:   -0.04°/s | Y:   -0.09°/s | Z:   -0.25°/s
Sleeping until next timer interrupt...
Sleeping until next timer interrupt...
Sleeping until next timer interrupt...
Sleeping until next timer interrupt...
Sleeping until next timer interrupt...
Sleeping until next timer interrupt...
Sleeping until next timer interrupt...
Sleeping until next timer interrupt...
X:   -0.37°/s | Y:    0.46°/s | Z:   -0.67°/s
Sleeping until next timer interrupt...
Sleeping until next timer interrupt...
Sleeping until next timer interrupt...
Sleeping until next timer interrupt...
Sleeping until next timer interrupt...
Sleeping until next timer interrupt...
Sleeping until next timer interrupt...
Sleeping until next timer interrupt...
X:   -0.52°/s | Y:    0.35°/s | Z:   -0.54°/s
Sleeping until next timer interrupt...
Sleeping until next timer interrupt...
Sleeping until next timer interrupt...
Sleeping until next timer interrupt...
Sleeping until next timer interrupt...
Sleeping until next timer interrupt...
Sleeping until next timer interrupt...
Sleeping until next timer interrupt...
X:   -0.40°/s | Y:    0.30°/s | Z:   -0.60°/s
Sleeping until next timer interrupt...
Sleeping until next timer interrupt...
Sleeping until next timer interrupt...
Sleeping until next timer interrupt...
Sleeping until next timer interrupt...
Sleeping until next timer interrupt...
Sleeping until next timer interrupt...
Sleeping until next timer interrupt...
X:   -0.33°/s | Y:    0.23°/s | Z:   -0.58°/s
Sleeping until next timer interrupt...
Sleeping until next timer interrupt...
Sleeping until next timer interrupt...
Sleeping until next timer interrupt...
Sleeping until next timer interrupt...
Sleeping until next timer interrupt...
Sleeping until next timer interrupt...
Sleeping until next timer interrupt...
X:   -0.10°/s | Y:    0.17°/s | Z:   -0.52°/s
Sleeping until next timer interrupt...
Sleeping until next timer interrupt...
Sleeping until next timer interrupt...
Sleeping until next timer interrupt...
Sleeping until next timer interrupt...
Sleeping until next timer interrupt...
Sleeping until next timer interrupt...
Sleeping until next timer interrupt...
X:   -0.40°/s | Y:    0.67°/s | Z:   -1.03°/s
Sleeping until next timer interrupt...
Sleeping until next timer interrupt...
Sleeping until next timer interrupt...
Sleeping until next timer interrupt...
Sleeping until next timer interrupt...
Sleeping until next timer interrupt...
Sleeping until next timer interrupt...
Sleeping until next timer interrupt...
X:    0.00°/s | Y:    0.25°/s | Z:   -0.68°/s
Sleeping until next timer interrupt...
Sleeping until next timer interrupt...
Sleeping until next timer interrupt...
Sleeping until next timer interrupt...
Sleeping until next timer interrupt...
Sleeping until next timer interrupt...
Sleeping until next timer interrupt...
Sleeping until next timer interrupt...
X:   -0.42°/s | Y:    0.47°/s | Z:   -0.81°/s
Sleeping until next timer interrupt...
Sleeping until next timer interrupt...
Sleeping until next timer interrupt...
Sleeping until next timer interrupt...
Sleeping until next timer interrupt...
Sleeping until next timer interrupt...
Sleeping until next timer interrupt...
Sleeping until next timer interrupt...
X:   -0.82°/s | Y:    0.58°/s | Z:   -0.07°/s
Sleeping until next timer interrupt...
Sleeping until next timer interrupt...
Sleeping until next timer interrupt...
Sleeping until next timer interrupt...
Sleeping until next timer interrupt...
Sleeping until next timer interrupt...
Sleeping until next timer interrupt...
Sleeping until next timer interrupt...
X:   -0.31°/s | Y:    0.70°/s | Z:   -0.35°/s
Sleeping until next timer interrupt...
Sleeping until next timer interrupt...
Sleeping until next timer interrupt...
Sleeping until next timer interrupt...
Sleeping until next timer interrupt...
Sleeping until next timer interrupt...
Sleeping until next timer interrupt...
Sleeping until next timer interrupt...
X:   -0.72°/s | Y:    0.72°/s | Z:   -0.60°/s
Sleeping until next timer interrupt...
Sleeping until next timer interrupt...
Sleeping until next timer interrupt...
Sleeping until next timer interrupt...
Sleeping until next timer interrupt...
Sleeping until next timer interrupt...
Sleeping until next timer interrupt...
Sleeping until next timer interrupt...
X:   -0.42°/s | Y:    0.49°/s | Z:   -0.58°/s
Sleeping until next timer interrupt...
Sleeping until next timer interrupt...
Sleeping until next timer interrupt...
Sleeping until next timer interrupt...
Sleeping until next timer interrupt...
Sleeping until next timer interrupt...
Sleeping until next timer interrupt...
Sleeping until next timer interrupt...
X:   -0.04°/s | Y:   -0.14°/s | Z:   -0.79°/s
Sleeping until next timer interrupt...
Sleeping until next timer interrupt...
Sleeping until next timer interrupt...
Sleeping until next timer interrupt...
Sleeping until next timer interrupt...
Sleeping until next timer interrupt...
Sleeping until next timer interrupt...
Sleeping until next timer interrupt...
X:   -0.51°/s | Y:    0.21°/s | Z:   -0.28°/s
Sleeping until next timer interrupt...
Sleeping until next timer interrupt...
Sleeping until next timer interrupt...
Sleeping until next timer interrupt...
Sleeping until next timer interrupt...
Sleeping until next timer interrupt...
Sleeping until next timer interrupt...
Sleeping until next timer interrupt...
X:   -0.46°/s | Y:    0.07°/s | Z:   -0.52°/s
Sleeping until next timer interrupt...
Sleeping until next timer interrupt...
Sleeping until next timer interrupt...
Sleeping until next timer interrupt...
Sleeping until next timer interrupt...
Sleeping until next timer interrupt...
Sleeping until next timer interrupt...
Sleeping until next timer interrupt...
X:   -0.52°/s | Y:    0.30°/s | Z:   -0.74°/s
Sleeping until next timer interrupt...
Sleeping until next timer interrupt...
Sleeping until next timer interrupt...
Sleeping until next timer interrupt...
Sleeping until next timer interrupt...
Sleeping until next timer interrupt...
Sleeping until next timer interrupt...
Sleeping until next timer interrupt...
X:   -0.70°/s | Y:    0.42°/s | Z:   -0.58°/s
Sleeping until next timer interrupt...
Sleeping until next timer interrupt...
Sleeping until next timer interrupt...
Sleeping until next timer interrupt...
Sleeping until next timer interrupt...
Sleeping until next timer interrupt...
Sleeping until next timer interrupt...
Sleeping until next timer interrupt...
X:   -0.25°/s | Y:    0.25°/s | Z:   -0.46°/s
Sleeping until next timer interrupt...
Sleeping until next timer interrupt...
Sleeping until next timer interrupt...
Sleeping until next timer interrupt...
Sleeping until next timer interrupt...
Sleeping until next timer interrupt...
Sleeping until next timer interrupt...
Sleeping until next timer interrupt...
X:    0.04°/s | Y:    0.09°/s | Z:   -1.15°/s
Sleeping until next timer interrupt...
Sleeping until next timer interrupt...
Sleeping until next timer interrupt...
Sleeping until next timer interrupt...
Sleeping until next timer interrupt...
Sleeping until next timer interrupt...
Sleeping until next timer interrupt...
Sleeping until next timer interrupt...
X:   -0.77°/s | Y:    0.26°/s | Z:   -0.47°/s
Sleeping until next timer interrupt...
Sleeping until next timer interrupt...
Sleeping until next timer interrupt...
Sleeping until next timer interrupt...
Sleeping until next timer interrupt...
Sleeping until next timer interrupt...
Sleeping until next timer interrupt...
Sleeping until next timer interrupt...
X:   -0.79°/s | Y:    0.26°/s | Z:   -0.47°/s
Sleeping until next timer interrupt...
Sleeping until next timer interrupt...
Sleeping until next timer interrupt...
Sleeping until next timer interrupt...
Sleeping until next timer interrupt...
Sleeping until next timer interrupt...
Sleeping until next timer interrupt...
Sleeping until next timer interrupt...
X:   -0.47°/s | Y:    0.42°/s | Z:   -0.21°/s
Sleeping until next timer interrupt...
Sleeping until next timer interrupt...
Sleeping until next timer interrupt...
Sleeping until next timer interrupt...
Sleeping until next timer interrupt...
Sleeping until next timer interrupt...
Sleeping until next timer interrupt...
Sleeping until next timer interrupt...
X:   -0.54°/s | Y:    0.46°/s | Z:   -0.74°/s
Sleeping until next timer interrupt...
Sleeping until next timer interrupt...
Sleeping until next timer interrupt...
Sleeping until next timer interrupt...
Sleeping until next timer interrupt...
Sleeping until next timer interrupt...
Sleeping until next timer interrupt...
Sleeping until next timer interrupt...
X:   -0.49°/s | Y:    0.21°/s | Z:   -0.88°/s
Sleeping until next timer interrupt...
Sleeping until next timer interrupt...
Sleeping until next timer interrupt...
Sleeping until next timer interrupt...
Sleeping until next timer interrupt...
Sleeping until next timer interrupt...
Sleeping until next timer interrupt...
Sleeping until next timer interrupt...
X:   -0.21°/s | Y:    0.49°/s | Z:   -0.91°/s
Sleeping until next timer interrupt...
Sleeping until next timer interrupt...
Sleeping until next timer interrupt...
Sleeping until next timer interrupt...
Sleeping until next timer interrupt...
Sleeping until next timer interrupt...
Sleeping until next timer interrupt...
Sleeping until next timer interrupt...
X:   -0.82°/s | Y:    0.25°/s | Z:   -0.67°/s
Sleeping until next timer interrupt...
Sleeping until next timer interrupt...
Sleeping until next timer interrupt...
Sleeping until next timer interrupt...
Sleeping until next timer interrupt...
Sleeping until next timer interrupt...
Sleeping until next timer interrupt...
Sleeping until next timer interrupt...
X:   -0.58°/s | Y:    0.14°/s | Z:   -0.42°/s
Sleeping until next timer interrupt...
Sleeping until next timer interrupt...
Sleeping until next timer interrupt...
Sleeping until next timer interrupt...
Sleeping until next timer interrupt...
Sleeping until next timer interrupt...
Sleeping until next timer interrupt...
Sleeping until next timer interrupt...
X:   -0.31°/s | Y:    0.23°/s | Z:   -1.17°/s
Sleeping until next timer interrupt...
Sleeping until next timer interrupt...
Sleeping until next timer interrupt...
Sleeping until next timer interrupt...
Sleeping until next timer interrupt...
Sleeping until next timer interrupt...
Sleeping until next timer interrupt...
Sleeping until next timer interrupt...
X:   -0.17°/s | Y:    0.23°/s | Z:   -0.88°/s
Sleeping until next timer interrupt...
Sleeping until next timer interrupt...
Sleeping until next timer interrupt...
Sleeping until next timer interrupt...
Sleeping until next timer interrupt...
Sleeping until next timer interrupt...
Sleeping until next timer interrupt...
Sleeping until next timer interrupt...
X:   -0.67°/s | Y:    0.42°/s | Z:   -0.38°/s
Sleeping until next timer interrupt...
Sleeping until next timer interrupt...
Sleeping until next timer interrupt...
Sleeping until next timer interrupt...
Sleeping until next timer interrupt...
Sleeping until next timer interrupt...
Sleeping until next timer interrupt...
Sleeping until next timer interrupt...
X:   -0.67°/s | Y:    0.35°/s | Z:   -0.04°/s
Sleeping until next timer interrupt...
Sleeping until next timer interrupt...
Sleeping until next timer interrupt...
Sleeping until next timer interrupt...
Sleeping until next timer interrupt...
Sleeping until next timer interrupt...
Sleeping until next timer interrupt...
Sleeping until next timer interrupt...
X:   -0.38°/s | Y:    0.51°/s | Z:   -0.52°/s
Sleeping until next timer interrupt...
Sleeping until next timer interrupt...
Sleeping until next timer interrupt...
Sleeping until next timer interrupt...
Sleeping until next timer interrupt...
Sleeping until next timer interrupt...
Sleeping until next timer interrupt...
Sleeping until next timer interrupt...
X:   -0.12°/s | Y:    0.40°/s | Z:   -1.01°/s
Sleeping until next timer interrupt...
Sleeping until next timer interrupt...
Sleeping until next timer interrupt...
Sleeping until next timer interrupt...
Sleeping until next timer interrupt...
Sleeping until next timer interrupt...
Sleeping until next timer interrupt...
Sleeping until next timer interrupt...
X:   -0.89°/s | Y:    0.56°/s | Z:   -0.56°/s
Sleeping until next timer interrupt...
Sleeping until next timer interrupt...
Sleeping until next timer interrupt...
Sleeping until next timer interrupt...
Sleeping until next timer interrupt...
Sleeping until next timer interrupt...
Sleeping until next timer interrupt...
Sleeping until next timer interrupt...
X:   -1.38°/s | Y:    0.00°/s | Z:   -0.70°/s
Sleeping until next timer interrupt...
Sleeping until next timer interrupt...
Sleeping until next timer interrupt...
Sleeping until next timer interrupt...
Sleeping until next timer interrupt...
Sleeping until next timer interrupt...
Sleeping until next timer interrupt...
Sleeping until next timer interrupt...
X:   -0.61°/s | Y:    0.21°/s | Z:   -0.16°/s
Sleeping until next timer interrupt...
Sleeping until next timer interrupt...
Sleeping until next timer interrupt...
Sleeping until next timer interrupt...
Sleeping until next timer interrupt...
Sleeping until next timer interrupt...
Sleeping until next timer interrupt...
Sleeping until next timer interrupt...
X:   -0.19°/s | Y:    0.23°/s | Z:   -0.86°/s
Sleeping until next timer interrupt...
Sleeping until next timer interrupt...
Sleeping until next timer interrupt...
Sleeping until next timer interrupt...
Sleeping until next timer interrupt...
Sleeping until next timer interrupt...
Sleeping until next timer interrupt...
Sleeping until next timer interrupt...
X:   -0.54°/s | Y:    0.00°/s | Z:   -0.56°/s
Sleeping until next timer interrupt...
Sleeping until next timer interrupt...
Sleeping until next timer interrupt...
Sleeping until next timer interrupt...
Sleeping until next timer interrupt...
Sleeping until next timer interrupt...
Sleeping until next timer interrupt...
Sleeping until next timer interrupt...
X:   -0.26°/s | Y:    0.25°/s | Z:   -0.42°/s
Sleeping until next timer interrupt...
Sleeping until next timer interrupt...
Sleeping until next timer interrupt...
Sleeping until next timer interrupt...
Sleeping until next timer interrupt...
Sleeping until next timer interrupt...
Sleeping until next timer interrupt...
Sleeping until next timer interrupt...
X:   -0.31°/s | Y:    0.52°/s | Z:   -0.72°/s
Sleeping until next timer interrupt...
Sleeping until next timer interrupt...
Sleeping until next timer interrupt...
Sleeping until next timer interrupt...
Sleeping until next timer interrupt...
Sleeping until next timer interrupt...
Sleeping until next timer interrupt...
Sleeping until next timer interrupt...
X:   -0.17°/s | Y:    0.35°/s | Z:   -0.65°/s
Sleeping until next timer interrupt...
Sleeping until next timer interrupt...
Sleeping until next timer interrupt...
Sleeping until next timer interrupt...
Sleeping until next timer interrupt...
Sleeping until next timer interrupt...
Sleeping until next timer interrupt...
Sleeping until next timer interrupt...
X:    0.05°/s | Y:    0.51°/s | Z:   -0.86°/s
Sleeping until next timer interrupt...
Sleeping until next timer interrupt...
Sleeping until next timer interrupt...
Sleeping until next timer interrupt...
Sleeping until next timer interrupt...
Sleeping until next timer interrupt...
Sleeping until next timer interrupt...
Sleeping until next timer interrupt...
X:   -0.14°/s | Y:    0.52°/s | Z:   -0.98°/s
Sleeping until next timer interrupt...
Sleeping until next timer interrupt...
Sleeping until next timer interrupt...
Sleeping until next timer interrupt...
Sleeping until next timer interrupt...
Sleeping until next timer interrupt...
Sleeping until next timer interrupt...
Sleeping until next timer interrupt...
X:   -0.47°/s | Y:    0.35°/s | Z:   -0.72°/s
Sleeping until next timer interrupt...
Sleeping until next timer interrupt...
Sleeping until next timer interrupt...
Sleeping until next timer interrupt...
Sleeping until next timer interrupt...
Sleeping until next timer interrupt...
Sleeping until next timer interrupt...
Sleeping until next timer interrupt...
X:   -0.14°/s | Y:    0.25°/s | Z:   -0.58°/s
Sleeping until next timer interrupt...
Sleeping until next timer interrupt...
Sleeping until next timer interrupt...
Sleeping until next timer interrupt...
Sleeping until next timer interrupt...
Sleeping until next timer interrupt...
Sleeping until next timer interrupt...
Sleeping until next timer interrupt...
X:   -0.05°/s | Y:    0.21°/s | Z:   -0.61°/s
Sleeping until next timer interrupt...
Sleeping until next timer interrupt...
Sleeping until next timer interrupt...
Sleeping until next timer interrupt...
Sleeping until next timer interrupt...
Sleeping until next timer interrupt...
Sleeping until next timer interrupt...
Sleeping until next timer interrupt...
X:   -0.46°/s | Y:    0.17°/s | Z:   -0.35°/s
Sleeping until next timer interrupt...
Sleeping until next timer interrupt...
Sleeping until next timer interrupt...
Sleeping until next timer interrupt...
Sleeping until next timer interrupt...
Sleeping until next timer interrupt...
Sleeping until next timer interrupt...
Sleeping until next timer interrupt...
X:    0.07°/s | Y:    0.21°/s | Z:   -0.79°/s
Sleeping until next timer interrupt...
Sleeping until next timer interrupt...
Sleeping until next timer interrupt...
Sleeping until next timer interrupt...
Sleeping until next timer interrupt...
Sleeping until next timer interrupt...
Sleeping until next timer interrupt...
Sleeping until next timer interrupt...
X:   -0.31°/s | Y:    0.72°/s | Z:   -0.17°/s
Sleeping until next timer interrupt...
Sleeping until next timer interrupt...
Sleeping until next timer interrupt...
Sleeping until next timer interrupt...
Sleeping until next timer interrupt...
Sleeping until next timer interrupt...
Sleeping until next timer interrupt...
Sleeping until next timer interrupt...
X:   -0.30°/s | Y:   -0.07°/s | Z:   -0.68°/s
Sleeping until next timer interrupt...
Sleeping until next timer interrupt...
Sleeping until next timer interrupt...
Sleeping until next timer interrupt...
Sleeping until next timer interrupt...
Sleeping until next timer interrupt...

📊 Interrupt Stats (every 1000 loops / ~2.5s):
  Avg Cycles/Loop: 180000
  Loop Time: 2500.000μs
  Anomalies: 2
  CPU Usage: 0.10%
──────────────────────────────────────
Sleeping until next timer interrupt...
Sleeping until next timer interrupt...
X:    0.02°/s | Y:    0.05°/s | Z:   -0.54°/s
Sleeping until next timer interrupt...
Sleeping until next timer interrupt...
Sleeping until next timer interrupt...
Sleeping until next timer interrupt...
Sleeping until next timer interrupt...
Sleeping until next timer interrupt...
Sleeping until next timer interrupt...
Sleeping until next timer interrupt...
X:    3.99°/s | Y:    0.58°/s | Z:   -0.58°/s
Sleeping until next timer interrupt...
Sleeping until next timer interrupt...
Sleeping until next timer interrupt...
Sleeping until next timer interrupt...
Sleeping until next timer interrupt...
Sleeping until next timer interrupt...
Sleeping until next timer interrupt...
Sleeping until next timer interrupt...
X:   -0.26°/s | Y:    0.38°/s | Z:   -0.75°/s
Sleeping until next timer interrupt...
Sleeping until next timer interrupt...
Sleeping until next timer interrupt...
Sleeping until next timer interrupt...
Sleeping until next timer interrupt...
Sleeping until next timer interrupt...
Sleeping until next timer interrupt...
Sleeping until next timer interrupt...
X:   -0.70°/s | Y:    0.14°/s | Z:   -0.09°/s
Sleeping until next timer interrupt...
Sleeping until next timer interrupt...
Sleeping until next timer interrupt...
Sleeping until next timer interrupt...
Sleeping until next timer interrupt...
Sleeping until next timer interrupt...
Sleeping until next timer interrupt...
Sleeping until next timer interrupt...
X:   -0.75°/s | Y:    0.25°/s | Z:   -0.42°/s
Sleeping until next timer interrupt...
Sleeping until next timer interrupt...
Sleeping until next timer interrupt...
Sleeping until next timer interrupt...
Sleeping until next timer interrupt...
Sleeping until next timer interrupt...
Sleeping until next timer interrupt...
Sleeping until next timer interrupt...
X:   -0.54°/s | Y:    0.65°/s | Z:   -0.42°/s
Sleeping until next timer interrupt...
Sleeping until next timer interrupt...
Sleeping until next timer interrupt...
Sleeping until next timer interrupt...
Sleeping until next timer interrupt...
Sleeping until next timer interrupt...
Sleeping until next timer interrupt...
Sleeping until next timer interrupt...
X:   -0.31°/s | Y:    0.28°/s | Z:   -1.09°/s
Sleeping until next timer interrupt...
Sleeping until next timer interrupt...
Sleeping until next timer interrupt...
Sleeping until next timer interrupt...
Sleeping until next timer interrupt...
Sleeping until next timer interrupt...
Sleeping until next timer interrupt...
Sleeping until next timer interrupt...
X:   -0.70°/s | Y:    0.72°/s | Z:   -0.61°/s
Sleeping until next timer interrupt...
Sleeping until next timer interrupt...
Sleeping until next timer interrupt...
Sleeping until next timer interrupt...
Sleeping until next timer interrupt...
Sleeping until next timer interrupt...
Sleeping until next timer interrupt...
Sleeping until next timer interrupt...
X:   -1.68°/s | Y:    1.73°/s | Z:   -0.35°/s
Sleeping until next timer interrupt...
Sleeping until next timer interrupt...
Sleeping until next timer interrupt...
Sleeping until next timer interrupt...
Sleeping until next timer interrupt...
Sleeping until next timer interrupt...
Sleeping until next timer interrupt...
Sleeping until next timer interrupt...
X:    0.05°/s | Y:    0.56°/s | Z:   -0.56°/s
Sleeping until next timer interrupt...
Sleeping until next timer interrupt...
Sleeping until next timer interrupt...
Sleeping until next timer interrupt...
Sleeping until next timer interrupt...
Sleeping until next timer interrupt...
Sleeping until next timer interrupt...
Sleeping until next timer interrupt...
X:   -0.21°/s | Y:    0.40°/s | Z:   -0.75°/s
Sleeping until next timer interrupt...
Sleeping until next timer interrupt...
Sleeping until next timer interrupt...
Sleeping until next timer interrupt...
Sleeping until next timer interrupt...
Sleeping until next timer interrupt...
Sleeping until next timer interrupt...
Sleeping until next timer interrupt...
X:   -0.35°/s | Y:   -0.21°/s | Z:   -0.47°/s
Sleeping until next timer interrupt...
Sleeping until next timer interrupt...
Sleeping until next timer interrupt...
Sleeping until next timer interrupt...
Sleeping until next timer interrupt...
Sleeping until next timer interrupt...
Sleeping until next timer interrupt...
Sleeping until next timer interrupt...
X:   -0.52°/s | Y:    0.33°/s | Z:   -0.74°/s
Sleeping until next timer interrupt...
Sleeping until next timer interrupt...
Sleeping until next timer interrupt...
Sleeping until next timer interrupt...
Sleeping until next timer interrupt...
Sleeping until next timer interrupt...
Sleeping until next timer interrupt...
Sleeping until next timer interrupt...
X:   -0.23°/s | Y:    0.52°/s | Z:   -0.46°/s
Sleeping until next timer interrupt...
Sleeping until next timer interrupt...
Sleeping until next timer interrupt...
Sleeping until next timer interrupt...
Sleeping until next timer interrupt...
Sleeping until next timer interrupt...
Sleeping until next timer interrupt...
Sleeping until next timer interrupt...
X:   -0.10°/s | Y:    0.46°/s | Z:   -0.38°/s
Sleeping until next timer interrupt...
Sleeping until next timer interrupt...
Sleeping until next timer interrupt...
Sleeping until next timer interrupt...
Sleeping until next timer interrupt...
Sleeping until next timer interrupt...
Sleeping until next timer interrupt...
Sleeping until next timer interrupt...
X:   -0.75°/s | Y:    0.09°/s | Z:   -0.47°/s
Sleeping until next timer interrupt...
Sleeping until next timer interrupt...
Sleeping until next timer interrupt...
Sleeping until next timer interrupt...
Sleeping until next timer interrupt...
Sleeping until next timer interrupt...
Sleeping until next timer interrupt...
Sleeping until next timer interrupt...
X:   -0.12°/s | Y:    0.37°/s | Z:    0.17°/s
Sleeping until next timer interrupt...
Sleeping until next timer interrupt...
Sleeping until next timer interrupt...
Sleeping until next timer interrupt...
Sleeping until next timer interrupt...
Sleeping until next timer interrupt...
Sleeping until next timer interrupt...
Sleeping until next timer interrupt...
X:   -0.52°/s | Y:   -0.04°/s | Z:   -0.60°/s
Sleeping until next timer interrupt...
Sleeping until next timer interrupt...
Sleeping until next timer interrupt...
Sleeping until next timer interrupt...
Sleeping until next timer interrupt...
Sleeping until next timer interrupt...
Sleeping until next timer interrupt...
Sleeping until next timer interrupt...
X:   -0.33°/s | Y:    0.30°/s | Z:   -0.44°/s
Sleeping until next timer interrupt...
Sleeping until next timer interrupt...
Sleeping until next timer interrupt...
Sleeping until next timer interrupt...
Sleeping until next timer interrupt...
Sleeping until next timer interrupt...
Sleeping until next timer interrupt...
Sleeping until next timer interrupt...
X:   -0.68°/s | Y:    0.19°/s | Z:   -0.56°/s
Sleeping until next timer interrupt...
Sleeping until next timer interrupt...
Sleeping until next timer interrupt...
Sleeping until next timer interrupt...
Sleeping until next timer interrupt...
Sleeping until next timer interrupt...
Sleeping until next timer interrupt...
Sleeping until next timer interrupt...
X:   -0.58°/s | Y:   -0.02°/s | Z:   -0.49°/s
Sleeping until next timer interrupt...
Sleeping until next timer interrupt...
Sleeping until next timer interrupt...
Sleeping until next timer interrupt...
Sleeping until next timer interrupt...
Sleeping until next timer interrupt...
Sleeping until next timer interrupt...
Sleeping until next timer interrupt...
X:   -0.35°/s | Y:    0.17°/s | Z:   -0.52°/s
Sleeping until next timer interrupt...
Sleeping until next timer interrupt...
Sleeping until next timer interrupt...
Sleeping until next timer interrupt...
Sleeping until next timer interrupt...
Sleeping until next timer interrupt...
Sleeping until next timer interrupt...
Sleeping until next timer interrupt...
X:    0.12°/s | Y:   -0.25°/s | Z:   -0.42°/s
Sleeping until next timer interrupt...
Sleeping until next timer interrupt...
Sleeping until next timer interrupt...
Sleeping until next timer interrupt...
Sleeping until next timer interrupt...
Sleeping until next timer interrupt...
Sleeping until next timer interrupt...
Sleeping until next timer interrupt...
X:    0.26°/s | Y:    0.04°/s | Z:   -0.40°/s
Sleeping until next timer interrupt...
Sleeping until next timer interrupt...
Sleeping until next timer interrupt...
Sleeping until next timer interrupt...
Sleeping until next timer interrupt...
Sleeping until next timer interrupt...
Sleeping until next timer interrupt...
Sleeping until next timer interrupt...
X:   -1.00°/s | Y:    0.00°/s | Z:   -0.47°/s
Sleeping until next timer interrupt...
Sleeping until next timer interrupt...
Sleeping until next timer interrupt...
Sleeping until next timer interrupt...
Sleeping until next timer interrupt...
Sleeping until next timer interrupt...
Sleeping until next timer interrupt...
Sleeping until next timer interrupt...
X:   -0.37°/s | Y:   -0.09°/s | Z:   -0.33°/s
Sleeping until next timer interrupt...
Sleeping until next timer interrupt...
Sleeping until next timer interrupt...
Sleeping until next timer interrupt...
Sleeping until next timer interrupt...
Sleeping until next timer interrupt...
Sleeping until next timer interrupt...
Sleeping until next timer interrupt...
X:   -0.49°/s | Y:    0.77°/s | Z:   -0.58°/s
Sleeping until next timer interrupt...
Sleeping until next timer interrupt...
Sleeping until next timer interrupt...
Sleeping until next timer interrupt...
Sleeping until next timer interrupt...
Sleeping until next timer interrupt...
Sleeping until next timer interrupt...
Sleeping until next timer interrupt...
X:   -0.26°/s | Y:    0.82°/s | Z:   -0.79°/s
Sleeping until next timer interrupt...
Sleeping until next timer interrupt...
Sleeping until next timer interrupt...
Sleeping until next timer interrupt...
Sleeping until next timer interrupt...
Sleeping until next timer interrupt...
Sleeping until next timer interrupt...
Sleeping until next timer interrupt...
X:   -0.19°/s | Y:    0.05°/s | Z:   -0.88°/s
Sleeping until next timer interrupt...
Sleeping until next timer interrupt...
Sleeping until next timer interrupt...
Sleeping until next timer interrupt...
Sleeping until next timer interrupt...
Sleeping until next timer interrupt...
Sleeping until next timer interrupt...
Sleeping until next timer interrupt...
X:   -0.21°/s | Y:    0.07°/s | Z:   -0.74°/s
Sleeping until next timer interrupt...
Sleeping until next timer interrupt...
Sleeping until next timer interrupt...
Sleeping until next timer interrupt...
Sleeping until next timer interrupt...
Sleeping until next timer interrupt...
Sleeping until next timer interrupt...
Sleeping until next timer interrupt...
X:   -0.23°/s | Y:    0.60°/s | Z:   -0.37°/s
Sleeping until next timer interrupt...
Sleeping until next timer interrupt...
Sleeping until next timer interrupt...
Sleeping until next timer interrupt...
Sleeping until next timer interrupt...
Sleeping until next timer interrupt...
Sleeping until next timer interrupt...
Sleeping until next timer interrupt...
X:   -0.88°/s | Y:    0.75°/s | Z:   -0.37°/s
Sleeping until next timer interrupt...
Sleeping until next timer interrupt...
Sleeping until next timer interrupt...
Sleeping until next timer interrupt...
Sleeping until next timer interrupt...
Sleeping until next timer interrupt...
Sleeping until next timer interrupt...
Sleeping until next timer interrupt...
X:   -0.16°/s | Y:    0.00°/s | Z:   -0.46°/s
Sleeping until next timer interrupt...
Sleeping until next timer interrupt...
Sleeping until next timer interrupt...
Sleeping until next timer interrupt...
Sleeping until next timer interrupt...
Sleeping until next timer interrupt...
Sleeping until next timer interrupt...
Sleeping until next timer interrupt...
X:   -0.26°/s | Y:    0.51°/s | Z:   -0.07°/s
Sleeping until next timer interrupt...
Sleeping until next timer interrupt...
Sleeping until next timer interrupt...
Sleeping until next timer interrupt...
Sleeping until next timer interrupt...
Sleeping until next timer interrupt...
Sleeping until next timer interrupt...
Sleeping until next timer interrupt...
X:   -0.56°/s | Y:    0.07°/s | Z:   -0.02°/s
Sleeping until next timer interrupt...
Sleeping until next timer interrupt...
Sleeping until next timer interrupt...
Sleeping until next timer interrupt...
Sleeping until next timer interrupt...
Sleeping until next timer interrupt...
Sleeping until next timer interrupt...
Sleeping until next timer interrupt...
X:    0.14°/s | Y:    0.28°/s | Z:   -0.84°/s
Sleeping until next timer interrupt...
Sleeping until next timer interrupt...
Sleeping until next timer interrupt...
Sleeping until next timer interrupt...
Sleeping until next timer interrupt...
Sleeping until next timer interrupt...
Sleeping until next timer interrupt...
Sleeping until next timer interrupt...
X:    0.23°/s | Y:    0.47°/s | Z:   -0.70°/s
Sleeping until next timer interrupt...
Sleeping until next timer interrupt...
Sleeping until next timer interrupt...
Sleeping until next timer interrupt...
Sleeping until next timer interrupt...
Sleeping until next timer interrupt...
Sleeping until next timer interrupt...
Sleeping until next timer interrupt...
X:   -0.17°/s | Y:    0.23°/s | Z:   -0.86°/s
Sleeping until next timer interrupt...
Sleeping until next timer interrupt...
Sleeping until next timer interrupt...
Sleeping until next timer interrupt...
Sleeping until next timer interrupt...
Sleeping until next timer interrupt...
Sleeping until next timer interrupt...
Sleeping until next timer interrupt...
X:   -0.56°/s | Y:    0.23°/s | Z:   -0.51°/s
Sleeping until next timer interrupt...
Sleeping until next timer interrupt...
Sleeping until next timer interrupt...
Sleeping until next timer interrupt...
Sleeping until next timer interrupt...
Sleeping until next timer interrupt...
Sleeping until next timer interrupt...
Sleeping until next timer interrupt...
X:   -0.16°/s | Y:    0.61°/s | Z:   -0.07°/s
Sleeping until next timer interrupt...
Sleeping until next timer interrupt...
Sleeping until next timer interrupt...
Sleeping until next timer interrupt...
Sleeping until next timer interrupt...
Sleeping until next timer interrupt...
Sleeping until next timer interrupt...
Sleeping until next timer interrupt...
X:   -0.86°/s | Y:    0.19°/s | Z:   -0.88°/s
Sleeping until next timer interrupt...
Sleeping until next timer interrupt...
Sleeping until next timer interrupt...
Sleeping until next timer interrupt...
Sleeping until next timer interrupt...
Sleeping until next timer interrupt...
Sleeping until next timer interrupt...
Sleeping until next timer interrupt...
X:    0.10°/s | Y:    0.67°/s | Z:   -0.60°/s
Sleeping until next timer interrupt...
Sleeping until next timer interrupt...
Sleeping until next timer interrupt...
Sleeping until next timer interrupt...
Sleeping until next timer interrupt...
Sleeping until next timer interrupt...
Sleeping until next timer interrupt...
Sleeping until next timer interrupt...
X:   -0.47°/s | Y:   -0.02°/s | Z:   -0.21°/s
Sleeping until next timer interrupt...
Sleeping until next timer interrupt...
Sleeping until next timer interrupt...
Sleeping until next timer interrupt...
Sleeping until next timer interrupt...
Sleeping until next timer interrupt...
Sleeping until next timer interrupt...
Sleeping until next timer interrupt...
X:   -0.16°/s | Y:    0.35°/s | Z:   -0.56°/s
Sleeping until next timer interrupt...
Sleeping until next timer interrupt...
Sleeping until next timer interrupt...
Sleeping until next timer interrupt...
Sleeping until next timer interrupt...
Sleeping until next timer interrupt...
Sleeping until next timer interrupt...
Sleeping until next timer interrupt...
X:   -1.00°/s | Y:    1.03°/s | Z:   -0.56°/s
Sleeping until next timer interrupt...
Sleeping until next timer interrupt...
Sleeping until next timer interrupt...
Sleeping until next timer interrupt...
Sleeping until next timer interrupt...
Sleeping until next timer interrupt...
Sleeping until next timer interrupt...
Sleeping until next timer interrupt...
X:   -0.72°/s | Y:    0.58°/s | Z:   -0.56°/s
Sleeping until next timer interrupt...
Sleeping until next timer interrupt...
Sleeping until next timer interrupt...
Sleeping until next timer interrupt...
Sleeping until next timer interrupt...
Sleeping until next timer interrupt...
Sleeping until next timer interrupt...
Sleeping until next timer interrupt...
X:   -0.88°/s | Y:   -0.05°/s | Z:   -0.40°/s
Sleeping until next timer interrupt...
Sleeping until next timer interrupt...
Sleeping until next timer interrupt...
Sleeping until next timer interrupt...
Sleeping until next timer interrupt...
Sleeping until next timer interrupt...
Sleeping until next timer interrupt...
Sleeping until next timer interrupt...
X:   -1.40°/s | Y:    0.49°/s | Z:   -0.74°/s
Sleeping until next timer interrupt...
Sleeping until next timer interrupt...
Sleeping until next timer interrupt...
Sleeping until next timer interrupt...
Sleeping until next timer interrupt...
Sleeping until next timer interrupt...
Sleeping until next timer interrupt...
Sleeping until next timer interrupt...
X:   -0.58°/s | Y:    0.94°/s | Z:   -0.10°/s
Sleeping until next timer interrupt...
Sleeping until next timer interrupt...
Sleeping until next timer interrupt...
Sleeping until next timer interrupt...
Sleeping until next timer interrupt...
Sleeping until next timer interrupt...
Sleeping until next timer interrupt...
Sleeping until next timer interrupt...
X:   -0.52°/s | Y:    0.42°/s | Z:   -0.17°/s
Sleeping until next timer interrupt...
Sleeping until next timer interrupt...
Sleeping until next timer interrupt...
Sleeping until next timer interrupt...
Sleeping until next timer interrupt...
Sleeping until next timer interrupt...
Sleeping until next timer interrupt...
Sleeping until next timer interrupt...
X:   -0.44°/s | Y:    0.19°/s | Z:   -0.26°/s
Sleeping until next timer interrupt...
Sleeping until next timer interrupt...
Sleeping until next timer interrupt...
Sleeping until next timer interrupt...
Sleeping until next timer interrupt...
Sleeping until next timer interrupt...
Sleeping until next timer interrupt...
Sleeping until next timer interrupt...
X:   -0.60°/s | Y:    0.30°/s | Z:   -0.77°/s
Sleeping until next timer interrupt...
Sleeping until next timer interrupt...
Sleeping until next timer interrupt...
Sleeping until next timer interrupt...
Sleeping until next timer interrupt...
Sleeping until next timer interrupt...
Sleeping until next timer interrupt...
Sleeping until next timer interrupt...
X:   -0.42°/s | Y:    0.21°/s | Z:   -0.31°/s
Sleeping until next timer interrupt...
Sleeping until next timer interrupt...
Sleeping until next timer interrupt...
Sleeping until next timer interrupt...
Sleeping until next timer interrupt...
Sleeping until next timer interrupt...
Sleeping until next timer interrupt...
Sleeping until next timer interrupt...
X:   -0.23°/s | Y:    0.04°/s | Z:   -0.82°/s
Sleeping until next timer interrupt...
Sleeping until next timer interrupt...
Sleeping until next timer interrupt...
Sleeping until next timer interrupt...
Sleeping until next timer interrupt...
Sleeping until next timer interrupt...
Sleeping until next timer interrupt...
Sleeping until next timer interrupt...
X:   -0.38°/s | Y:    0.28°/s | Z:    0.05°/s
Sleeping until next timer interrupt...
Sleeping until next timer interrupt...
Sleeping until next timer interrupt...
Sleeping until next timer interrupt...
Sleeping until next timer interrupt...
Sleeping until next timer interrupt...
Sleeping until next timer interrupt...
Sleeping until next timer interrupt...
X:   -0.52°/s | Y:    0.47°/s | Z:   -0.40°/s
Sleeping until next timer interrupt...
Sleeping until next timer interrupt...
Sleeping until next timer interrupt...
Sleeping until next timer interrupt...
Sleeping until next timer interrupt...
Sleeping until next timer interrupt...
Sleeping until next timer interrupt...
Sleeping until next timer interrupt...
X:   -0.44°/s | Y:    0.42°/s | Z:   -0.96°/s
Sleeping until next timer interrupt...
Sleeping until next timer interrupt...
Sleeping until next timer interrupt...
Sleeping until next timer interrupt...
Sleeping until next timer interrupt...
Sleeping until next timer interrupt...
Sleeping until next timer interrupt...
Sleeping until next timer interrupt...
X:   -0.40°/s | Y:    0.56°/s | Z:   -0.37°/s
Sleeping until next timer interrupt...
Sleeping until next timer interrupt...
Sleeping until next timer interrupt...
Sleeping until next timer interrupt...
Sleeping until next timer interrupt...
Sleeping until next timer interrupt...
Sleeping until next timer interrupt...
Sleeping until next timer interrupt...
X:   -0.33°/s | Y:    0.54°/s | Z:   -0.86°/s
Sleeping until next timer interrupt...
Sleeping until next timer interrupt...
Sleeping until next timer interrupt...
Sleeping until next timer interrupt...
Sleeping until next timer interrupt...
Sleeping until next timer interrupt...
Sleeping until next timer interrupt...
Sleeping until next timer interrupt...
X:   -0.70°/s | Y:    0.31°/s | Z:   -0.82°/s
Sleeping until next timer interrupt...
Sleeping until next timer interrupt...
Sleeping until next timer interrupt...
Sleeping until next timer interrupt...
Sleeping until next timer interrupt...
Sleeping until next timer interrupt...
Sleeping until next timer interrupt...
Sleeping until next timer interrupt...
X:   -0.46°/s | Y:    0.26°/s | Z:   -0.40°/s
Sleeping until next timer interrupt...
Sleeping until next timer interrupt...
Sleeping until next timer interrupt...
Sleeping until next timer interrupt...
Sleeping until next timer interrupt...
Sleeping until next timer interrupt...
Sleeping until next timer interrupt...
Sleeping until next timer interrupt...
X:   -0.72°/s | Y:    0.09°/s | Z:   -0.28°/s
Sleeping until next timer interrupt...
Sleeping until next timer interrupt...
Sleeping until next timer interrupt...
Sleeping until next timer interrupt...
Sleeping until next timer interrupt...
Sleeping until next timer interrupt...
Sleeping until next timer interrupt...
Sleeping until next timer interrupt...
X:   -0.42°/s | Y:   -0.02°/s | Z:   -0.60°/s
Sleeping until next timer interrupt...
Sleeping until next timer interrupt...
Sleeping until next timer interrupt...
Sleeping until next timer interrupt...
Sleeping until next timer interrupt...
Sleeping until next timer interrupt...
Sleeping until next timer interrupt...
Sleeping until next timer interrupt...
X:   -0.33°/s | Y:    0.25°/s | Z:   -0.70°/s
Sleeping until next timer interrupt...
Sleeping until next timer interrupt...
Sleeping until next timer interrupt...
Sleeping until next timer interrupt...
Sleeping until next timer interrupt...
Sleeping until next timer interrupt...
Sleeping until next timer interrupt...
Sleeping until next timer interrupt...
X:    3.99°/s | Y:    0.31°/s | Z:   -0.17°/s
Sleeping until next timer interrupt...
Sleeping until next timer interrupt...
Sleeping until next timer interrupt...
Sleeping until next timer interrupt...
Sleeping until next timer interrupt...
Sleeping until next timer interrupt...
Sleeping until next timer interrupt...
Sleeping until next timer interrupt...
X:   -0.94°/s | Y:    0.35°/s | Z:   -0.63°/s
Sleeping until next timer interrupt...
Sleeping until next timer interrupt...
Sleeping until next timer interrupt...
Sleeping until next timer interrupt...
Sleeping until next timer interrupt...
Sleeping until next timer interrupt...
Sleeping until next timer interrupt...
Sleeping until next timer interrupt...
X:   -0.30°/s | Y:    0.56°/s | Z:   -0.56°/s
Sleeping until next timer interrupt...
Sleeping until next timer interrupt...
Sleeping until next timer interrupt...
Sleeping until next timer interrupt...
Sleeping until next timer interrupt...
Sleeping until next timer interrupt...
Sleeping until next timer interrupt...
Sleeping until next timer interrupt...
X:    0.09°/s | Y:    0.42°/s | Z:   -1.01°/s
Sleeping until next timer interrupt...
Sleeping until next timer interrupt...
Sleeping until next timer interrupt...
Sleeping until next timer interrupt...
Sleeping until next timer interrupt...
Sleeping until next timer interrupt...
Sleeping until next timer interrupt...
Sleeping until next timer interrupt...
X:    0.16°/s | Y:    0.40°/s | Z:   -1.07°/s
Sleeping until next timer interrupt...
Sleeping until next timer interrupt...
Sleeping until next timer interrupt...
Sleeping until next timer interrupt...
Sleeping until next timer interrupt...
Sleeping until next timer interrupt...
Sleeping until next timer interrupt...
Sleeping until next timer interrupt...
X:   -0.23°/s | Y:    0.09°/s | Z:   -1.07°/s
Sleeping until next timer interrupt...
Sleeping until next timer interrupt...
Sleeping until next timer interrupt...
Sleeping until next timer interrupt...
Sleeping until next timer interrupt...
Sleeping until next timer interrupt...
Sleeping until next timer interrupt...
Sleeping until next timer interrupt...
X:   -0.09°/s | Y:   -0.21°/s | Z:   -0.68°/s
Sleeping until next timer interrupt...
Sleeping until next timer interrupt...
Sleeping until next timer interrupt...
Sleeping until next timer interrupt...
Sleeping until next timer interrupt...
Sleeping until next timer interrupt...
Sleeping until next timer interrupt...
Sleeping until next timer interrupt...
X:   -0.54°/s | Y:   -0.02°/s | Z:   -0.51°/s
Sleeping until next timer interrupt...
Sleeping until next timer interrupt...
Sleeping until next timer interrupt...
Sleeping until next timer interrupt...
Sleeping until next timer interrupt...
Sleeping until next timer interrupt...
Sleeping until next timer interrupt...
Sleeping until next timer interrupt...
X:   -0.38°/s | Y:    0.25°/s | Z:   -0.42°/s
Sleeping until next timer interrupt...
Sleeping until next timer interrupt...
Sleeping until next timer interrupt...
Sleeping until next timer interrupt...
Sleeping until next timer interrupt...
Sleeping until next timer interrupt...
Sleeping until next timer interrupt...
Sleeping until next timer interrupt...
X:    0.37°/s | Y:    0.46°/s | Z:   -0.35°/s
Sleeping until next timer interrupt...
Sleeping until next timer interrupt...
Sleeping until next timer interrupt...
Sleeping until next timer interrupt...
Sleeping until next timer interrupt...
Sleeping until next timer interrupt...
Sleeping until next timer interrupt...
Sleeping until next timer interrupt...
X:   -0.52°/s | Y:    0.05°/s | Z:   -0.37°/s
Sleeping until next timer interrupt...
Sleeping until next timer interrupt...
Sleeping until next timer interrupt...
Sleeping until next timer interrupt...
Sleeping until next timer interrupt...
Sleeping until next timer interrupt...
Sleeping until next timer interrupt...
Sleeping until next timer interrupt...
X:   -0.75°/s | Y:    0.17°/s | Z:   -0.09°/s
Sleeping until next timer interrupt...
Sleeping until next timer interrupt...
Sleeping until next timer interrupt...
Sleeping until next timer interrupt...
Sleeping until next timer interrupt...
Sleeping until next timer interrupt...
Sleeping until next timer interrupt...
Sleeping until next timer interrupt...
X:   -0.31°/s | Y:    0.17°/s | Z:   -0.28°/s
Sleeping until next timer interrupt...
Sleeping until next timer interrupt...
Sleeping until next timer interrupt...
Sleeping until next timer interrupt...
Sleeping until next timer interrupt...
Sleeping until next timer interrupt...
Sleeping until next timer interrupt...
Sleeping until next timer interrupt...
X:    0.25°/s | Y:    0.40°/s | Z:   -0.72°/s
Sleeping until next timer interrupt...
Sleeping until next timer interrupt...
Sleeping until next timer interrupt...
Sleeping until next timer interrupt...
Sleeping until next timer interrupt...
Sleeping until next timer interrupt...
Sleeping until next timer interrupt...
Sleeping until next timer interrupt...
X:   -0.56°/s | Y:    0.44°/s | Z:   -0.74°/s
Sleeping until next timer interrupt...
Sleeping until next timer interrupt...
Sleeping until next timer interrupt...
Sleeping until next timer interrupt...
Sleeping until next timer interrupt...
Sleeping until next timer interrupt...
Sleeping until next timer interrupt...
Sleeping until next timer interrupt...
X:   -0.14°/s | Y:   -0.02°/s | Z:   -0.33°/s
Sleeping until next timer interrupt...
Sleeping until next timer interrupt...
Sleeping until next timer interrupt...
Sleeping until next timer interrupt...
Sleeping until next timer interrupt...
Sleeping until next timer interrupt...
Sleeping until next timer interrupt...
Sleeping until next timer interrupt...
X:   -0.07°/s | Y:    0.23°/s | Z:   -0.31°/s
Sleeping until next timer interrupt...
Sleeping until next timer interrupt...
Sleeping until next timer interrupt...
Sleeping until next timer interrupt...
Sleeping until next timer interrupt...
Sleeping until next timer interrupt...
Sleeping until next timer interrupt...
Sleeping until next timer interrupt...
X:   -0.70°/s | Y:    0.37°/s | Z:   -1.09°/s
Sleeping until next timer interrupt...
Sleeping until next timer interrupt...
Sleeping until next timer interrupt...
Sleeping until next timer interrupt...
Sleeping until next timer interrupt...
Sleeping until next timer interrupt...
Sleeping until next timer interrupt...
Sleeping until next timer interrupt...
X:   -0.28°/s | Y:    0.10°/s | Z:   -0.25°/s
Sleeping until next timer interrupt...
Sleeping until next timer interrupt...
Sleeping until next timer interrupt...
Sleeping until next timer interrupt...
Sleeping until next timer interrupt...
Sleeping until next timer interrupt...
Sleeping until next timer interrupt...
Sleeping until next timer interrupt...
X:   -0.33°/s | Y:    0.35°/s | Z:   -0.17°/s
Sleeping until next timer interrupt...
Sleeping until next timer interrupt...
Sleeping until next timer interrupt...
Sleeping until next timer interrupt...
Sleeping until next timer interrupt...
Sleeping until next timer interrupt...
Sleeping until next timer interrupt...
Sleeping until next timer interrupt...
X:   -0.94°/s | Y:    0.30°/s | Z:   -0.65°/s
Sleeping until next timer interrupt...
Sleeping until next timer interrupt...
Sleeping until next timer interrupt...
Sleeping until next timer interrupt...
Sleeping until next timer interrupt...
Sleeping until next timer interrupt...
Sleeping until next timer interrupt...
Sleeping until next timer interrupt...
X:   -0.52°/s | Y:    0.33°/s | Z:   -0.81°/s
Sleeping until next timer interrupt...
Sleeping until next timer interrupt...
Sleeping until next timer interrupt...
Sleeping until next timer interrupt...
Sleeping until next timer interrupt...
Sleeping until next timer interrupt...
Sleeping until next timer interrupt...
Sleeping until next timer interrupt...
X:   -0.30°/s | Y:    0.46°/s | Z:   -0.33°/s
Sleeping until next timer interrupt...
Sleeping until next timer interrupt...
Sleeping until next timer interrupt...
Sleeping until next timer interrupt...
Sleeping until next timer interrupt...
Sleeping until next timer interrupt...
Sleeping until next timer interrupt...
Sleeping until next timer interrupt...
X:   -0.77°/s | Y:   -0.17°/s | Z:   -0.47°/s
Sleeping until next timer interrupt...
Sleeping until next timer interrupt...
Sleeping until next timer interrupt...
Sleeping until next timer interrupt...
Sleeping until next timer interrupt...
Sleeping until next timer interrupt...
Sleeping until next timer interrupt...
Sleeping until next timer interrupt...
X:   -0.75°/s | Y:    0.21°/s | Z:    0.00°/s
Sleeping until next timer interrupt...
Sleeping until next timer interrupt...
Sleeping until next timer interrupt...
Sleeping until next timer interrupt...
Sleeping until next timer interrupt...
Sleeping until next timer interrupt...
Sleeping until next timer interrupt...
Sleeping until next timer interrupt...
X:   -0.28°/s | Y:    0.56°/s | Z:   -0.35°/s
Sleeping until next timer interrupt...
Sleeping until next timer interrupt...
Sleeping until next timer interrupt...
Sleeping until next timer interrupt...
Sleeping until next timer interrupt...
Sleeping until next timer interrupt...
Sleeping until next timer interrupt...
Sleeping until next timer interrupt...
X:   -0.23°/s | Y:    0.46°/s | Z:   -0.94°/s
Sleeping until next timer interrupt...
Sleeping until next timer interrupt...
Sleeping until next timer interrupt...
Sleeping until next timer interrupt...
Sleeping until next timer interrupt...
Sleeping until next timer interrupt...
Sleeping until next timer interrupt...
Sleeping until next timer interrupt...
X:   -0.67°/s | Y:    0.40°/s | Z:   -0.91°/s
Sleeping until next timer interrupt...
Sleeping until next timer interrupt...
Sleeping until next timer interrupt...
Sleeping until next timer interrupt...
Sleeping until next timer interrupt...
Sleeping until next timer interrupt...
Sleeping until next timer interrupt...
Sleeping until next timer interrupt...
X:   -0.37°/s | Y:    0.25°/s | Z:   -0.47°/s
Sleeping until next timer interrupt...
Sleeping until next timer interrupt...
Sleeping until next timer interrupt...
Sleeping until next timer interrupt...
Sleeping until next timer interrupt...
Sleeping until next timer interrupt...
Sleeping until next timer interrupt...
Sleeping until next timer interrupt...
X:   -0.75°/s | Y:    0.38°/s | Z:   -0.10°/s
Sleeping until next timer interrupt...
Sleeping until next timer interrupt...
Sleeping until next timer interrupt...
Sleeping until next timer interrupt...
Sleeping until next timer interrupt...
Sleeping until next timer interrupt...
Sleeping until next timer interrupt...
Sleeping until next timer interrupt...
X:   -0.98°/s | Y:    0.51°/s | Z:   -0.30°/s
Sleeping until next timer interrupt...
Sleeping until next timer interrupt...
Sleeping until next timer interrupt...
Sleeping until next timer interrupt...
Sleeping until next timer interrupt...
Sleeping until next timer interrupt...
Sleeping until next timer interrupt...
Sleeping until next timer interrupt...
X:   -0.96°/s | Y:    0.44°/s | Z:   -0.33°/s
Sleeping until next timer interrupt...
Sleeping until next timer interrupt...
Sleeping until next timer interrupt...
Sleeping until next timer interrupt...
Sleeping until next timer interrupt...
Sleeping until next timer interrupt...
Sleeping until next timer interrupt...
Sleeping until next timer interrupt...
X:   -0.91°/s | Y:    0.72°/s | Z:   -0.46°/s
Sleeping until next timer interrupt...
Sleeping until next timer interrupt...
Sleeping until next timer interrupt...
Sleeping until next timer interrupt...
Sleeping until next timer interrupt...
Sleeping until next timer interrupt...
Sleeping until next timer interrupt...
Sleeping until next timer interrupt...
X:   -0.65°/s | Y:    0.42°/s | Z:   -0.17°/s
Sleeping until next timer interrupt...
Sleeping until next timer interrupt...
Sleeping until next timer interrupt...
Sleeping until next timer interrupt...
Sleeping until next timer interrupt...
Sleeping until next timer interrupt...
Sleeping until next timer interrupt...
Sleeping until next timer interrupt...
X:   -0.51°/s | Y:   -0.05°/s | Z:   -0.31°/s
Sleeping until next timer interrupt...
Sleeping until next timer interrupt...
Sleeping until next timer interrupt...
Sleeping until next timer interrupt...
Sleeping until next timer interrupt...
Sleeping until next timer interrupt...
Sleeping until next timer interrupt...
Sleeping until next timer interrupt...
X:   -0.31°/s | Y:    0.25°/s | Z:   -0.72°/s
Sleeping until next timer interrupt...
Sleeping until next timer interrupt...
Sleeping until next timer interrupt...
Sleeping until next timer interrupt...
Sleeping until next timer interrupt...
Sleeping until next timer interrupt...
Sleeping until next timer interrupt...
Sleeping until next timer interrupt...
X:   -0.30°/s | Y:    0.52°/s | Z:   -0.28°/s
Sleeping until next timer interrupt...
Sleeping until next timer interrupt...
Sleeping until next timer interrupt...
Sleeping until next timer interrupt...
Sleeping until next timer interrupt...
Sleeping until next timer interrupt...
Sleeping until next timer interrupt...
Sleeping until next timer interrupt...
X:   -0.23°/s | Y:    0.68°/s | Z:   -0.88°/s
Sleeping until next timer interrupt...
Sleeping until next timer interrupt...
Sleeping until next timer interrupt...
Sleeping until next timer interrupt...
Sleeping until next timer interrupt...
Sleeping until next timer interrupt...
Sleeping until next timer interrupt...
Sleeping until next timer interrupt...
X:   -0.16°/s | Y:    0.09°/s | Z:   -0.74°/s
Sleeping until next timer interrupt...
Sleeping until next timer interrupt...
Sleeping until next timer interrupt...
Sleeping until next timer interrupt...
Sleeping until next timer interrupt...
Sleeping until next timer interrupt...
Sleeping until next timer interrupt...
Sleeping until next timer interrupt...
X:   -0.12°/s | Y:    0.52°/s | Z:   -1.00°/s
Sleeping until next timer interrupt...
Sleeping until next timer interrupt...
Sleeping until next timer interrupt...
Sleeping until next timer interrupt...
Sleeping until next timer interrupt...
Sleeping until next timer interrupt...
Sleeping until next timer interrupt...
Sleeping until next timer interrupt...
X:   -0.44°/s | Y:    0.88°/s | Z:   -1.00°/s
Sleeping until next timer interrupt...
Sleeping until next timer interrupt...
Sleeping until next timer interrupt...
Sleeping until next timer interrupt...
Sleeping until next timer interrupt...
Sleeping until next timer interrupt...
Sleeping until next timer interrupt...
Sleeping until next timer interrupt...
X:   -0.67°/s | Y:    0.23°/s | Z:   -0.46°/s
Sleeping until next timer interrupt...
Sleeping until next timer interrupt...
Sleeping until next timer interrupt...
Sleeping until next timer interrupt...
Sleeping until next timer interrupt...
Sleeping until next timer interrupt...
Sleeping until next timer interrupt...
Sleeping until next timer interrupt...
X:   -0.44°/s | Y:    0.40°/s | Z:   -0.02°/s
Sleeping until next timer interrupt...
Sleeping until next timer interrupt...
Sleeping until next timer interrupt...
Sleeping until next timer interrupt...
Sleeping until next timer interrupt...
Sleeping until next timer interrupt...
Sleeping until next timer interrupt...
Sleeping until next timer interrupt...
X:   -0.51°/s | Y:   -0.07°/s | Z:   -0.12°/s
Sleeping until next timer interrupt...
Sleeping until next timer interrupt...
Sleeping until next timer interrupt...
Sleeping until next timer interrupt...
Sleeping until next timer interrupt...
Sleeping until next timer interrupt...
Sleeping until next timer interrupt...
Sleeping until next timer interrupt...
X:   -0.12°/s | Y:   -0.02°/s | Z:   -0.54°/s
Sleeping until next timer interrupt...
Sleeping until next timer interrupt...
Sleeping until next timer interrupt...
Sleeping until next timer interrupt...
Sleeping until next timer interrupt...
Sleeping until next timer interrupt...
Sleeping until next timer interrupt...
Sleeping until next timer interrupt...
X:   -0.17°/s | Y:    0.02°/s | Z:   -0.58°/s
Sleeping until next timer interrupt...
Sleeping until next timer interrupt...
Sleeping until next timer interrupt...
Sleeping until next timer interrupt...
Sleeping until next timer interrupt...
Sleeping until next timer interrupt...
Sleeping until next timer interrupt...
Sleeping until next timer interrupt...
X:   -0.25°/s | Y:    0.31°/s | Z:   -0.54°/s
Sleeping until next timer interrupt...
Sleeping until next timer interrupt...
Sleeping until next timer interrupt...
Sleeping until next timer interrupt...
Sleeping until next timer interrupt...
Sleeping until next timer interrupt...
Sleeping until next timer interrupt...
Sleeping until next timer interrupt...
X:   -0.67°/s | Y:    0.25°/s | Z:   -0.77°/s
Sleeping until next timer interrupt...
Sleeping until next timer interrupt...
Sleeping until next timer interrupt...
Sleeping until next timer interrupt...
Sleeping until next timer interrupt...
Sleeping until next timer interrupt...
Sleeping until next timer interrupt...
Sleeping until next timer interrupt...
X:   -0.42°/s | Y:    0.19°/s | Z:   -0.51°/s
Sleeping until next timer interrupt...
Sleeping until next timer interrupt...
Sleeping until next timer interrupt...
Sleeping until next timer interrupt...
Sleeping until next timer interrupt...
Sleeping until next timer interrupt...
Sleeping until next timer interrupt...
Sleeping until next timer interrupt...
X:   -0.52°/s | Y:    0.28°/s | Z:   -0.38°/s
Sleeping until next timer interrupt...
Sleeping until next timer interrupt...
Sleeping until next timer interrupt...
Sleeping until next timer interrupt...
Sleeping until next timer interrupt...
Sleeping until next timer interrupt...
Sleeping until next timer interrupt...
Sleeping until next timer interrupt...
X:   -0.49°/s | Y:    0.52°/s | Z:   -0.98°/s
Sleeping until next timer interrupt...
Sleeping until next timer interrupt...
Sleeping until next timer interrupt...
Sleeping until next timer interrupt...
Sleeping until next timer interrupt...
Sleeping until next timer interrupt...
Sleeping until next timer interrupt...
Sleeping until next timer interrupt...
X:   -0.19°/s | Y:    0.38°/s | Z:   -0.52°/s
Sleeping until next timer interrupt...
Sleeping until next timer interrupt...
Sleeping until next timer interrupt...
Sleeping until next timer interrupt...
Sleeping until next timer interrupt...
Sleeping until next timer interrupt...
Sleeping until next timer interrupt...
Sleeping until next timer interrupt...
X:   -0.52°/s | Y:    0.82°/s | Z:   -0.61°/s
Sleeping until next timer interrupt...
Sleeping until next timer interrupt...
Sleeping until next timer interrupt...
Sleeping until next timer interrupt...
Sleeping until next timer interrupt...
Sleeping until next timer interrupt...
Sleeping until next timer interrupt...
Sleeping until next timer interrupt...
X:   -0.16°/s | Y:    0.58°/s | Z:   -0.79°/s
Sleeping until next timer interrupt...
Sleeping until next timer interrupt...
Sleeping until next timer interrupt...
Sleeping until next timer interrupt...
Sleeping until next timer interrupt...
Sleeping until next timer interrupt...
Sleeping until next timer interrupt...
Sleeping until next timer interrupt...
X:   -0.38°/s | Y:    0.21°/s | Z:   -0.79°/s
Sleeping until next timer interrupt...
Sleeping until next timer interrupt...
Sleeping until next timer interrupt...
Sleeping until next timer interrupt...
Sleeping until next timer interrupt...
Sleeping until next timer interrupt...
Sleeping until next timer interrupt...
Sleeping until next timer interrupt...
X:   -0.51°/s | Y:    0.56°/s | Z:   -1.07°/s
Sleeping until next timer interrupt...
Sleeping until next timer interrupt...
Sleeping until next timer interrupt...
Sleeping until next timer interrupt...
Sleeping until next timer interrupt...
Sleeping until next timer interrupt...
Sleeping until next timer interrupt...
Sleeping until next timer interrupt...
X:   -0.46°/s | Y:    0.10°/s | Z:   -0.47°/s
Sleeping until next timer interrupt...
Sleeping until next timer interrupt...
Sleeping until next timer interrupt...
Sleeping until next timer interrupt...
Sleeping until next timer interrupt...
Sleeping until next timer interrupt...
Sleeping until next timer interrupt...
Sleeping until next timer interrupt...
X:   -0.44°/s | Y:    0.19°/s | Z:   -0.31°/s
Sleeping until next timer interrupt...
Sleeping until next timer interrupt...
Sleeping until next timer interrupt...
Sleeping until next timer interrupt...
Sleeping until next timer interrupt...
Sleeping until next timer interrupt...
Sleeping until next timer interrupt...
Sleeping until next timer interrupt...
X:   -0.31°/s | Y:    0.51°/s | Z:   -0.58°/s
Sleeping until next timer interrupt...
Sleeping until next timer interrupt...
Sleeping until next timer interrupt...
Sleeping until next timer interrupt...
Sleeping until next timer interrupt...
Sleeping until next timer interrupt...
Sleeping until next timer interrupt...
Sleeping until next timer interrupt...
X:   -0.52°/s | Y:    0.33°/s | Z:   -0.42°/s
Sleeping until next timer interrupt...
Sleeping until next timer interrupt...
Sleeping until next timer interrupt...
Sleeping until next timer interrupt...
Sleeping until next timer interrupt...
Sleeping until next timer interrupt...
Sleeping until next timer interrupt...
Sleeping until next timer interrupt...
X:    0.30°/s | Y:    0.21°/s | Z:   -0.46°/s
Sleeping until next timer interrupt...
Sleeping until next timer interrupt...
Sleeping until next timer interrupt...
Sleeping until next timer interrupt...
Sleeping until next timer interrupt...
Sleeping until next timer interrupt...
Sleeping until next timer interrupt...
Sleeping until next timer interrupt...
X:   -0.54°/s | Y:    0.28°/s | Z:   -0.42°/s
Sleeping until next timer interrupt...
Sleeping until next timer interrupt...
Sleeping until next timer interrupt...
Sleeping until next timer interrupt...
Sleeping until next timer interrupt...
Sleeping until next timer interrupt...
Sleeping until next timer interrupt...
Sleeping until next timer interrupt...
X:   -0.81°/s | Y:    0.19°/s | Z:   -0.98°/s
Sleeping until next timer interrupt...
Sleeping until next timer interrupt...
Sleeping until next timer interrupt...
Sleeping until next timer interrupt...
Sleeping until next timer interrupt...
Sleeping until next timer interrupt...
Sleeping until next timer interrupt...
Sleeping until next timer interrupt...
X:   -0.46°/s | Y:    0.33°/s | Z:   -0.44°/s
Sleeping until next timer interrupt...
Sleeping until next timer interrupt...
Sleeping until next timer interrupt...
Sleeping until next timer interrupt...
Sleeping until next timer interrupt...
Sleeping until next timer interrupt...
Sleeping until next timer interrupt...
Sleeping until next timer interrupt...
X:   -0.56°/s | Y:    0.26°/s | Z:   -0.23°/s
Sleeping until next timer interrupt...
Sleeping until next timer interrupt...
Sleeping until next timer interrupt...
Sleeping until next timer interrupt...
Sleeping until next timer interrupt...
Sleeping until next timer interrupt...
Sleeping until next timer interrupt...
Sleeping until next timer interrupt...
X:   -0.46°/s | Y:    0.17°/s | Z:   -0.68°/s
Sleeping until next timer interrupt...
Sleeping until next timer interrupt...
Sleeping until next timer interrupt...
Sleeping until next timer interrupt...
Sleeping until next timer interrupt...
Sleeping until next timer interrupt...
Sleeping until next timer interrupt...
Sleeping until next timer interrupt...
X:   -0.46°/s | Y:    0.37°/s | Z:   -0.88°/s
Sleeping until next timer interrupt...
Sleeping until next timer interrupt...
Sleeping until next timer interrupt...
Sleeping until next timer interrupt...
Sleeping until next timer interrupt...
Sleeping until next timer interrupt...
Sleeping until next timer interrupt...
Sleeping until next timer interrupt...
X:   -0.26°/s | Y:    0.25°/s | Z:   -0.70°/s
Sleeping until next timer interrupt...
Sleeping until next timer interrupt...
Sleeping until next timer interrupt...
Sleeping until next timer interrupt...
Sleeping until next timer interrupt...
Sleeping until next timer interrupt...
Sleeping until next timer interrupt...
Sleeping until next timer interrupt...
X:   -0.07°/s | Y:    0.44°/s | Z:   -0.17°/s
Sleeping until next timer interrupt...
Sleeping until next timer interrupt...
Sleeping until next timer interrupt...
Sleeping until next timer interrupt...
Sleeping until next timer interrupt...
Sleeping until next timer interrupt...
Sleeping until next timer interrupt...
Sleeping until next timer interrupt...
X:   -0.35°/s | Y:   -0.17°/s | Z:   -0.79°/s
Sleeping until next timer interrupt...
Sleeping until next timer interrupt...
Sleeping until next timer interrupt...
Sleeping until next timer interrupt...
Sleeping until next timer interrupt...
Sleeping until next timer interrupt...
Sleeping until next timer interrupt...
Sleeping until next timer interrupt...
X:   -0.51°/s | Y:    0.00°/s | Z:   -0.63°/s
Sleeping until next timer interrupt...
Sleeping until next timer interrupt...
Sleeping until next timer interrupt...
Sleeping until next timer interrupt...
Sleeping until next timer interrupt...
Sleeping until next timer interrupt...
Sleeping until next timer interrupt...
Sleeping until next timer interrupt...
X:   -0.30°/s | Y:    0.42°/s | Z:   -0.61°/s
Sleeping until next timer interrupt...
Sleeping until next timer interrupt...
Sleeping until next timer interrupt...
Sleeping until next timer interrupt...
Sleeping until next timer interrupt...
Sleeping until next timer interrupt...
Sleeping until next timer interrupt...
Sleeping until next timer interrupt...
X:   -0.67°/s | Y:    0.26°/s | Z:   -0.60°/s
Sleeping until next timer interrupt...
Sleeping until next timer interrupt...
Sleeping until next timer interrupt...
Sleeping until next timer interrupt...
Sleeping until next timer interrupt...
Sleeping until next timer interrupt...
Sleeping until next timer interrupt...
Sleeping until next timer interrupt...
X:   -0.31°/s | Y:    0.47°/s | Z:    0.21°/s
Sleeping until next timer interrupt...
Sleeping until next timer interrupt...
Sleeping until next timer interrupt...
Sleeping until next timer interrupt...
Sleeping until next timer interrupt...
Sleeping until next timer interrupt...
Sleeping until next timer interrupt...
Sleeping until next timer interrupt...
X:   -0.60°/s | Y:    0.67°/s | Z:   -0.37°/s
Sleeping until next timer interrupt...
Sleeping until next timer interrupt...
Sleeping until next timer interrupt...
Sleeping until next timer interrupt...
Sleeping until next timer interrupt...
Sleeping until next timer interrupt...
Sleeping until next timer interrupt...
Sleeping until next timer interrupt...
X:   -0.23°/s | Y:    0.16°/s | Z:   -0.37°/s
Sleeping until next timer interrupt...
Sleeping until next timer interrupt...
Sleeping until next timer interrupt...
Sleeping until next timer interrupt...
Sleeping until next timer interrupt...
Sleeping until next timer interrupt...
Sleeping until next timer interrupt...
Sleeping until next timer interrupt...
X:   -0.46°/s | Y:    0.35°/s | Z:   -0.12°/s
Sleeping until next timer interrupt...
Sleeping until next timer interrupt...
Sleeping until next timer interrupt...
Sleeping until next timer interrupt...
Sleeping until next timer interrupt...
Sleeping until next timer interrupt...
Sleeping until next timer interrupt...
Sleeping until next timer interrupt...
===============================
I3G4250D Gyroscope
===============================

Step 1: Detecting gyroscope...
✓ Found: I3g4250d

Step 2: Initializing driver...
✓ WHO_AM_I: 0xD3

Step 3: Configuring sensor...
✓ Configuration complete:
  - Data Rate: 400 Hz (timer interrupt)
  - Range: 500 °/s

Step 4: Starting interrupt-driven mode...
──────────────────────────────────────

⚠️  ANOMALY #1: Δx=490.70, Δy=220.20, Δz=216.37
X: -490.70°/s | Y:  220.20°/s | Z:  216.37°/s
⚠️  ANOMALY #2: Δx=490.16, Δy=219.87, Δz=216.46
X:   -0.21°/s | Y:   -0.19°/s | Z:   -0.56°/s
X:   -0.12°/s | Y:    0.21°/s | Z:   -0.65°/s
X:   -0.38°/s | Y:    0.00°/s | Z:   -0.25°/s
X:   -0.68°/s | Y:    0.19°/s | Z:   -0.37°/s
X:   -0.38°/s | Y:   -0.07°/s | Z:   -0.75°/s
X:   -0.44°/s | Y:    0.10°/s | Z:   -0.42°/s
X:   -0.44°/s | Y:    0.58°/s | Z:   -0.38°/s
X:   -0.63°/s | Y:    0.47°/s | Z:   -0.81°/s
X:   -0.21°/s | Y:    0.33°/s | Z:   -0.74°/s
X:   -0.56°/s | Y:    0.31°/s | Z:   -0.38°/s
X:   -0.31°/s | Y:    0.33°/s | Z:   -0.44°/s
X:   -0.54°/s | Y:    0.16°/s | Z:   -0.31°/s
X:   -0.52°/s | Y:    0.63°/s | Z:   -0.63°/s
X:   -0.30°/s | Y:    0.35°/s | Z:   -0.40°/s
X:   -0.56°/s | Y:    0.65°/s | Z:   -0.35°/s
X:   -0.70°/s | Y:    0.14°/s | Z:   -0.47°/s
X:   -0.61°/s | Y:    0.68°/s | Z:   -0.77°/s
X:   -0.33°/s | Y:    0.28°/s | Z:   -0.56°/s
X:   -0.35°/s | Y:    0.56°/s | Z:   -0.52°/s
X:   -0.52°/s | Y:    0.19°/s | Z:   -0.89°/s
X:   -0.63°/s | Y:    0.47°/s | Z:   -0.30°/s
X:    0.16°/s | Y:    0.17°/s | Z:   -0.42°/s
X:   -0.38°/s | Y:    0.14°/s | Z:   -1.07°/s
X:   -0.16°/s | Y:   -0.04°/s | Z:   -0.12°/s
X:    0.25°/s | Y:    0.35°/s | Z:   -0.52°/s
X:   -0.28°/s | Y:    0.28°/s | Z:   -0.52°/s
X:   -0.26°/s | Y:    0.61°/s | Z:   -0.82°/s
X:   -0.12°/s | Y:    0.31°/s | Z:   -0.63°/s
X:   -0.60°/s | Y:    0.30°/s | Z:    0.44°/s
X:   -0.52°/s | Y:    0.42°/s | Z:   -0.75°/s
X:    0.07°/s | Y:    0.54°/s | Z:   -0.33°/s
X:   -0.30°/s | Y:    0.12°/s | Z:   -0.60°/s
X:   -0.26°/s | Y:    4.45°/s | Z:   -0.47°/s
X:   -0.37°/s | Y:    0.19°/s | Z:   -0.77°/s
X:   -0.51°/s | Y:    0.04°/s | Z:   -0.35°/s
X:   -0.79°/s | Y:    0.38°/s | Z:   -0.26°/s
X:   -0.42°/s | Y:    0.38°/s | Z:   -0.49°/s
X:   -0.51°/s | Y:    0.37°/s | Z:   -0.72°/s
X:   -0.75°/s | Y:    0.23°/s | Z:   -0.72°/s
X:   -0.88°/s | Y:    0.10°/s | Z:   -0.21°/s
X:   -0.51°/s | Y:    0.40°/s | Z:   -0.51°/s
X:    0.00°/s | Y:    0.12°/s | Z:   -0.10°/s
X:    0.09°/s | Y:    0.19°/s | Z:   -0.37°/s
X:   -0.16°/s | Y:   -0.07°/s | Z:   -0.79°/s
X:   -0.44°/s | Y:    0.33°/s | Z:   -0.54°/s
X:   -0.51°/s | Y:    0.14°/s | Z:   -0.40°/s
X:   -0.35°/s | Y:    0.12°/s | Z:   -0.72°/s
X:   -0.21°/s | Y:    0.17°/s | Z:   -0.61°/s
X:   -0.23°/s | Y:    0.25°/s | Z:   -0.74°/s
X:   -0.84°/s | Y:    0.40°/s | Z:   -0.21°/s
X:    4.41°/s | Y:    0.14°/s | Z:   -0.63°/s
X:   -0.63°/s | Y:    0.52°/s | Z:   -0.42°/s
X:    0.07°/s | Y:   -4.38°/s | Z:   -0.67°/s
X:   -0.75°/s | Y:    0.28°/s | Z:   -1.17°/s
X:   -0.47°/s | Y:    0.89°/s | Z:   -0.28°/s
X:   -0.23°/s | Y:    0.33°/s | Z:   -0.17°/s
X:   -0.47°/s | Y:    0.21°/s | Z:   -0.75°/s
X:   -0.60°/s | Y:    0.09°/s | Z:   -0.09°/s
X:   -0.56°/s | Y:    0.10°/s | Z:   -0.28°/s
X:   -0.21°/s | Y:    0.14°/s | Z:   -0.02°/s
X:   -0.81°/s | Y:   -0.02°/s | Z:   -0.10°/s
X:   -0.47°/s | Y:    0.54°/s | Z:   -0.46°/s
X:   -0.47°/s | Y:    0.33°/s | Z:   -0.25°/s
X:   -0.05°/s | Y:   -0.05°/s | Z:   -0.61°/s
X:   -0.19°/s | Y:   -0.04°/s | Z:   -0.05°/s
X:   -0.04°/s | Y:    0.05°/s | Z:   -0.33°/s
X:   -0.07°/s | Y:    0.17°/s | Z:   -0.44°/s
X:   -0.51°/s | Y:    0.23°/s | Z:   -0.33°/s
X:   -0.37°/s | Y:    0.35°/s | Z:   -0.68°/s
X:   -0.52°/s | Y:    0.17°/s | Z:   -0.79°/s
X:   -0.17°/s | Y:    0.23°/s | Z:   -0.96°/s
X:   -0.16°/s | Y:    0.00°/s | Z:   -0.46°/s
X:   -0.12°/s | Y:    4.45°/s | Z:   -0.65°/s
X:   -0.14°/s | Y:    0.42°/s | Z:   -0.67°/s
X:   -0.26°/s | Y:    0.30°/s | Z:   -0.77°/s
X:   -0.60°/s | Y:    0.75°/s | Z:   -0.89°/s
X:   -0.70°/s | Y:    0.42°/s | Z:   -0.09°/s
X:   -0.23°/s | Y:    0.35°/s | Z:   -0.09°/s
X:   -0.42°/s | Y:    0.46°/s | Z:   -0.72°/s
X:   -0.61°/s | Y:    0.38°/s | Z:   -0.28°/s
X:   -0.72°/s | Y:    0.30°/s | Z:   -0.33°/s
X:   -0.14°/s | Y:    0.51°/s | Z:   -0.60°/s
X:   -0.60°/s | Y:    0.16°/s | Z:   -0.51°/s
X:   -0.30°/s | Y:    0.79°/s | Z:   -0.89°/s
X:   -0.44°/s | Y:    0.37°/s | Z:   -0.72°/s
X:   -0.47°/s | Y:    0.14°/s | Z:   -0.09°/s
X:   -0.47°/s | Y:    0.46°/s | Z:   -0.35°/s
X:   -0.26°/s | Y:    0.25°/s | Z:    0.14°/s
X:   -1.03°/s | Y:   -0.04°/s | Z:   -0.19°/s
X:   -0.75°/s | Y:    0.23°/s | Z:   -0.51°/s
X:   -4.22°/s | Y:    0.63°/s | Z:   -1.07°/s
X:   -0.60°/s | Y:    0.28°/s | Z:   -0.30°/s
X:   -0.23°/s | Y:    0.58°/s | Z:   -1.01°/s
X:    0.38°/s | Y:    0.05°/s | Z:   -0.79°/s
X:   -0.21°/s | Y:    0.21°/s | Z:   -1.33°/s
X:   -0.56°/s | Y:    0.42°/s | Z:   -0.49°/s
X:   -0.51°/s | Y:    0.07°/s | Z:   -0.52°/s
X:   -0.37°/s | Y:    0.25°/s | Z:   -0.38°/s
X:   -0.09°/s | Y:    0.04°/s | Z:   -0.54°/s
X:   -0.28°/s | Y:    0.68°/s | Z:   -0.65°/s
X:   -0.47°/s | Y:    0.30°/s | Z:   -0.75°/s
X:   -0.17°/s | Y:    0.60°/s | Z:   -0.65°/s
X:   -0.33°/s | Y:    0.37°/s | Z:   -0.70°/s
X:   -0.40°/s | Y:    0.42°/s | Z:   -0.65°/s
X:   -0.49°/s | Y:    0.12°/s | Z:   -0.26°/s
X:   -0.47°/s | Y:    0.07°/s | Z:   -0.52°/s
X:   -0.47°/s | Y:    0.31°/s | Z:   -1.09°/s
X:   -0.30°/s | Y:    0.68°/s | Z:   -0.65°/s
X:   -0.19°/s | Y:    0.23°/s | Z:   -0.65°/s
X:   -0.51°/s | Y:    0.54°/s | Z:   -0.46°/s
X:   -0.33°/s | Y:    0.00°/s | Z:   -0.58°/s
X:   -0.17°/s | Y:    0.54°/s | Z:   -0.51°/s
X:   -0.89°/s | Y:    0.19°/s | Z:   -0.07°/s
X:   -0.44°/s | Y:   -0.21°/s | Z:   -0.93°/s
X:   -0.74°/s | Y:   -4.30°/s | Z:   -0.05°/s
X:   -0.51°/s | Y:    0.37°/s | Z:   -0.38°/s
X:   -0.28°/s | Y:    0.23°/s | Z:   -0.26°/s
X:   -0.65°/s | Y:    0.05°/s | Z:   -0.35°/s
X:   -1.09°/s | Y:    0.91°/s | Z:   -0.40°/s
X:   -0.60°/s | Y:    0.47°/s | Z:    0.16°/s
X:   -0.37°/s | Y:    0.37°/s | Z:   -0.68°/s
X:   -0.63°/s | Y:    0.31°/s | Z:   -0.91°/s
X:   -0.60°/s | Y:    0.23°/s | Z:   -0.35°/s
X:   -0.46°/s | Y:    0.30°/s | Z:   -0.58°/s
X:   -0.52°/s | Y:    0.23°/s | Z:   -0.46°/s
X:   -0.42°/s | Y:    0.60°/s | Z:   -0.58°/s
X:   -0.56°/s | Y:    0.19°/s | Z:   -0.30°/s
X:   -0.26°/s | Y:    0.31°/s | Z:   -0.04°/s
X:   -0.19°/s | Y:    0.25°/s | Z:   -0.38°/s
X:   -0.37°/s | Y:   -0.26°/s | Z:   -0.79°/s
X:    0.02°/s | Y:    0.10°/s | Z:   -0.67°/s
X:   -0.56°/s | Y:    0.30°/s | Z:   -0.37°/s
X:   -0.10°/s | Y:    0.21°/s | Z:   -0.70°/s
X:   -0.51°/s | Y:    0.42°/s | Z:   -0.84°/s
X:   -0.63°/s | Y:    0.54°/s | Z:   -0.46°/s
X:   -0.26°/s | Y:   -0.09°/s | Z:   -0.10°/s
X:   -0.10°/s | Y:    0.16°/s | Z:   -0.88°/s
X:   -0.07°/s | Y:    0.30°/s | Z:   -0.25°/s
X:   -0.26°/s | Y:    0.35°/s | Z:   -0.54°/s
X:   -0.33°/s | Y:    0.51°/s | Z:   -0.35°/s
X:   -0.61°/s | Y:    0.56°/s | Z:   -0.46°/s
X:   -0.19°/s | Y:    0.54°/s | Z:   -0.67°/s
X:   -0.46°/s | Y:    0.35°/s | Z:   -0.70°/s
X:   -0.23°/s | Y:   -0.12°/s | Z:   -0.28°/s
X:   -0.63°/s | Y:    0.07°/s | Z:   -0.68°/s
X:   -0.28°/s | Y:    0.42°/s | Z:   -0.67°/s
X:   -0.47°/s | Y:    0.28°/s | Z:   -0.31°/s
X:   -0.47°/s | Y:    0.09°/s | Z:   -0.58°/s
X:   -0.05°/s | Y:    0.30°/s | Z:   -0.28°/s
X:   -0.07°/s | Y:    0.47°/s | Z:   -0.28°/s
X:   -0.51°/s | Y:    0.42°/s | Z:   -0.60°/s
X:   -0.40°/s | Y:    0.28°/s | Z:   -0.30°/s
X:   -4.46°/s | Y:    0.37°/s | Z:   -0.49°/s
X:   -0.12°/s | Y:    0.05°/s | Z:   -0.60°/s
X:   -0.49°/s | Y:    0.02°/s | Z:   -0.12°/s
X:   -0.46°/s | Y:    0.00°/s | Z:   -0.63°/s
X:   -0.52°/s | Y:    0.46°/s | Z:   -0.23°/s
X:   -0.17°/s | Y:    0.49°/s | Z:   -0.91°/s
X:   -0.17°/s | Y:    0.26°/s | Z:   -0.42°/s
X:   -0.33°/s | Y:    0.10°/s | Z:   -0.35°/s
X:   -0.38°/s | Y:   -0.09°/s | Z:   -0.67°/s
X:   -0.70°/s | Y:    0.33°/s | Z:   -0.37°/s
X:   -0.25°/s | Y:    0.05°/s | Z:   -0.28°/s
X:   -0.28°/s | Y:    0.28°/s | Z:   -0.63°/s
X:   -0.16°/s | Y:    0.86°/s | Z:   -0.31°/s
X:   -0.12°/s | Y:    0.56°/s | Z:   -0.40°/s
X:   -0.16°/s | Y:    0.47°/s | Z:   -0.38°/s
X:   -0.38°/s | Y:    0.38°/s | Z:   -1.05°/s
X:   -0.65°/s | Y:    0.63°/s | Z:   -0.63°/s
X:   -0.07°/s | Y:    0.23°/s | Z:   -0.75°/s
X:   -0.40°/s | Y:    0.49°/s | Z:   -0.60°/s
X:   -0.37°/s | Y:    0.25°/s | Z:   -0.70°/s
X:   -0.54°/s | Y:    0.56°/s | Z:    0.04°/s
X:   -0.21°/s | Y:    0.35°/s | Z:   -0.05°/s
X:   -0.49°/s | Y:    0.44°/s | Z:   -0.82°/s
X:   -0.12°/s | Y:    0.26°/s | Z:   -0.74°/s
X:    0.02°/s | Y:    0.52°/s | Z:   -0.79°/s
X:   -0.05°/s | Y:    0.28°/s | Z:   -0.88°/s
X:    0.04°/s | Y:    0.38°/s | Z:   -0.54°/s
X:   -0.31°/s | Y:   -0.14°/s | Z:   -0.47°/s
X:   -0.40°/s | Y:    0.38°/s | Z:   -0.61°/s
X:   -0.14°/s | Y:    0.26°/s | Z:   -0.60°/s
X:   -0.10°/s | Y:    0.35°/s | Z:   -1.09°/s
X:   -0.16°/s | Y:    0.40°/s | Z:   -0.16°/s
X:   -0.51°/s | Y:    0.54°/s | Z:    0.12°/s
X:   -0.38°/s | Y:    0.44°/s | Z:   -0.54°/s
X:   -0.56°/s | Y:    0.42°/s | Z:   -0.86°/s
X:   -0.26°/s | Y:    0.37°/s | Z:   -0.30°/s
X:   -0.28°/s | Y:    0.16°/s | Z:   -0.31°/s
X:   -0.38°/s | Y:    0.25°/s | Z:   -0.23°/s
X:   -0.65°/s | Y:    0.51°/s | Z:   -0.51°/s
X:   -0.70°/s | Y:    0.35°/s | Z:   -0.37°/s
X:   -0.33°/s | Y:    0.26°/s | Z:   -0.51°/s
X:   -0.49°/s | Y:    0.16°/s | Z:   -0.17°/s
X:   -0.19°/s | Y:    0.35°/s | Z:   -0.72°/s
X:   -0.70°/s | Y:    0.07°/s | Z:    0.00°/s
X:   -0.42°/s | Y:    0.51°/s | Z:   -0.40°/s
X:   -0.35°/s | Y:    0.16°/s | Z:   -0.37°/s
X:   -0.21°/s | Y:    0.05°/s | Z:   -0.04°/s
X:   -0.60°/s | Y:    0.04°/s | Z:   -0.49°/s
X:   -0.28°/s | Y:    0.17°/s | Z:   -0.42°/s
X:   -0.38°/s | Y:    0.10°/s | Z:   -0.35°/s
X:    0.26°/s | Y:    0.23°/s | Z:   -0.75°/s
X:   -0.44°/s | Y:   -0.12°/s | Z:   -0.47°/s
X:   -0.37°/s | Y:    0.05°/s | Z:   -0.37°/s
X:    0.09°/s | Y:    0.14°/s | Z:   -0.19°/s
X:   -0.79°/s | Y:    0.63°/s | Z:   -0.51°/s
X:   -0.05°/s | Y:    0.05°/s | Z:   -0.61°/s
X:   -0.74°/s | Y:    0.51°/s | Z:   -0.74°/s
X:   -0.46°/s | Y:    0.21°/s | Z:   -0.61°/s
X:   -0.35°/s | Y:    0.44°/s | Z:    0.07°/s
X:   -0.38°/s | Y:    0.61°/s | Z:   -0.44°/s
X:   -0.23°/s | Y:    0.28°/s | Z:   -0.37°/s
X:   -0.21°/s | Y:    0.54°/s | Z:   -0.70°/s
X:   -0.37°/s | Y:    0.25°/s | Z:   -0.51°/s
X:   -0.14°/s | Y:   -4.48°/s | Z:   -0.61°/s
X:   -0.46°/s | Y:    0.04°/s | Z:   -0.09°/s
X:   -0.52°/s | Y:    0.60°/s | Z:   -0.28°/s
X:   -0.19°/s | Y:    0.35°/s | Z:   -0.17°/s
X:   -0.47°/s | Y:    0.31°/s | Z:    0.04°/s
X:   -0.56°/s | Y:    0.40°/s | Z:   -0.56°/s
X:   -0.60°/s | Y:    0.33°/s | Z:   -0.35°/s
X:   -0.26°/s | Y:    0.10°/s | Z:   -0.40°/s
X:   -0.09°/s | Y:    0.37°/s | Z:   -0.75°/s
X:   -0.68°/s | Y:    0.26°/s | Z:   -0.25°/s
X:   -0.42°/s | Y:    0.72°/s | Z:   -0.79°/s
X:   -0.67°/s | Y:    0.40°/s | Z:   -0.67°/s
X:   -0.30°/s | Y:    0.54°/s | Z:   -0.74°/s
X:   -0.79°/s | Y:    0.60°/s | Z:   -0.70°/s
X:   -0.10°/s | Y:    0.54°/s | Z:   -0.52°/s
X:    0.02°/s | Y:    0.40°/s | Z:   -0.19°/s
X:   -0.28°/s | Y:    0.33°/s | Z:   -0.58°/s
X:   -0.38°/s | Y:    0.33°/s | Z:   -0.60°/s
X:   -0.47°/s | Y:    0.54°/s | Z:   -0.37°/s
X:   -0.40°/s | Y:    0.31°/s | Z:   -0.02°/s
X:   -0.10°/s | Y:    0.51°/s | Z:   -0.19°/s
X:   -0.10°/s | Y:    0.07°/s | Z:   -0.17°/s
X:   -0.38°/s | Y:    0.52°/s | Z:   -0.72°/s
X:   -0.46°/s | Y:    0.37°/s | Z:   -0.68°/s
X:   -0.26°/s | Y:    0.19°/s | Z:   -0.37°/s
X:   -0.38°/s | Y:    0.60°/s | Z:   -0.44°/s
X:   -0.33°/s | Y:    0.17°/s | Z:   -0.89°/s
X:   -0.61°/s | Y:    0.37°/s | Z:   -0.35°/s
X:   -0.72°/s | Y:    0.31°/s | Z:   -0.35°/s
X:   -0.38°/s | Y:   -0.07°/s | Z:   -0.10°/s
X:   -0.40°/s | Y:   -0.21°/s | Z:   -0.65°/s
X:   -0.38°/s | Y:    0.33°/s | Z:   -1.10°/s
X:   -0.23°/s | Y:    0.72°/s | Z:   -0.30°/s
X:   -0.54°/s | Y:    0.33°/s | Z:   -0.38°/s

📊 Interrupt Stats (every 1000 loops / ~2.5s):
  Avg Cycles/Loop: 179722
  Loop Time: 2496.139μs
  Anomalies: 2
  CPU Usage: 0.10%
──────────────────────────────────────
X:   -0.21°/s | Y:    0.28°/s | Z:   -0.44°/s
X:   -0.42°/s | Y:    0.56°/s | Z:   -0.91°/s
X:    0.07°/s | Y:    0.28°/s | Z:   -0.33°/s
X:   -0.37°/s | Y:    0.14°/s | Z:   -0.16°/s
X:    0.04°/s | Y:    0.16°/s | Z:   -0.46°/s
X:   -0.51°/s | Y:    0.46°/s | Z:   -0.38°/s
X:   -0.12°/s | Y:    0.10°/s | Z:   -0.54°/s
X:   -0.63°/s | Y:    0.25°/s | Z:   -0.47°/s
X:   -0.44°/s | Y:    0.31°/s | Z:    0.12°/s
X:   -0.63°/s | Y:   -0.09°/s | Z:   -0.49°/s
X:   -0.46°/s | Y:    0.42°/s | Z:   -0.93°/s
X:    0.19°/s | Y:   -0.09°/s | Z:   -0.63°/s
X:    0.61°/s | Y:    0.30°/s | Z:   -0.81°/s
X:   -0.02°/s | Y:    0.33°/s | Z:   -1.05°/s
X:   -0.74°/s | Y:    0.60°/s | Z:   -0.04°/s
X:   -0.91°/s | Y:    0.49°/s | Z:   -0.31°/s
X:   -0.89°/s | Y:    0.33°/s | Z:   -0.35°/s
X:   -0.23°/s | Y:    0.79°/s | Z:   -1.58°/s
X:   -0.52°/s | Y:    0.28°/s | Z:   -0.89°/s
X:   -0.88°/s | Y:    0.63°/s | Z:   -0.49°/s
X:   -0.70°/s | Y:    0.05°/s | Z:   -0.30°/s
X:   -0.09°/s | Y:    0.07°/s | Z:   -0.52°/s
X:   -0.58°/s | Y:    0.12°/s | Z:   -0.86°/s
X:   -0.86°/s | Y:    0.44°/s | Z:    0.19°/s
X:   -0.42°/s | Y:    0.31°/s | Z:   -0.30°/s
X:   -0.31°/s | Y:    0.00°/s | Z:   -1.10°/s
X:    0.31°/s | Y:    0.14°/s | Z:   -0.07°/s
X:   -0.25°/s | Y:    0.23°/s | Z:   -0.21°/s
X:   -0.21°/s | Y:    0.54°/s | Z:   -0.21°/s
X:   -0.52°/s | Y:    0.47°/s | Z:   -0.63°/s
X:   -0.52°/s | Y:    0.47°/s | Z:   -1.07°/s
X:   -0.26°/s | Y:    0.09°/s | Z:   -0.79°/s
X:   -0.37°/s | Y:    0.61°/s | Z:   -0.35°/s
X:   -0.26°/s | Y:    0.31°/s | Z:   -0.33°/s
X:   -0.46°/s | Y:    0.49°/s | Z:   -0.60°/s
X:   -0.31°/s | Y:    0.72°/s | Z:   -0.65°/s
X:   -0.58°/s | Y:    0.28°/s | Z:   -0.37°/s
X:   -0.91°/s | Y:    0.44°/s | Z:   -0.60°/s
X:   -0.09°/s | Y:    0.25°/s | Z:   -0.88°/s
X:   -0.51°/s | Y:    0.26°/s | Z:   -0.56°/s
X:   -0.60°/s | Y:    0.07°/s | Z:   -0.30°/s
X:   -0.77°/s | Y:    0.46°/s | Z:   -0.42°/s
X:   -0.74°/s | Y:    0.47°/s | Z:   -0.49°/s
X:   -0.09°/s | Y:    0.65°/s | Z:   -1.10°/s
X:   -0.40°/s | Y:    0.19°/s | Z:   -1.01°/s
X:   -0.63°/s | Y:    0.33°/s | Z:   -0.58°/s
X:   -0.54°/s | Y:   -0.09°/s | Z:   -0.82°/s
X:   -0.05°/s | Y:    0.37°/s | Z:   -0.37°/s
X:    0.07°/s | Y:    0.05°/s | Z:   -0.23°/s
X:   -0.52°/s | Y:    0.68°/s | Z:   -0.35°/s
X:   -0.31°/s | Y:   -0.12°/s | Z:   -1.07°/s
X:   -0.44°/s | Y:    0.44°/s | Z:   -0.40°/s
X:   -0.30°/s | Y:    0.02°/s | Z:   -0.28°/s
X:   -0.75°/s | Y:   -0.04°/s | Z:   -0.38°/s
X:   -0.51°/s | Y:    0.17°/s | Z:   -0.42°/s
X:   -0.49°/s | Y:    0.38°/s | Z:   -0.09°/s
X:   -0.30°/s | Y:    0.51°/s | Z:   -0.38°/s
X:   -0.21°/s | Y:    0.12°/s | Z:   -0.72°/s
X:   -0.30°/s | Y:    0.38°/s | Z:   -0.60°/s
X:   -0.31°/s | Y:    0.42°/s | Z:   -0.74°/s
X:   -0.19°/s | Y:    0.38°/s | Z:   -0.21°/s
X:   -0.21°/s | Y:    0.17°/s | Z:   -1.12°/s
X:   -0.31°/s | Y:    0.12°/s | Z:   -0.72°/s
X:   -0.17°/s | Y:    0.16°/s | Z:   -0.19°/s
X:   -0.84°/s | Y:    0.28°/s | Z:   -0.40°/s
X:   -0.47°/s | Y:    0.51°/s | Z:   -0.47°/s
X:   -0.23°/s | Y:    0.35°/s | Z:   -0.07°/s
X:   -0.46°/s | Y:    0.37°/s | Z:   -0.75°/s
X:   -0.30°/s | Y:    0.46°/s | Z:   -0.52°/s
X:   -0.72°/s | Y:    0.19°/s | Z:   -0.74°/s
X:   -0.38°/s | Y:    0.23°/s | Z:   -0.17°/s
X:   -0.65°/s | Y:    0.37°/s | Z:   -0.19°/s
X:   -0.72°/s | Y:    0.37°/s | Z:    0.07°/s
X:    0.19°/s | Y:    0.12°/s | Z:   -0.60°/s
X:   -0.30°/s | Y:    0.28°/s | Z:   -0.89°/s
X:   -0.54°/s | Y:    0.47°/s | Z:   -0.49°/s
X:    0.09°/s | Y:    0.21°/s | Z:   -0.09°/s
X:    0.00°/s | Y:    0.44°/s | Z:   -0.31°/s
X:   -0.25°/s | Y:    0.33°/s | Z:   -0.23°/s
X:   -0.17°/s | Y:    0.21°/s | Z:   -0.63°/s
X:   -0.37°/s | Y:    0.35°/s | Z:   -0.42°/s
X:   -0.16°/s | Y:    0.35°/s | Z:   -0.16°/s
X:   -0.67°/s | Y:    0.37°/s | Z:   -0.25°/s
X:   -0.42°/s | Y:   -0.17°/s | Z:   -0.51°/s
X:   -0.65°/s | Y:    0.25°/s | Z:   -0.14°/s
X:   -0.60°/s | Y:    0.31°/s | Z:   -0.65°/s
X:   -0.54°/s | Y:    0.33°/s | Z:   -0.89°/s
X:   -0.26°/s | Y:    0.12°/s | Z:    0.31°/s
X:   -0.30°/s | Y:    0.60°/s | Z:   -0.33°/s
X:   -0.40°/s | Y:    0.51°/s | Z:   -0.67°/s
X:   -0.54°/s | Y:    0.70°/s | Z:   -0.68°/s
X:   -0.65°/s | Y:    0.17°/s | Z:   -1.00°/s
X:   -0.30°/s | Y:    0.14°/s | Z:   -0.60°/s
X:   -0.05°/s | Y:    0.21°/s | Z:   -0.98°/s
X:   -0.16°/s | Y:    0.28°/s | Z:   -0.33°/s
X:   -0.51°/s | Y:   -0.04°/s | Z:   -0.54°/s
X:   -0.26°/s | Y:    0.23°/s | Z:   -0.68°/s
X:   -0.68°/s | Y:    0.25°/s | Z:   -0.40°/s
X:   -0.16°/s | Y:    0.51°/s | Z:   -0.68°/s
X:   -0.65°/s | Y:    0.05°/s | Z:   -0.19°/s
X:   -0.38°/s | Y:    0.26°/s | Z:   -0.17°/s
X:   -0.26°/s | Y:    0.30°/s | Z:   -0.46°/s
X:   -0.56°/s | Y:    0.17°/s | Z:   -0.47°/s
X:   -0.33°/s | Y:    0.07°/s | Z:   -0.51°/s
X:   -0.37°/s | Y:    0.12°/s | Z:   -0.74°/s
X:   -0.49°/s | Y:    0.19°/s | Z:   -0.42°/s
X:   -0.35°/s | Y:    0.60°/s | Z:   -0.44°/s
X:   -0.35°/s | Y:    0.44°/s | Z:   -0.56°/s
X:   -0.04°/s | Y:    0.31°/s | Z:   -0.44°/s
X:   -0.38°/s | Y:    0.49°/s | Z:   -0.61°/s
X:   -0.44°/s | Y:    0.63°/s | Z:   -0.04°/s
X:   -0.46°/s | Y:   -0.05°/s | Z:   -0.65°/s
X:   -0.61°/s | Y:    0.28°/s | Z:   -0.07°/s
X:   -0.51°/s | Y:    0.02°/s | Z:   -0.16°/s
X:   -0.16°/s | Y:    4.43°/s | Z:   -0.79°/s
X:   -0.21°/s | Y:    0.04°/s | Z:   -0.81°/s
X:   -0.54°/s | Y:    0.35°/s | Z:   -0.60°/s
X:   -0.33°/s | Y:    0.05°/s | Z:   -0.84°/s
X:   -0.38°/s | Y:    0.25°/s | Z:   -0.26°/s
X:   -0.14°/s | Y:    0.42°/s | Z:   -0.63°/s
X:   -0.26°/s | Y:    0.17°/s | Z:   -0.23°/s
X:   -0.35°/s | Y:    0.19°/s | Z:   -0.77°/s
X:    0.14°/s | Y:    0.25°/s | Z:   -0.28°/s
X:   -0.54°/s | Y:    0.14°/s | Z:   -0.16°/s
X:   -0.38°/s | Y:    0.17°/s | Z:   -1.09°/s
X:   -0.42°/s | Y:    0.44°/s | Z:   -0.49°/s
X:   -0.54°/s | Y:    0.31°/s | Z:   -0.68°/s
X:   -0.26°/s | Y:    0.93°/s | Z:   -0.40°/s
X:   -0.79°/s | Y:    0.54°/s | Z:   -0.33°/s
X:    0.00°/s | Y:    0.37°/s | Z:   -0.86°/s
X:   -0.21°/s | Y:    0.67°/s | Z:   -0.60°/s
X:   -0.61°/s | Y:    0.61°/s | Z:   -0.46°/s
X:   -0.26°/s | Y:    0.42°/s | Z:   -0.17°/s
X:   -0.54°/s | Y:    0.38°/s | Z:   -1.05°/s
X:   -0.33°/s | Y:    0.51°/s | Z:   -0.56°/s
X:   -0.33°/s | Y:    0.16°/s | Z:   -0.61°/s
X:   -0.47°/s | Y:   -0.04°/s | Z:   -0.26°/s
X:   -0.31°/s | Y:    0.33°/s | Z:   -0.61°/s
X:    0.00°/s | Y:    0.30°/s | Z:   -0.61°/s
X:   -0.49°/s | Y:    0.30°/s | Z:   -0.28°/s
X:   -0.31°/s | Y:    0.19°/s | Z:   -0.56°/s
X:   -0.21°/s | Y:    0.23°/s | Z:   -0.93°/s
X:   -0.05°/s | Y:    0.65°/s | Z:   -0.46°/s
X:   -0.17°/s | Y:   -0.19°/s | Z:   -0.42°/s
X:   -0.10°/s | Y:    0.23°/s | Z:   -0.44°/s
X:   -0.09°/s | Y:    0.12°/s | Z:   -0.81°/s
X:   -0.61°/s | Y:    0.23°/s | Z:   -0.26°/s
X:   -0.14°/s | Y:    0.52°/s | Z:   -0.72°/s
X:   -0.33°/s | Y:    0.12°/s | Z:   -0.26°/s
X:   -0.30°/s | Y:    0.17°/s | Z:   -0.30°/s
X:   -0.51°/s | Y:    0.51°/s | Z:   -0.16°/s
X:   -0.65°/s | Y:    0.74°/s | Z:   -0.56°/s
X:   -0.31°/s | Y:    0.44°/s | Z:   -0.60°/s
X:   -0.72°/s | Y:    0.31°/s | Z:   -0.49°/s
X:   -0.46°/s | Y:    0.42°/s | Z:   -0.79°/s
X:   -0.63°/s | Y:   -0.16°/s | Z:   -0.79°/s
X:   -0.38°/s | Y:    0.10°/s | Z:   -0.26°/s
X:   -0.51°/s | Y:    0.17°/s | Z:   -0.54°/s
X:   -0.42°/s | Y:    0.51°/s | Z:   -0.54°/s
X:   -0.12°/s | Y:    0.30°/s | Z:   -0.94°/s
X:    0.00°/s | Y:    0.12°/s | Z:   -0.58°/s
X:   -0.25°/s | Y:    0.47°/s | Z:   -0.72°/s
X:   -0.23°/s | Y:    0.61°/s | Z:   -0.63°/s
X:   -0.30°/s | Y:    0.31°/s | Z:   -0.30°/s
X:   -0.19°/s | Y:   -0.04°/s | Z:   -0.54°/s
X:   -0.21°/s | Y:    0.35°/s | Z:   -0.51°/s
X:   -0.63°/s | Y:    0.81°/s | Z:   -0.70°/s
X:   -0.28°/s | Y:    0.63°/s | Z:   -0.49°/s
X:   -0.37°/s | Y:    0.12°/s | Z:   -0.88°/s
X:   -0.82°/s | Y:   -0.25°/s | Z:   -0.28°/s
X:   -0.89°/s | Y:    0.23°/s | Z:   -0.10°/s
X:   -0.46°/s | Y:    0.79°/s | Z:   -0.84°/s
X:   -0.25°/s | Y:    0.63°/s | Z:   -0.35°/s
X:   -0.07°/s | Y:    0.26°/s | Z:   -0.49°/s
X:   -0.68°/s | Y:   -0.12°/s | Z:   -0.81°/s
X:   -0.10°/s | Y:    0.37°/s | Z:   -0.09°/s
X:   -0.04°/s | Y:    0.28°/s | Z:   -1.19°/s
X:   -0.81°/s | Y:    0.40°/s | Z:   -0.74°/s
X:   -0.17°/s | Y:    0.28°/s | Z:   -0.47°/s
X:   -0.56°/s | Y:    0.30°/s | Z:   -0.38°/s
X:   -0.84°/s | Y:    0.44°/s | Z:   -1.24°/s
X:   -0.17°/s | Y:    0.28°/s | Z:   -0.82°/s
X:   -0.94°/s | Y:    0.49°/s | Z:   -0.07°/s
X:   -0.12°/s | Y:    0.37°/s | Z:   -0.52°/s
X:   -0.16°/s | Y:    0.79°/s | Z:   -0.35°/s
X:   -0.58°/s | Y:    0.47°/s | Z:   -0.16°/s
X:   -0.25°/s | Y:    0.12°/s | Z:   -1.01°/s
X:   -0.38°/s | Y:    0.25°/s | Z:   -0.37°/s
X:   -0.68°/s | Y:    0.42°/s | Z:   -0.63°/s
X:   -0.19°/s | Y:    0.28°/s | Z:   -0.42°/s
X:   -0.58°/s | Y:    0.47°/s | Z:   -0.81°/s
X:   -0.72°/s | Y:    0.30°/s | Z:   -0.47°/s
X:   -0.68°/s | Y:    0.46°/s | Z:   -0.52°/s
X:   -0.40°/s | Y:    0.16°/s | Z:   -0.23°/s
X:   -0.44°/s | Y:    0.23°/s | Z:   -0.37°/s
X:   -0.56°/s | Y:    0.58°/s | Z:   -0.33°/s
X:   -0.23°/s | Y:    0.23°/s | Z:   -0.12°/s
X:   -0.21°/s | Y:    0.12°/s | Z:   -0.68°/s
X:   -0.21°/s | Y:    0.05°/s | Z:   -0.91°/s
X:   -0.31°/s | Y:    0.14°/s | Z:   -0.81°/s
X:   -0.54°/s | Y:    0.14°/s | Z:   -0.74°/s
X:   -0.33°/s | Y:    0.65°/s | Z:   -0.61°/s
X:   -0.44°/s | Y:    0.37°/s | Z:   -0.52°/s
X:   -0.31°/s | Y:    0.09°/s | Z:   -0.70°/s
X:   -0.44°/s | Y:    0.37°/s | Z:   -0.30°/s
X:   -0.46°/s | Y:    0.91°/s | Z:   -0.19°/s
X:   -0.35°/s | Y:   -0.25°/s | Z:   -1.00°/s
X:   -0.31°/s | Y:    0.52°/s | Z:   -0.38°/s
X:   -0.10°/s | Y:   -0.07°/s | Z:   -0.54°/s
X:   -0.26°/s | Y:    0.23°/s | Z:   -0.23°/s
X:   -0.31°/s | Y:    0.54°/s | Z:   -0.79°/s
X:   -0.70°/s | Y:    0.31°/s | Z:   -0.42°/s
X:   -0.25°/s | Y:    0.14°/s | Z:   -0.58°/s
X:   -4.46°/s | Y:    0.14°/s | Z:   -0.79°/s
X:   -0.68°/s | Y:    0.23°/s | Z:   -0.35°/s
X:   -0.82°/s | Y:    0.21°/s | Z:    0.07°/s
X:   -0.33°/s | Y:    0.07°/s | Z:   -0.16°/s
X:   -0.88°/s | Y:    0.19°/s | Z:   -0.28°/s
X:   -0.70°/s | Y:    0.12°/s | Z:   -0.58°/s
X:    0.38°/s | Y:   -0.16°/s | Z:   -0.09°/s
X:   -0.04°/s | Y:    0.47°/s | Z:   -0.82°/s
X:   -0.37°/s | Y:    0.54°/s | Z:   -0.37°/s
X:   -0.47°/s | Y:    0.31°/s | Z:   -0.54°/s
X:   -0.49°/s | Y:    0.51°/s | Z:   -0.72°/s
X:   -0.02°/s | Y:    0.37°/s | Z:   -0.52°/s
X:   -0.19°/s | Y:    0.49°/s | Z:   -0.84°/s
X:   -0.82°/s | Y:   -0.07°/s | Z:   -0.33°/s
X:   -0.58°/s | Y:    0.28°/s | Z:    0.49°/s
X:   -0.28°/s | Y:    0.68°/s | Z:   -0.37°/s
X:   -0.23°/s | Y:    0.58°/s | Z:   -0.38°/s
X:   -0.21°/s | Y:    0.49°/s | Z:   -0.10°/s
X:    0.30°/s | Y:    0.33°/s | Z:   -1.35°/s
X:    0.16°/s | Y:    0.63°/s | Z:   -1.52°/s
X:    0.09°/s | Y:    0.28°/s | Z:   -1.07°/s
X:   -0.88°/s | Y:    0.35°/s | Z:   -0.33°/s
X:   -0.86°/s | Y:    0.19°/s | Z:   -0.25°/s
X:   -0.17°/s | Y:    0.44°/s | Z:   -1.17°/s
X:    0.10°/s | Y:    0.38°/s | Z:   -0.63°/s
X:   -0.30°/s | Y:   -0.54°/s | Z:    0.47°/s
X:   -8.54°/s | Y:  -11.74°/s | Z:   -8.72°/s
⚠️  ANOMALY #3: Δx=16.42, Δy=106.36, Δz=10.53
⚠️  ANOMALY #4: Δx=1.05, Δy=106.63, Δz=2.96
X:    0.75°/s | Y:   -1.33°/s | Z:   -0.37°/s
X:   -0.38°/s | Y:    0.12°/s | Z:   -0.60°/s
X:   -0.12°/s | Y:    0.49°/s | Z:   -0.47°/s
X:   -0.46°/s | Y:    0.09°/s | Z:   -0.07°/s
X:   -0.54°/s | Y:   -0.05°/s | Z:    0.14°/s
X:   -7.19°/s | Y:   12.90°/s | Z:    5.27°/s
X:    9.94°/s | Y:   -0.14°/s | Z:    5.95°/s
X:   -2.24°/s | Y:    8.66°/s | Z:   -4.81°/s
X:   -3.45°/s | Y:    9.43°/s | Z:  -12.18°/s
X:   -0.21°/s | Y:   10.94°/s | Z:   -0.38°/s

📊 Interrupt Stats (every 1000 loops / ~2.5s):
  Avg Cycles/Loop: 180000
  Loop Time: 2500.000μs
  Anomalies: 4
  CPU Usage: 0.10%
──────────────────────────────────────
X:   13.51°/s | Y:   23.96°/s | Z:   -9.90°/s
X:  -43.82°/s | Y:   74.86°/s | Z:   11.02°/s
X:  -12.93°/s | Y:   67.13°/s | Z:   22.82°/s
X:    5.11°/s | Y:   89.55°/s | Z:   34.19°/s
X:   -4.83°/s | Y:   76.68°/s | Z:   39.57°/s
X:   -2.00°/s | Y:   55.42°/s | Z:   20.26°/s
X:   -9.27°/s | Y:   22.91°/s | Z:   13.88°/s
X:   -2.20°/s | Y:   25.20°/s | Z:   15.57°/s
X:    8.12°/s | Y:   14.56°/s | Z:   16.85°/s
X:    8.40°/s | Y:   -1.26°/s | Z:    8.52°/s
X:   -0.37°/s | Y:  -16.08°/s | Z:    7.58°/s
X:   -9.08°/s | Y:  -16.57°/s | Z:    0.02°/s
X:    2.17°/s | Y:   -9.22°/s | Z:   -5.34°/s
X:    0.44°/s | Y:   -1.94°/s | Z:  -13.63°/s
X:    0.16°/s | Y:  -21.96°/s | Z:  -20.12°/s
X:   -3.71°/s | Y:  -24.03°/s | Z:  -33.79°/s
X:  -19.18°/s | Y:  -21.21°/s | Z:  -59.81°/s
X:  -15.07°/s | Y:  -18.11°/s | Z:  -59.71°/s
X:    5.43°/s | Y:  -47.35°/s | Z:  -13.18°/s
X:   14.09°/s | Y:    6.21°/s | Z:    1.80°/s
X:   -1.38°/s | Y:  -32.48°/s | Z:    4.86°/s
X:   -2.10°/s | Y:  -39.11°/s | Z:    2.43°/s
X:    0.51°/s | Y:  -43.98°/s | Z:   -5.06°/s
X:    0.05°/s | Y:  -17.89°/s | Z:   -2.52°/s
X:   11.06°/s | Y: -136.24°/s | Z:   -1.52°/s
X:   10.66°/s | Y: -173.60°/s | Z:    1.42°/s
⚠️  ANOMALY #5: Δx=11.57, Δy=172.59, Δz=3.52
X:    5.41°/s | Y:    8.15°/s | Z:   -1.91°/s
X:   -0.10°/s | Y:    0.17°/s | Z:   -0.46°/s
X:    0.21°/s | Y:    0.21°/s | Z:   -0.05°/s
X:   -0.49°/s | Y:    0.44°/s | Z:   -0.05°/s
X:   -0.17°/s | Y:    0.56°/s | Z:   -1.03°/s
X:   -0.70°/s | Y:    0.16°/s | Z:   -0.61°/s
X:   -0.56°/s | Y:    0.47°/s | Z:   -0.67°/s
X:   -0.05°/s | Y:   -0.12°/s | Z:   -0.10°/s
X:    0.12°/s | Y:    0.42°/s | Z:    0.00°/s
X:   -0.54°/s | Y:    0.21°/s | Z:   -0.28°/s
X:   -0.54°/s | Y:    0.26°/s | Z:    0.25°/s
X:   -0.63°/s | Y:    0.52°/s | Z:   -0.77°/s
X:   -0.60°/s | Y:   -0.07°/s | Z:   -0.28°/s
X:   -0.61°/s | Y:    0.47°/s | Z:   -0.67°/s
X:   -0.44°/s | Y:    0.23°/s | Z:   -0.10°/s
X:   -0.38°/s | Y:    0.46°/s | Z:   -0.70°/s
X:   -0.40°/s | Y:    0.10°/s | Z:   -0.21°/s
X:   -0.40°/s | Y:    0.00°/s | Z:   -0.26°/s
X:   -0.67°/s | Y:   -0.05°/s | Z:   -1.01°/s
X:   -0.40°/s | Y:    0.54°/s | Z:   -0.86°/s
X:   -0.21°/s | Y:    0.40°/s | Z:   -0.33°/s
X:   -0.31°/s | Y:    0.28°/s | Z:   -0.70°/s
X:   -0.30°/s | Y:    0.68°/s | Z:   -0.49°/s
X:    0.04°/s | Y:    0.09°/s | Z:   -0.67°/s
X:   -0.28°/s | Y:    0.44°/s | Z:   -0.56°/s
X:   -0.35°/s | Y:    0.56°/s | Z:   -0.42°/s
X:   -0.10°/s | Y:    0.17°/s | Z:   -0.61°/s
X:   -0.35°/s | Y:    0.25°/s | Z:   -0.56°/s
X:   -0.30°/s | Y:    0.52°/s | Z:   -0.54°/s
X:   -0.44°/s | Y:    0.40°/s | Z:   -0.51°/s
X:   -0.52°/s | Y:    0.16°/s | Z:   -0.14°/s
X:   -0.21°/s | Y:    0.10°/s | Z:   -0.26°/s
X:   -0.63°/s | Y:    0.51°/s | Z:   -0.02°/s
X:   -0.40°/s | Y:    0.93°/s | Z:   -0.54°/s
X:   -0.42°/s | Y:    0.23°/s | Z:   -0.40°/s
X:   -0.70°/s | Y:   -0.05°/s | Z:   -0.42°/s
X:   -0.70°/s | Y:    0.35°/s | Z:   -0.46°/s
X:   -0.52°/s | Y:    0.46°/s | Z:   -0.67°/s
X:   -0.65°/s | Y:    0.61°/s | Z:   -0.65°/s
X:   -0.44°/s | Y:    0.28°/s | Z:   -0.52°/s
X:   -0.25°/s | Y:    0.54°/s | Z:   -0.46°/s
X:   -0.40°/s | Y:    0.14°/s | Z:   -0.84°/s
X:   -0.35°/s | Y:    0.30°/s | Z:   -0.38°/s
X:    0.05°/s | Y:    0.54°/s | Z:    0.10°/s
X:   -0.10°/s | Y:    0.35°/s | Z:   -0.56°/s
X:   -0.30°/s | Y:    0.44°/s | Z:   -0.60°/s
X:   -0.58°/s | Y:    0.30°/s | Z:   -0.52°/s
X:   -0.23°/s | Y:    0.19°/s | Z:   -0.25°/s
X:   -0.65°/s | Y:    0.14°/s | Z:   -0.79°/s
X:   -0.51°/s | Y:    0.05°/s | Z:   -0.38°/s
X:   -0.25°/s | Y:    0.14°/s | Z:   -0.58°/s
X:   -0.40°/s | Y:    0.40°/s | Z:   -1.07°/s
X:   -0.68°/s | Y:    0.72°/s | Z:   -0.23°/s
X:   -0.09°/s | Y:    0.40°/s | Z:   -0.35°/s
X:   -0.60°/s | Y:    0.21°/s | Z:   -0.09°/s
X:   -0.58°/s | Y:    0.37°/s | Z:   -0.05°/s
X:   -0.16°/s | Y:    0.40°/s | Z:   -0.19°/s
X:   -0.31°/s | Y:    0.42°/s | Z:   -0.35°/s
X:   -0.02°/s | Y:    0.49°/s | Z:   -1.00°/s
X:    0.16°/s | Y:    0.10°/s | Z:   -0.35°/s
X:   -0.72°/s | Y:    0.16°/s | Z:   -0.33°/s
X:   -0.52°/s | Y:    0.38°/s | Z:   -0.35°/s
X:   -0.16°/s | Y:    0.17°/s | Z:   -0.46°/s
X:   -0.12°/s | Y:    0.23°/s | Z:   -0.46°/s
X:   -0.70°/s | Y:    0.23°/s | Z:   -1.00°/s
X:   -0.68°/s | Y:    0.17°/s | Z:   -0.74°/s
X:   -0.47°/s | Y:    0.28°/s | Z:   -0.65°/s
X:   -0.40°/s | Y:    0.33°/s | Z:   -0.47°/s
X:   -0.44°/s | Y:    0.28°/s | Z:   -0.56°/s
X:   -0.46°/s | Y:    0.26°/s | Z:   -0.47°/s
X:   -0.40°/s | Y:    0.65°/s | Z:   -0.16°/s
X:   -0.23°/s | Y:    0.37°/s | Z:   -0.31°/s
X:   -0.09°/s | Y:    0.47°/s | Z:   -0.40°/s
X:   -0.31°/s | Y:    0.54°/s | Z:   -0.63°/s
X:   -0.19°/s | Y:    0.00°/s | Z:   -0.44°/s
X:   -0.33°/s | Y:    0.35°/s | Z:   -0.26°/s
X:   -0.38°/s | Y:   -0.09°/s | Z:   -0.60°/s
X:   -0.42°/s | Y:    0.19°/s | Z:   -0.46°/s
X:    0.02°/s | Y:    0.46°/s | Z:   -0.77°/s
X:   -0.38°/s | Y:    0.21°/s | Z:   -0.31°/s
X:    0.09°/s | Y:    0.21°/s | Z:   -0.86°/s
X:   -0.26°/s | Y:    0.10°/s | Z:   -0.25°/s
X:   -0.47°/s | Y:    0.52°/s | Z:   -0.21°/s
X:   -0.52°/s | Y:    0.12°/s | Z:   -0.61°/s
X:   -0.25°/s | Y:    0.54°/s | Z:   -0.12°/s
X:   -0.25°/s | Y:    0.17°/s | Z:   -0.30°/s
X:   -0.10°/s | Y:    0.31°/s | Z:   -0.47°/s
X:   -1.00°/s | Y:    0.23°/s | Z:   -0.44°/s
X:   -0.61°/s | Y:    0.70°/s | Z:   -0.31°/s
X:   -0.52°/s | Y:    0.10°/s | Z:   -0.86°/s
X:   -0.12°/s | Y:    0.19°/s | Z:   -0.72°/s
X:   -1.26°/s | Y:    0.31°/s | Z:   -0.16°/s
X:   -0.56°/s | Y:    0.58°/s | Z:   -0.10°/s
X:   -0.96°/s | Y:    0.10°/s | Z:   -0.38°/s
X:   -0.74°/s | Y:    0.35°/s | Z:    0.26°/s
X:   -0.42°/s | Y:    0.05°/s | Z:   -0.16°/s
X:   -0.31°/s | Y:   -0.02°/s | Z:   -0.68°/s
X:   -0.38°/s | Y:    0.21°/s | Z:   -0.72°/s
X:   -0.37°/s | Y:    0.19°/s | Z:   -0.65°/s
X:    0.37°/s | Y:    0.56°/s | Z:   -1.03°/s
X:   -0.07°/s | Y:    0.67°/s | Z:   -0.75°/s
X:   -0.19°/s | Y:    0.81°/s | Z:   -0.21°/s
X:   -0.89°/s | Y:   -0.23°/s | Z:   -0.02°/s
X:   -0.67°/s | Y:   -0.09°/s | Z:   -0.16°/s
X:   -0.05°/s | Y:    0.17°/s | Z:   -0.54°/s
X:   -0.10°/s | Y:    0.14°/s | Z:   -0.68°/s
X:   -0.72°/s | Y:    0.46°/s | Z:   -0.26°/s
X:   -0.56°/s | Y:    0.14°/s | Z:   -0.38°/s
X:   -0.56°/s | Y:    0.12°/s | Z:   -0.42°/s
X:   -0.07°/s | Y:   -0.02°/s | Z:   -0.75°/s
X:   -0.52°/s | Y:    0.37°/s | Z:   -0.63°/s
X:   -0.58°/s | Y:    0.40°/s | Z:   -0.33°/s
X:   -0.56°/s | Y:   -0.25°/s | Z:   -0.49°/s
X:   -0.44°/s | Y:    0.33°/s | Z:   -0.68°/s
X:   -0.54°/s | Y:    0.19°/s | Z:    0.00°/s
X:   -0.93°/s | Y:   -0.04°/s | Z:   -0.38°/s
X:   -0.31°/s | Y:    0.12°/s | Z:   -0.63°/s
X:   -0.37°/s | Y:    0.40°/s | Z:   -0.19°/s
X:   -0.40°/s | Y:    0.31°/s | Z:   -0.54°/s
X:   -0.31°/s | Y:    0.79°/s | Z:   -0.79°/s
X:   -0.31°/s | Y:    0.54°/s | Z:   -0.77°/s
X:   -0.05°/s | Y:    0.65°/s | Z:   -0.56°/s
X:   -0.33°/s | Y:    0.35°/s | Z:   -0.86°/s
X:   -0.51°/s | Y:    0.70°/s | Z:   -0.14°/s
X:   -0.52°/s | Y:    0.31°/s | Z:   -0.46°/s
X:   -0.31°/s | Y:    0.42°/s | Z:   -0.17°/s
X:   -0.44°/s | Y:    0.17°/s | Z:   -0.77°/s
X:   -0.52°/s | Y:   -0.04°/s | Z:   -0.72°/s
X:   -0.63°/s | Y:    0.10°/s | Z:   -0.65°/s
X:   -0.07°/s | Y:    0.12°/s | Z:   -0.89°/s
X:   -0.31°/s | Y:    0.35°/s | Z:   -0.28°/s
X:   -0.31°/s | Y:    0.02°/s | Z:   -0.65°/s
X:   -0.61°/s | Y:    0.44°/s | Z:   -0.93°/s
X:   -0.37°/s | Y:    0.16°/s | Z:   -0.38°/s
X:   -0.42°/s | Y:    0.52°/s | Z:   -0.51°/s
X:   -0.31°/s | Y:    0.47°/s | Z:   -0.37°/s
X:   -0.21°/s | Y:    0.35°/s | Z:   -0.82°/s
X:   -0.63°/s | Y:    0.40°/s | Z:   -0.91°/s
X:   -0.04°/s | Y:    0.30°/s | Z:   -0.47°/s
X:   -0.19°/s | Y:    0.12°/s | Z:   -0.23°/s
X:   -0.77°/s | Y:    0.67°/s | Z:   -0.38°/s
X:   -0.19°/s | Y:    0.65°/s | Z:   -0.60°/s
X:   -0.26°/s | Y:    0.35°/s | Z:   -0.31°/s
X:   -0.67°/s | Y:    0.51°/s | Z:   -0.44°/s
X:   -0.28°/s | Y:    0.10°/s | Z:   -0.35°/s
X:   -0.47°/s | Y:    0.17°/s | Z:   -0.75°/s
X:   -0.28°/s | Y:    0.30°/s | Z:   -0.28°/s
X:   -0.65°/s | Y:   -0.21°/s | Z:    0.09°/s
X:   -0.77°/s | Y:    0.05°/s | Z:   -0.19°/s
X:   -0.35°/s | Y:    0.77°/s | Z:    0.00°/s
X:    0.00°/s | Y:    0.02°/s | Z:   -0.38°/s
X:   -0.56°/s | Y:    0.30°/s | Z:   -0.82°/s
X:   -0.07°/s | Y:    0.30°/s | Z:   -0.25°/s
X:   -0.16°/s | Y:    0.17°/s | Z:    0.10°/s
X:   -0.16°/s | Y:    0.63°/s | Z:   -0.94°/s
X:   -0.25°/s | Y:    0.07°/s | Z:   -0.52°/s
X:   -0.54°/s | Y:    0.17°/s | Z:   -0.63°/s
X:   -0.17°/s | Y:    0.44°/s | Z:   -0.49°/s
X:   -0.30°/s | Y:    0.38°/s | Z:   -0.81°/s
X:   -0.16°/s | Y:    0.14°/s | Z:   -0.40°/s
X:   -0.46°/s | Y:    0.00°/s | Z:   -0.23°/s
X:   -0.31°/s | Y:    0.10°/s | Z:   -0.33°/s
X:    0.02°/s | Y:    0.63°/s | Z:   -0.65°/s
X:   -0.38°/s | Y:    0.38°/s | Z:   -0.88°/s
X:   -0.25°/s | Y:    0.56°/s | Z:   -0.09°/s
X:   -0.28°/s | Y:   -0.12°/s | Z:   -0.21°/s
X:   -0.58°/s | Y:    0.04°/s | Z:   -0.38°/s
X:   -0.17°/s | Y:    0.28°/s | Z:   -0.37°/s
X:   -0.58°/s | Y:    0.09°/s | Z:   -0.52°/s
X:   -0.65°/s | Y:    0.17°/s | Z:   -0.26°/s
X:    0.16°/s | Y:    0.09°/s | Z:   -0.40°/s
X:   -0.31°/s | Y:    0.33°/s | Z:   -0.49°/s
X:   -0.31°/s | Y:    0.33°/s | Z:   -4.36°/s
X:   -0.23°/s | Y:    0.31°/s | Z:   -0.42°/s
X:   -0.31°/s | Y:    0.35°/s | Z:   -0.79°/s
X:   -0.56°/s | Y:    0.46°/s | Z:   -0.37°/s
X:   -0.40°/s | Y:    0.00°/s | Z:   -0.14°/s
X:   -0.02°/s | Y:    0.42°/s | Z:   -0.46°/s
X:   -0.60°/s | Y:    0.58°/s | Z:   -0.60°/s
X:   -0.14°/s | Y:    0.30°/s | Z:   -0.09°/s
X:   -0.33°/s | Y:    0.42°/s | Z:   -0.65°/s
X:   -0.51°/s | Y:   -0.25°/s | Z:   -0.52°/s
X:   -0.26°/s | Y:    0.67°/s | Z:   -0.70°/s
X:   -0.31°/s | Y:    0.19°/s | Z:   -0.21°/s
X:   -0.14°/s | Y:   -0.05°/s | Z:   -0.30°/s
X:   -0.60°/s | Y:    0.05°/s | Z:   -0.52°/s
X:   -0.28°/s | Y:    0.67°/s | Z:   -0.21°/s
X:   -0.37°/s | Y:    0.54°/s | Z:   -0.42°/s
X:   -4.43°/s | Y:    0.25°/s | Z:   -0.23°/s
X:   -0.47°/s | Y:    0.31°/s | Z:   -0.58°/s
X:   -0.16°/s | Y:    0.54°/s | Z:    0.05°/s
X:   -0.09°/s | Y:    0.12°/s | Z:   -0.38°/s
X:   -0.33°/s | Y:    0.16°/s | Z:   -0.79°/s
X:   -0.81°/s | Y:    0.23°/s | Z:    0.21°/s
X:   -0.77°/s | Y:    0.65°/s | Z:   -0.05°/s
X:   -0.26°/s | Y:    0.35°/s | Z:   -0.75°/s
X:    0.10°/s | Y:    0.30°/s | Z:   -0.93°/s
X:   -0.49°/s | Y:    0.42°/s | Z:   -0.10°/s
X:   -0.05°/s | Y:    0.16°/s | Z:   -1.12°/s
X:   -0.40°/s | Y:    0.40°/s | Z:   -0.19°/s
X:   -0.26°/s | Y:    0.30°/s | Z:   -0.31°/s
X:   -0.31°/s | Y:    0.21°/s | Z:    0.00°/s
X:   -0.77°/s | Y:    0.38°/s | Z:   -0.33°/s
X:   -0.52°/s | Y:    0.19°/s | Z:   -0.46°/s
X:   -0.04°/s | Y:    0.12°/s | Z:   -0.30°/s
X:    0.00°/s | Y:    0.40°/s | Z:   -0.74°/s
X:   -0.65°/s | Y:    0.47°/s | Z:   -0.51°/s
X:   -0.37°/s | Y:    0.00°/s | Z:    0.14°/s
X:   -0.05°/s | Y:   -0.04°/s | Z:   -0.21°/s
X:   -0.14°/s | Y:    0.04°/s | Z:   -0.65°/s
X:   -0.31°/s | Y:    0.56°/s | Z:   -0.65°/s
X:   -0.63°/s | Y:    0.37°/s | Z:   -0.33°/s
X:   -0.10°/s | Y:    0.04°/s | Z:   -0.54°/s
X:   -0.52°/s | Y:    0.58°/s | Z:   -0.63°/s
X:   -0.38°/s | Y:    0.33°/s | Z:   -0.75°/s
X:   -0.23°/s | Y:    0.33°/s | Z:   -0.17°/s
X:   -0.28°/s | Y:    0.25°/s | Z:   -0.31°/s
X:   -0.49°/s | Y:    0.44°/s | Z:   -0.28°/s
X:   -0.61°/s | Y:    0.25°/s | Z:   -0.30°/s
X:   -0.79°/s | Y:    0.05°/s | Z:   -0.61°/s
X:   -0.09°/s | Y:    0.00°/s | Z:   -0.28°/s
X:   -0.42°/s | Y:    0.42°/s | Z:   -0.60°/s
X:   -0.51°/s | Y:    0.46°/s | Z:   -0.35°/s
X:   -0.38°/s | Y:   -0.07°/s | Z:   -0.79°/s

📊 Interrupt Stats (every 1000 loops / ~2.5s):
  Avg Cycles/Loop: 180000
  Loop Time: 2500.000μs
  Anomalies: 5
  CPU Usage: 0.10%
──────────────────────────────────────
X:   -0.28°/s | Y:    0.35°/s | Z:   -0.40°/s
X:   -0.16°/s | Y:    0.84°/s | Z:   -1.23°/s
X:   -0.51°/s | Y:    0.40°/s | Z:   -0.84°/s
X:   -0.31°/s | Y:    0.14°/s | Z:   -0.94°/s
X:   -0.31°/s | Y:    0.70°/s | Z:   -0.75°/s
X:   -0.17°/s | Y:    0.37°/s | Z:   -0.74°/s
X:   -0.44°/s | Y:    0.33°/s | Z:   -0.68°/s
X:   -0.30°/s | Y:    0.19°/s | Z:   -0.51°/s
X:   -0.49°/s | Y:    0.25°/s | Z:   -0.72°/s
X:   -0.35°/s | Y:    0.70°/s | Z:   -0.47°/s
X:   -0.17°/s | Y:    0.46°/s | Z:   -0.02°/s
X:   -1.40°/s | Y:    0.28°/s | Z:    0.14°/s
X:   -0.19°/s | Y:   -0.09°/s | Z:   -0.98°/s
X:   -0.09°/s | Y:    0.07°/s | Z:   -1.10°/s
X:   -0.46°/s | Y:    0.40°/s | Z:   -0.25°/s
X:   -0.31°/s | Y:    0.38°/s | Z:   -0.88°/s
X:    0.21°/s | Y:    0.46°/s | Z:   -0.86°/s
X:    0.42°/s | Y:   -0.12°/s | Z:   -0.75°/s
X:   -0.23°/s | Y:    0.10°/s | Z:   -0.26°/s
X:   -0.81°/s | Y:    0.52°/s | Z:   -0.49°/s
X:   -0.14°/s | Y:    0.42°/s | Z:   -0.67°/s
X:   -0.46°/s | Y:    0.61°/s | Z:   -0.26°/s
X:   -0.21°/s | Y:    0.10°/s | Z:   -0.61°/s
X:   -0.19°/s | Y:   -0.10°/s | Z:   -0.07°/s
X:   -0.19°/s | Y:    0.38°/s | Z:   -0.67°/s
X:   -0.28°/s | Y:    0.61°/s | Z:   -0.21°/s
X:   -0.47°/s | Y:    0.23°/s | Z:   -0.17°/s
X:   -0.75°/s | Y:   -0.21°/s | Z:   -0.82°/s
X:   -0.47°/s | Y:    0.94°/s | Z:   -0.42°/s
X:    0.09°/s | Y:    0.47°/s | Z:   -0.37°/s
X:    0.10°/s | Y:    0.51°/s | Z:   -0.98°/s
X:   -0.25°/s | Y:    0.61°/s | Z:   -0.33°/s
X:   -0.09°/s | Y:    0.09°/s | Z:   -0.42°/s
X:   -0.12°/s | Y:    0.49°/s | Z:   -0.26°/s
X:    0.02°/s | Y:    0.21°/s | Z:   -0.38°/s
X:   -0.42°/s | Y:    0.67°/s | Z:   -0.12°/s
X:   -0.49°/s | Y:    0.19°/s | Z:   -0.17°/s
X:   -0.21°/s | Y:    0.25°/s | Z:   -0.26°/s
X:   -0.46°/s | Y:    0.16°/s | Z:   -0.54°/s
X:   -0.49°/s | Y:    0.28°/s | Z:   -0.28°/s
X:   -0.54°/s | Y:    0.37°/s | Z:   -1.15°/s
X:   -0.40°/s | Y:    0.56°/s | Z:   -0.63°/s
X:   -0.30°/s | Y:    0.35°/s | Z:   -0.60°/s
X:   -0.56°/s | Y:    0.16°/s | Z:   -0.65°/s
X:   -0.56°/s | Y:    0.58°/s | Z:   -0.07°/s
X:   -0.16°/s | Y:    0.21°/s | Z:   -0.68°/s
X:   -0.19°/s | Y:    0.25°/s | Z:   -0.67°/s
X:   -0.28°/s | Y:    0.31°/s | Z:   -0.30°/s
X:   -0.47°/s | Y:    0.33°/s | Z:   -0.31°/s
X:   -0.40°/s | Y:    0.19°/s | Z:   -0.42°/s
X:   -0.05°/s | Y:    0.28°/s | Z:   -1.10°/s
X:   -0.42°/s | Y:    0.28°/s | Z:   -0.58°/s
X:   -1.43°/s | Y:    0.77°/s | Z:   -0.14°/s
X:   -0.26°/s | Y:    0.63°/s | Z:   -0.52°/s
X:   -0.02°/s | Y:    0.44°/s | Z:   -0.75°/s
X:   -0.54°/s | Y:    0.42°/s | Z:   -0.05°/s
X:   -0.75°/s | Y:    0.56°/s | Z:   -0.42°/s
X:   -0.30°/s | Y:    0.65°/s | Z:   -0.33°/s
X:   -0.40°/s | Y:    0.07°/s | Z:   -0.38°/s
X:   -0.28°/s | Y:    0.23°/s | Z:   -0.74°/s
X:   -0.56°/s | Y:    0.16°/s | Z:   -0.38°/s
X:   -0.98°/s | Y:    0.10°/s | Z:   -0.04°/s
X:   -0.74°/s | Y:    0.60°/s | Z:   -0.60°/s
X:   -0.38°/s | Y:    0.28°/s | Z:   -0.19°/s
X:   -0.51°/s | Y:    0.33°/s | Z:   -0.37°/s
X:   -0.51°/s | Y:    0.23°/s | Z:   -0.58°/s
X:   -0.21°/s | Y:   -0.17°/s | Z:   -0.28°/s
X:   -0.31°/s | Y:    0.51°/s | Z:   -0.56°/s
X:   -0.56°/s | Y:    0.54°/s | Z:   -0.37°/s
X:   -0.72°/s | Y:    0.23°/s | Z:   -0.68°/s
X:   -0.23°/s | Y:    0.31°/s | Z:   -0.52°/s
X:   -0.46°/s | Y:    0.35°/s | Z:   -0.25°/s
X:   -0.63°/s | Y:    0.35°/s | Z:   -0.82°/s
X:   -0.25°/s | Y:    0.09°/s | Z:   -0.89°/s
X:   -0.23°/s | Y:    0.28°/s | Z:   -0.21°/s
X:   -0.25°/s | Y:    0.49°/s | Z:   -0.60°/s
X:   -0.17°/s | Y:    0.42°/s | Z:   -0.84°/s
X:    0.02°/s | Y:    0.30°/s | Z:   -0.42°/s
X:   -0.42°/s | Y:    0.14°/s | Z:   -0.14°/s
X:   -0.17°/s | Y:    0.30°/s | Z:   -0.04°/s
X:   -0.56°/s | Y:    0.58°/s | Z:   -0.23°/s
X:   -0.49°/s | Y:    0.23°/s | Z:   -0.67°/s
X:   -0.30°/s | Y:    0.21°/s | Z:   -0.67°/s
X:   -0.61°/s | Y:   -0.02°/s | Z:   -0.23°/s
X:   -0.37°/s | Y:    0.17°/s | Z:   -0.12°/s
X:   -0.47°/s | Y:    0.00°/s | Z:   -0.63°/s
X:   -0.33°/s | Y:    0.54°/s | Z:   -0.82°/s
X:   -0.46°/s | Y:    0.21°/s | Z:   -0.31°/s
X:   -0.40°/s | Y:    0.23°/s | Z:    0.19°/s
X:   -0.19°/s | Y:    0.25°/s | Z:   -0.61°/s
X:   -0.38°/s | Y:    0.56°/s | Z:   -0.26°/s
X:   -0.30°/s | Y:    0.37°/s | Z:   -0.74°/s
X:   -0.26°/s | Y:    0.44°/s | Z:   -0.25°/s
X:   -0.40°/s | Y:    0.23°/s | Z:   -1.00°/s
X:   -0.88°/s | Y:   -0.09°/s | Z:   -0.40°/s
X:   -0.19°/s | Y:    0.31°/s | Z:   -0.26°/s
X:   -0.63°/s | Y:    0.58°/s | Z:   -1.07°/s
X:   -0.46°/s | Y:    0.42°/s | Z:   -0.46°/s
X:   -0.63°/s | Y:    0.28°/s | Z:   -0.17°/s
X:   -0.44°/s | Y:    0.65°/s | Z:   -0.40°/s
X:   -0.49°/s | Y:    0.05°/s | Z:   -0.23°/s
X:   -0.67°/s | Y:    0.35°/s | Z:   -0.25°/s
X:   -0.33°/s | Y:    0.49°/s | Z:   -0.91°/s
X:   -0.07°/s | Y:    0.51°/s | Z:   -0.31°/s
X:   -0.44°/s | Y:    0.26°/s | Z:    0.04°/s
X:   -0.35°/s | Y:    0.47°/s | Z:   -0.74°/s
X:   -0.28°/s | Y:    0.61°/s | Z:   -0.68°/s
X:   -0.38°/s | Y:    0.40°/s | Z:   -0.47°/s
X:   -0.58°/s | Y:    0.25°/s | Z:   -0.14°/s
X:   -0.44°/s | Y:    0.12°/s | Z:   -0.88°/s
X:   -0.46°/s | Y:    0.52°/s | Z:   -0.65°/s
X:   -0.25°/s | Y:    0.16°/s | Z:   -0.37°/s
X:   -0.16°/s | Y:    0.40°/s | Z:   -0.42°/s
X:   -0.38°/s | Y:   -0.10°/s | Z:   -0.60°/s
X:   -0.60°/s | Y:    0.60°/s | Z:    0.30°/s
X:   -0.67°/s | Y:    0.33°/s | Z:   -0.63°/s
X:   -0.68°/s | Y:    0.23°/s | Z:   -0.81°/s
X:   -0.10°/s | Y:    0.37°/s | Z:   -0.37°/s
X:   -0.21°/s | Y:    0.46°/s | Z:   -0.77°/s
X:   -0.56°/s | Y:    0.54°/s | Z:   -0.42°/s
X:   -0.38°/s | Y:    0.42°/s | Z:   -0.56°/s
X:   -0.61°/s | Y:    0.63°/s | Z:   -0.70°/s
X:   -0.31°/s | Y:    0.12°/s | Z:   -0.26°/s
X:   -0.56°/s | Y:    0.33°/s | Z:   -0.21°/s
X:   -0.46°/s | Y:    0.68°/s | Z:   -0.42°/s
X:   -0.79°/s | Y:    0.21°/s | Z:   -0.51°/s
X:   -0.52°/s | Y:    0.65°/s | Z:   -0.68°/s
X:   -0.23°/s | Y:    0.14°/s | Z:   -0.49°/s
X:   -0.09°/s | Y:    0.51°/s | Z:   -1.03°/s
X:    0.00°/s | Y:    0.23°/s | Z:   -0.52°/s
X:   -0.21°/s | Y:    0.35°/s | Z:   -0.28°/s
X:   -0.35°/s | Y:    0.02°/s | Z:   -0.74°/s
X:   -0.25°/s | Y:    0.16°/s | Z:   -0.49°/s
X:   -0.31°/s | Y:    0.46°/s | Z:   -0.89°/s
X:   -0.21°/s | Y:    0.58°/s | Z:   -0.91°/s
X:   -0.42°/s | Y:   -0.16°/s | Z:   -0.09°/s
X:   -0.30°/s | Y:    0.25°/s | Z:   -1.09°/s
X:   -0.33°/s | Y:    0.07°/s | Z:   -0.37°/s
X:   -0.30°/s | Y:    0.37°/s | Z:   -0.54°/s
X:   -0.25°/s | Y:    0.44°/s | Z:   -0.51°/s
X:   -0.60°/s | Y:    0.23°/s | Z:   -0.86°/s
X:   -0.54°/s | Y:    0.68°/s | Z:   -0.33°/s
X:   -0.44°/s | Y:    0.14°/s | Z:   -0.70°/s
X:   -0.47°/s | Y:   -0.19°/s | Z:   -0.38°/s
X:   -0.17°/s | Y:    0.30°/s | Z:   -0.63°/s
X:   -0.67°/s | Y:    0.16°/s | Z:   -0.72°/s
X:   -0.68°/s | Y:    0.40°/s | Z:   -1.01°/s
X:   -0.12°/s | Y:    0.44°/s | Z:   -0.47°/s
X:   -0.28°/s | Y:    0.63°/s | Z:   -1.09°/s
X:   -0.38°/s | Y:    0.10°/s | Z:   -0.38°/s
X:   -0.17°/s | Y:    0.40°/s | Z:   -0.74°/s
X:   -0.54°/s | Y:    0.65°/s | Z:   -0.31°/s
X:   -0.58°/s | Y:    0.25°/s | Z:   -1.09°/s
X:   -0.54°/s | Y:    0.21°/s | Z:   -0.38°/s
X:   -0.31°/s | Y:    0.49°/s | Z:   -0.35°/s
X:   -0.51°/s | Y:   -0.07°/s | Z:   -0.74°/s
X:   -0.44°/s | Y:    0.04°/s | Z:   -0.88°/s
X:   -0.74°/s | Y:    0.19°/s | Z:   -0.28°/s
X:   -0.17°/s | Y:    0.14°/s | Z:   -0.38°/s
X:   -0.54°/s | Y:    0.19°/s | Z:   -0.47°/s
X:   -0.56°/s | Y:    0.30°/s | Z:   -0.77°/s
X:   -0.77°/s | Y:    0.16°/s | Z:   -0.47°/s
X:   -0.19°/s | Y:    0.60°/s | Z:   -0.56°/s
X:   -0.72°/s | Y:    0.40°/s | Z:   -0.72°/s
X:   -0.33°/s | Y:    0.72°/s | Z:   -0.37°/s
X:   -0.05°/s | Y:    0.28°/s | Z:   -0.07°/s
X:   -0.12°/s | Y:    0.46°/s | Z:   -0.16°/s
X:   -0.60°/s | Y:    0.56°/s | Z:   -0.40°/s
X:   -0.19°/s | Y:   -4.39°/s | Z:   -0.61°/s
X:   -0.31°/s | Y:    0.47°/s | Z:   -0.70°/s
X:   -0.72°/s | Y:    0.25°/s | Z:   -0.65°/s
X:   -0.37°/s | Y:    0.21°/s | Z:    0.35°/s
X:    0.07°/s | Y:    0.46°/s | Z:   -0.33°/s
X:    0.04°/s | Y:    0.12°/s | Z:   -0.25°/s
X:   -0.46°/s | Y:    0.44°/s | Z:   -0.12°/s
X:   -0.23°/s | Y:    0.02°/s | Z:   -0.28°/s
X:   -0.35°/s | Y:    0.35°/s | Z:   -1.07°/s
X:   -0.23°/s | Y:   -0.05°/s | Z:   -0.12°/s
X:   -0.33°/s | Y:    0.30°/s | Z:   -0.26°/s
X:   -0.60°/s | Y:    0.35°/s | Z:   -0.38°/s
X:   -0.16°/s | Y:    0.07°/s | Z:   -0.79°/s
X:   -0.14°/s | Y:    0.25°/s | Z:   -0.68°/s
X:   -0.72°/s | Y:    0.10°/s | Z:   -0.65°/s
X:   -0.51°/s | Y:    0.30°/s | Z:   -0.74°/s
X:   -0.23°/s | Y:    0.00°/s | Z:   -0.72°/s
X:   -0.40°/s | Y:    0.19°/s | Z:   -0.65°/s
X:   -0.07°/s | Y:    0.04°/s | Z:   -0.89°/s
X:   -0.37°/s | Y:    0.40°/s | Z:   -0.30°/s
X:   -0.28°/s | Y:    0.16°/s | Z:   -0.38°/s
X:   -0.47°/s | Y:    0.21°/s | Z:   -0.14°/s
X:   -0.02°/s | Y:    0.17°/s | Z:   -0.44°/s
X:   -0.25°/s | Y:   -0.02°/s | Z:   -0.40°/s
X:   -1.52°/s | Y:    0.77°/s | Z:   -0.61°/s
X:   -0.86°/s | Y:    0.42°/s | Z:   -0.31°/s
X:   -0.63°/s | Y:    0.23°/s | Z:   -0.09°/s
X:   -0.23°/s | Y:   -0.14°/s | Z:    0.10°/s
X:   -0.25°/s | Y:    0.33°/s | Z:   -0.65°/s
X:   -0.25°/s | Y:    0.26°/s | Z:   -0.88°/s
X:   -0.25°/s | Y:    0.37°/s | Z:   -0.09°/s
X:   -0.51°/s | Y:    0.56°/s | Z:    0.05°/s
X:   -0.16°/s | Y:    0.02°/s | Z:   -0.82°/s
X:   -0.51°/s | Y:    0.47°/s | Z:   -0.38°/s
X:   -0.65°/s | Y:    0.47°/s | Z:   -0.51°/s
X:   -0.51°/s | Y:    0.33°/s | Z:    0.12°/s
X:   -0.52°/s | Y:    0.04°/s | Z:   -0.17°/s
X:   -0.42°/s | Y:    0.37°/s | Z:   -0.25°/s
X:   -0.56°/s | Y:    0.58°/s | Z:   -0.38°/s
X:   -0.75°/s | Y:    0.30°/s | Z:    0.07°/s
X:   -0.33°/s | Y:    0.68°/s | Z:   -0.47°/s
X:   -0.33°/s | Y:    0.31°/s | Z:   -0.40°/s
X:   -0.12°/s | Y:    0.28°/s | Z:    4.18°/s
X:   -0.60°/s | Y:    0.25°/s | Z:   -0.14°/s
X:   -0.26°/s | Y:    0.25°/s | Z:   -0.56°/s
X:   -0.33°/s | Y:    0.21°/s | Z:   -0.28°/s
X:   -0.30°/s | Y:    0.60°/s | Z:   -0.54°/s
X:   -0.84°/s | Y:    0.25°/s | Z:   -0.25°/s
X:   -0.52°/s | Y:    0.56°/s | Z:   -0.54°/s
X:   -0.05°/s | Y:    0.17°/s | Z:   -0.82°/s
X:   -0.40°/s | Y:    0.12°/s | Z:   -0.28°/s
X:   -0.70°/s | Y:    0.37°/s | Z:   -0.60°/s
X:   -0.38°/s | Y:    0.49°/s | Z:   -0.19°/s
X:   -0.37°/s | Y:    0.26°/s | Z:   -0.21°/s
X:   -0.19°/s | Y:    0.19°/s | Z:   -0.58°/s
X:   -0.75°/s | Y:    0.16°/s | Z:    0.14°/s
X:   -0.38°/s | Y:    0.26°/s | Z:   -0.42°/s
X:   -0.31°/s | Y:    0.40°/s | Z:   -0.89°/s
X:   -0.16°/s | Y:    0.38°/s | Z:   -0.46°/s
X:   -0.81°/s | Y:    0.30°/s | Z:   -0.49°/s
X:   -0.94°/s | Y:    0.81°/s | Z:   -0.52°/s
X:   -0.33°/s | Y:    0.54°/s | Z:   -0.31°/s
X:   -0.16°/s | Y:    0.16°/s | Z:   -0.60°/s
X:   -0.37°/s | Y:    0.30°/s | Z:   -0.98°/s
X:   -0.07°/s | Y:    0.21°/s | Z:   -0.37°/s
X:   -0.89°/s | Y:    0.31°/s | Z:   -0.77°/s
X:   -0.23°/s | Y:    0.68°/s | Z:   -0.81°/s
X:    0.09°/s | Y:    0.14°/s | Z:   -0.98°/s
X:   -0.56°/s | Y:    0.02°/s | Z:   -0.17°/s
X:   -0.68°/s | Y:   -0.07°/s | Z:   -0.38°/s
X:   -0.75°/s | Y:    0.60°/s | Z:   -0.25°/s
X:   -0.74°/s | Y:    0.74°/s | Z:   -0.60°/s
X:   -0.19°/s | Y:    0.16°/s | Z:   -1.00°/s
X:   -0.38°/s | Y:    0.35°/s | Z:   -0.75°/s
X:   -0.30°/s | Y:    0.31°/s | Z:   -0.89°/s
X:   -0.56°/s | Y:   -0.04°/s | Z:   -0.75°/s
X:   -0.46°/s | Y:    0.60°/s | Z:   -1.31°/s
X:   -0.23°/s | Y:    0.35°/s | Z:   -0.23°/s
X:   -0.54°/s | Y:   -0.12°/s | Z:   -0.75°/s
X:   -0.61°/s | Y:    0.31°/s | Z:   -0.51°/s
X:   -0.70°/s | Y:    0.42°/s | Z:   -0.07°/s
X:    0.09°/s | Y:    0.35°/s | Z:   -0.58°/s

📊 Interrupt Stats (every 1000 loops / ~2.5s):
  Avg Cycles/Loop: 180000
  Loop Time: 2500.000μs
  Anomalies: 5
  CPU Usage: 0.10%
──────────────────────────────────────
X:    0.14°/s | Y:    3.88°/s | Z:    0.37°/s
X:   -0.46°/s | Y:    0.52°/s | Z:   -0.51°/s
X:   -0.31°/s | Y:    0.40°/s | Z:   -0.63°/s
X:    0.10°/s | Y:    0.05°/s | Z:   -0.12°/s
X:   -0.46°/s | Y:    0.58°/s | Z:   -0.61°/s
X:   -0.04°/s | Y:    0.54°/s | Z:   -0.17°/s
X:   -0.58°/s | Y:    0.52°/s | Z:   -0.60°/s
X:   -0.37°/s | Y:    0.02°/s | Z:   -0.91°/s
X:   -0.37°/s | Y:    0.16°/s | Z:   -0.61°/s
X:   -0.02°/s | Y:    0.67°/s | Z:   -0.74°/s
X:   -0.77°/s | Y:    0.51°/s | Z:   -0.28°/s
X:   -0.31°/s | Y:    0.16°/s | Z:   -0.54°/s
X:   -0.54°/s | Y:    0.00°/s | Z:   -0.67°/s
X:   -0.37°/s | Y:    0.37°/s | Z:   -0.28°/s
X:   -0.51°/s | Y:    0.51°/s | Z:   -0.46°/s
X:   -0.82°/s | Y:    0.16°/s | Z:   -0.54°/s
X:   -0.86°/s | Y:    0.00°/s | Z:   -0.72°/s
X:   -0.58°/s | Y:    0.49°/s | Z:   -0.84°/s
X:   -0.74°/s | Y:    0.25°/s | Z:   -0.49°/s
X:   -0.47°/s | Y:    0.30°/s | Z:   -0.67°/s
X:   -0.68°/s | Y:    0.35°/s | Z:   -0.74°/s
X:   -0.67°/s | Y:    0.52°/s | Z:   -0.17°/s
X:   -0.33°/s | Y:    0.28°/s | Z:   -0.58°/s
X:   -0.61°/s | Y:    0.19°/s | Z:   -0.42°/s
X:    0.16°/s | Y:    0.56°/s | Z:   -0.09°/s
X:   -0.07°/s | Y:    0.21°/s | Z:   -0.60°/s
X:   -0.38°/s | Y:    0.17°/s | Z:   -0.49°/s
X:   -0.65°/s | Y:    0.31°/s | Z:   -0.52°/s
X:   -0.21°/s | Y:    0.49°/s | Z:   -0.67°/s
X:   -0.75°/s | Y:    0.63°/s | Z:   -0.07°/s
X:   -0.51°/s | Y:    0.10°/s | Z:   -0.67°/s
X:   -0.52°/s | Y:    0.16°/s | Z:   -0.74°/s
X:   -0.21°/s | Y:    0.17°/s | Z:   -0.72°/s
X:   -0.63°/s | Y:    0.26°/s | Z:   -0.46°/s
X:   -0.21°/s | Y:    0.31°/s | Z:   -0.54°/s
X:    0.00°/s | Y:   -0.17°/s | Z:   -0.89°/s
X:   -0.26°/s | Y:    0.21°/s | Z:    0.19°/s
X:   -0.35°/s | Y:    0.33°/s | Z:   -0.42°/s
X:   -0.49°/s | Y:    0.51°/s | Z:   -0.93°/s
X:   -0.30°/s | Y:    0.17°/s | Z:   -0.12°/s
X:   -4.48°/s | Y:    0.60°/s | Z:   -1.12°/s
X:   -0.37°/s | Y:    0.51°/s | Z:   -0.38°/s
X:    0.09°/s | Y:    0.00°/s | Z:   -0.79°/s
X:   -0.61°/s | Y:    0.61°/s | Z:   -0.79°/s
X:   -0.37°/s | Y:    0.25°/s | Z:   -0.49°/s
X:   -0.16°/s | Y:    0.12°/s | Z:   -0.91°/s
X:   -0.54°/s | Y:    0.35°/s | Z:   -0.98°/s
X:   -0.14°/s | Y:    0.12°/s | Z:   -0.35°/s
X:   -0.37°/s | Y:    0.09°/s | Z:   -0.44°/s
X:   -0.52°/s | Y:    0.42°/s | Z:   -0.30°/s
X:   -0.68°/s | Y:    0.02°/s | Z:   -0.21°/s
X:   -0.77°/s | Y:    0.30°/s | Z:   -0.81°/s
X:   -0.31°/s | Y:    0.09°/s | Z:   -0.82°/s
X:   -0.42°/s | Y:    0.28°/s | Z:   -1.14°/s
X:   -0.54°/s | Y:    0.30°/s | Z:   -0.46°/s
X:   -0.42°/s | Y:    0.25°/s | Z:   -0.51°/s
X:   -0.88°/s | Y:    0.56°/s | Z:   -0.40°/s
X:    0.09°/s | Y:   -0.10°/s | Z:   -0.33°/s
X:   -0.47°/s | Y:    0.30°/s | Z:   -0.35°/s
X:   -4.39°/s | Y:    0.61°/s | Z:   -0.88°/s
X:   -0.42°/s | Y:    0.60°/s | Z:   -0.58°/s
X:   -0.21°/s | Y:    0.09°/s | Z:   -0.75°/s
X:   -0.54°/s | Y:    0.40°/s | Z:   -0.30°/s
X:   -0.35°/s | Y:    0.17°/s | Z:   -0.42°/s
X:   -0.23°/s | Y:    0.10°/s | Z:   -0.25°/s
X:   -0.54°/s | Y:    0.42°/s | Z:   -0.14°/s
X:   -0.30°/s | Y:    0.14°/s | Z:    0.00°/s
X:   -0.16°/s | Y:    0.09°/s | Z:   -0.33°/s
X:   -0.26°/s | Y:    0.28°/s | Z:   -0.61°/s
X:   -0.12°/s | Y:    0.07°/s | Z:   -0.17°/s
X:   -0.02°/s | Y:    0.49°/s | Z:   -0.58°/s
X:   -0.42°/s | Y:   -0.04°/s | Z:   -0.12°/s
X:   -0.31°/s | Y:    0.28°/s | Z:   -0.51°/s
X:   -0.19°/s | Y:    0.10°/s | Z:   -0.72°/s
X:   -0.28°/s | Y:    0.52°/s | Z:   -0.75°/s
X:   -0.25°/s | Y:    0.38°/s | Z:   -0.46°/s
X:   -0.42°/s | Y:   -0.09°/s | Z:   -0.02°/s
X:   -0.49°/s | Y:    0.26°/s | Z:   -0.72°/s
X:   -0.10°/s | Y:    0.12°/s | Z:    0.07°/s
X:   -0.21°/s | Y:    0.40°/s | Z:   -0.67°/s
X:   -0.70°/s | Y:    0.30°/s | Z:   -0.30°/s
X:   -0.74°/s | Y:    0.37°/s | Z:   -0.79°/s
X:   -0.16°/s | Y:    0.35°/s | Z:    0.09°/s
X:   -0.26°/s | Y:    0.02°/s | Z:   -0.51°/s
X:   -0.04°/s | Y:    0.30°/s | Z:   -0.77°/s
X:   -0.40°/s | Y:    0.35°/s | Z:   -0.68°/s
X:   -0.49°/s | Y:    0.07°/s | Z:   -0.56°/s
X:   -0.35°/s | Y:    0.16°/s | Z:   -0.37°/s
X:   -0.42°/s | Y:    0.28°/s | Z:   -0.33°/s
X:   -0.33°/s | Y:    0.40°/s | Z:   -1.00°/s
X:   -0.46°/s | Y:    0.31°/s | Z:   -0.77°/s
X:   -0.93°/s | Y:    0.16°/s | Z:   -0.44°/s
X:   -0.31°/s | Y:    0.02°/s | Z:   -0.09°/s
X:   -0.65°/s | Y:    0.23°/s | Z:   -0.65°/s
X:   -0.63°/s | Y:    0.31°/s | Z:   -0.52°/s
X:   -0.60°/s | Y:   -0.10°/s | Z:   -0.70°/s
X:   -0.60°/s | Y:    0.14°/s | Z:   -0.58°/s
X:   -0.58°/s | Y:    0.28°/s | Z:   -0.70°/s
X:   -0.52°/s | Y:    0.77°/s | Z:   -0.37°/s
X:   -0.42°/s | Y:    0.25°/s | Z:   -0.75°/s
X:   -0.26°/s | Y:    0.19°/s | Z:   -0.38°/s
X:   -0.17°/s | Y:    0.46°/s | Z:   -0.61°/s
X:   -0.12°/s | Y:    0.56°/s | Z:   -0.82°/s
X:   -0.23°/s | Y:    0.28°/s | Z:   -0.77°/s
X:   -0.33°/s | Y:    0.38°/s | Z:   -0.58°/s
X:   -0.49°/s | Y:    0.14°/s | Z:   -0.10°/s
X:   -0.12°/s | Y:    0.26°/s | Z:   -0.12°/s
X:   -0.44°/s | Y:    0.46°/s | Z:   -0.44°/s
X:   -0.17°/s | Y:    0.33°/s | Z:   -0.10°/s
X:   -0.47°/s | Y:    0.42°/s | Z:   -0.63°/s
X:   -0.33°/s | Y:    0.21°/s | Z:   -0.72°/s
X:    0.05°/s | Y:    0.56°/s | Z:   -0.40°/s
X:   -0.65°/s | Y:    0.49°/s | Z:    0.05°/s
X:   -0.14°/s | Y:    0.23°/s | Z:   -0.51°/s
X:   -0.51°/s | Y:    0.44°/s | Z:   -0.10°/s
X:   -0.51°/s | Y:    0.10°/s | Z:   -0.49°/s
X:   -0.40°/s | Y:    0.35°/s | Z:   -0.42°/s
X:   -0.26°/s | Y:    0.07°/s | Z:   -0.77°/s
X:   -0.42°/s | Y:    0.72°/s | Z:   -0.42°/s
X:   -0.37°/s | Y:    0.02°/s | Z:   -0.70°/s
X:   -0.05°/s | Y:    0.21°/s | Z:   -0.40°/s
X:   -0.26°/s | Y:    0.47°/s | Z:   -0.30°/s
X:   -0.42°/s | Y:    0.38°/s | Z:   -0.40°/s
X:   -0.63°/s | Y:    0.12°/s | Z:   -0.65°/s
X:   -0.51°/s | Y:    0.46°/s | Z:   -0.33°/s
X:   -0.49°/s | Y:    0.25°/s | Z:   -0.58°/s
X:   -0.40°/s | Y:    0.40°/s | Z:   -0.68°/s
X:   -0.51°/s | Y:    0.79°/s | Z:   -0.84°/s
X:   -0.40°/s | Y:    0.10°/s | Z:   -0.44°/s
X:   -0.31°/s | Y:    0.54°/s | Z:   -0.86°/s
X:    0.00°/s | Y:    0.35°/s | Z:   -0.12°/s
X:   -0.42°/s | Y:    0.26°/s | Z:   -0.89°/s
X:   -0.58°/s | Y:    0.26°/s | Z:   -0.52°/s
X:   -0.35°/s | Y:    0.21°/s | Z:   -0.65°/s
X:   -0.17°/s | Y:    0.12°/s | Z:   -0.52°/s
X:   -0.31°/s | Y:    0.28°/s | Z:   -0.51°/s
X:   -0.21°/s | Y:    0.51°/s | Z:   -0.56°/s
X:   -0.33°/s | Y:    0.46°/s | Z:   -0.35°/s
X:   -0.54°/s | Y:    0.33°/s | Z:   -0.54°/s
X:   -0.46°/s | Y:    0.14°/s | Z:    0.02°/s
X:   -0.26°/s | Y:    0.31°/s | Z:   -0.74°/s
X:   -0.25°/s | Y:    0.51°/s | Z:   -0.33°/s
X:   -0.17°/s | Y:    0.44°/s | Z:   -0.37°/s
X:   -0.14°/s | Y:    0.30°/s | Z:   -0.38°/s
X:   -0.31°/s | Y:    0.35°/s | Z:   -0.72°/s
X:   -0.49°/s | Y:    0.35°/s | Z:   -0.07°/s
X:    0.31°/s | Y:   -0.02°/s | Z:   -0.47°/s
X:   -0.35°/s | Y:   -0.12°/s | Z:   -0.42°/s
X:   -0.19°/s | Y:   -0.04°/s | Z:   -0.52°/s
X:   -0.28°/s | Y:    0.19°/s | Z:   -0.54°/s
X:   -0.68°/s | Y:    0.28°/s | Z:   -1.10°/s
X:   -0.42°/s | Y:    0.37°/s | Z:   -0.46°/s
X:   -0.42°/s | Y:    0.05°/s | Z:   -0.23°/s
X:   -0.60°/s | Y:    0.00°/s | Z:   -0.42°/s
X:   -0.52°/s | Y:    0.37°/s | Z:   -0.58°/s
X:   -0.07°/s | Y:    0.38°/s | Z:   -0.82°/s
X:   -0.25°/s | Y:    0.38°/s | Z:   -0.46°/s
X:   -0.38°/s | Y:   -0.14°/s | Z:   -0.17°/s
X:   -0.47°/s | Y:    0.26°/s | Z:   -0.47°/s
X:    0.02°/s | Y:    0.28°/s | Z:   -0.09°/s
X:   -0.19°/s | Y:    0.37°/s | Z:   -0.54°/s
X:   -0.21°/s | Y:    0.09°/s | Z:   -0.89°/s
X:   -0.30°/s | Y:    0.33°/s | Z:   -0.42°/s
X:   -0.51°/s | Y:    0.35°/s | Z:   -0.98°/s
X:   -0.51°/s | Y:    0.30°/s | Z:   -0.63°/s
X:    0.04°/s | Y:    0.33°/s | Z:   -0.16°/s
X:   -0.02°/s | Y:    0.37°/s | Z:   -1.07°/s
X:   -0.68°/s | Y:    0.17°/s | Z:   -0.02°/s
X:   -0.42°/s | Y:    0.25°/s | Z:   -0.70°/s
X:   -0.42°/s | Y:    0.26°/s | Z:   -0.86°/s
X:   -0.40°/s | Y:    0.46°/s | Z:   -0.09°/s
X:   -0.51°/s | Y:    0.14°/s | Z:   -0.17°/s
X:   -0.26°/s | Y:    0.31°/s | Z:   -0.23°/s
X:    0.00°/s | Y:    0.12°/s | Z:   -0.75°/s
X:    0.25°/s | Y:   -0.28°/s | Z:   -0.84°/s
X:   -0.14°/s | Y:    0.42°/s | Z:   -0.75°/s
X:   -0.67°/s | Y:    0.44°/s | Z:   -0.75°/s
X:   -0.63°/s | Y:    0.17°/s | Z:   -0.30°/s
X:   -0.79°/s | Y:    0.04°/s | Z:   -0.12°/s
X:   -0.44°/s | Y:    0.52°/s | Z:   -0.65°/s
X:   -0.68°/s | Y:    0.28°/s | Z:   -0.26°/s
X:   -0.58°/s | Y:    0.31°/s | Z:   -0.09°/s
X:   -0.86°/s | Y:    0.05°/s | Z:   -0.56°/s
X:   -0.12°/s | Y:    0.49°/s | Z:   -0.07°/s
X:   -0.42°/s | Y:    0.75°/s | Z:   -0.46°/s
X:   -0.44°/s | Y:    0.26°/s | Z:   -0.58°/s
X:   -0.44°/s | Y:    0.21°/s | Z:   -0.70°/s
X:   -0.31°/s | Y:    0.23°/s | Z:   -0.31°/s
X:    0.05°/s | Y:    0.49°/s | Z:   -0.74°/s
X:   -0.31°/s | Y:    0.37°/s | Z:   -0.31°/s
X:   -0.61°/s | Y:    0.40°/s | Z:   -0.82°/s
X:   -0.07°/s | Y:    0.21°/s | Z:   -0.74°/s
X:   -0.04°/s | Y:    0.16°/s | Z:   -0.09°/s
X:   -0.17°/s | Y:    0.31°/s | Z:   -0.21°/s
X:   -0.30°/s | Y:    0.40°/s | Z:   -0.49°/s
X:   -0.14°/s | Y:    0.44°/s | Z:   -0.63°/s
X:   -0.28°/s | Y:    0.26°/s | Z:   -0.63°/s
X:   -0.54°/s | Y:   -0.07°/s | Z:   -0.52°/s
X:   -0.63°/s | Y:    0.52°/s | Z:   -0.88°/s
X:   -0.54°/s | Y:    0.28°/s | Z:   -0.40°/s
X:   -0.54°/s | Y:    0.25°/s | Z:   -0.26°/s
X:   -0.19°/s | Y:    0.38°/s | Z:   -0.38°/s
X:   -0.54°/s | Y:    0.35°/s | Z:   -0.12°/s
X:   -0.09°/s | Y:    0.35°/s | Z:   -4.41°/s
X:    0.04°/s | Y:    0.10°/s | Z:   -0.72°/s
X:   -0.56°/s | Y:    0.28°/s | Z:   -0.26°/s
X:   -0.54°/s | Y:    0.35°/s | Z:   -0.47°/s
X:   -0.28°/s | Y:    0.37°/s | Z:   -0.40°/s
X:   -0.84°/s | Y:    0.49°/s | Z:   -0.58°/s
X:   -0.46°/s | Y:    0.96°/s | Z:   -0.44°/s
X:   -0.52°/s | Y:    0.40°/s | Z:   -0.40°/s
X:   -0.23°/s | Y:    0.33°/s | Z:   -0.47°/s
X:   -0.26°/s | Y:    0.40°/s | Z:   -0.79°/s
X:   -0.40°/s | Y:    0.05°/s | Z:   -0.02°/s
X:   -0.14°/s | Y:    0.09°/s | Z:   -0.70°/s
X:   -0.79°/s | Y:    0.42°/s | Z:   -0.04°/s
X:   -0.28°/s | Y:    0.12°/s | Z:   -0.47°/s
X:   -0.47°/s | Y:    0.58°/s | Z:   -0.60°/s
X:   -0.17°/s | Y:    0.46°/s | Z:   -0.30°/s
X:   -0.75°/s | Y:    0.10°/s | Z:   -0.23°/s
X:   -0.37°/s | Y:    0.10°/s | Z:   -0.25°/s
X:   -4.38°/s | Y:    0.12°/s | Z:   -0.49°/s
X:   -0.52°/s | Y:    0.52°/s | Z:   -0.47°/s
X:   -0.54°/s | Y:    0.67°/s | Z:   -0.12°/s
X:   -0.54°/s | Y:   -0.12°/s | Z:   -0.26°/s
X:   -0.38°/s | Y:   -0.09°/s | Z:   -0.63°/s
X:   -0.58°/s | Y:    0.25°/s | Z:   -0.61°/s
X:   -0.94°/s | Y:    0.47°/s | Z:   -0.49°/s
X:   -0.40°/s | Y:    0.07°/s | Z:    0.14°/s
X:   -0.63°/s | Y:    0.23°/s | Z:   -0.77°/s
X:   -0.56°/s | Y:    0.37°/s | Z:   -0.86°/s
X:   -0.60°/s | Y:    0.51°/s | Z:   -0.65°/s
X:   -0.54°/s | Y:    0.52°/s | Z:   -0.23°/s
X:   -0.79°/s | Y:    0.52°/s | Z:   -0.93°/s
X:   -0.07°/s | Y:    0.25°/s | Z:   -0.75°/s
X:   -0.42°/s | Y:    0.33°/s | Z:   -0.49°/s
X:   -0.61°/s | Y:    0.19°/s | Z:   -0.47°/s
X:   -0.16°/s | Y:    0.67°/s | Z:   -0.40°/s
X:   -0.23°/s | Y:    0.49°/s | Z:   -0.61°/s
X:   -0.07°/s | Y:    0.42°/s | Z:   -0.19°/s
X:   -0.63°/s | Y:    0.44°/s | Z:   -0.38°/s
X:    0.14°/s | Y:    0.04°/s | Z:   -0.63°/s
X:   -0.10°/s | Y:    0.46°/s | Z:   -0.19°/s
X:   -0.77°/s | Y:    0.40°/s | Z:    0.16°/s
X:   -0.40°/s | Y:   -0.10°/s | Z:   -0.47°/s
X:   -0.67°/s | Y:    0.58°/s | Z:   -0.68°/s
X:   -0.40°/s | Y:    0.56°/s | Z:   -0.54°/s
X:   -0.89°/s | Y:    0.12°/s | Z:   -0.65°/s
X:   -0.44°/s | Y:    0.31°/s | Z:   -0.94°/s
X:   -0.58°/s | Y:    0.46°/s | Z:   -0.35°/s

📊 Interrupt Stats (every 1000 loops / ~2.5s):
  Avg Cycles/Loop: 180000
  Loop Time: 2500.000μs
  Anomalies: 5
  CPU Usage: 0.10%
──────────────────────────────────────
X:   -0.51°/s | Y:    0.12°/s | Z:   -0.75°/s
X:   -0.84°/s | Y:    0.23°/s | Z:   -0.19°/s
X:   -0.25°/s | Y:    0.49°/s | Z:   -0.61°/s
X:   -0.16°/s | Y:    0.44°/s | Z:   -0.56°/s
X:   -0.58°/s | Y:    0.60°/s | Z:   -0.44°/s
X:   -0.88°/s | Y:    0.26°/s | Z:   -0.19°/s
X:   -0.33°/s | Y:    0.23°/s | Z:   -0.52°/s
X:   -0.65°/s | Y:    0.16°/s | Z:   -0.17°/s
X:   -0.38°/s | Y:    0.09°/s | Z:   -0.33°/s
X:   -0.23°/s | Y:    0.42°/s | Z:   -0.49°/s
X:   -0.56°/s | Y:    0.25°/s | Z:   -0.21°/s
X:   -0.17°/s | Y:    0.33°/s | Z:   -0.40°/s
X:   -0.72°/s | Y:   -0.02°/s | Z:   -0.63°/s
X:   -0.54°/s | Y:    0.54°/s | Z:   -0.40°/s
X:   -0.58°/s | Y:    0.17°/s | Z:   -0.31°/s
X:   -0.31°/s | Y:    0.70°/s | Z:    0.05°/s
X:   -0.74°/s | Y:    0.28°/s | Z:   -0.63°/s
X:   -0.33°/s | Y:    0.17°/s | Z:   -0.40°/s
X:   -0.61°/s | Y:    0.30°/s | Z:   -0.58°/s
X:   -0.42°/s | Y:    0.23°/s | Z:   -0.65°/s
X:   -0.47°/s | Y:    0.49°/s | Z:   -0.96°/s
X:   -0.94°/s | Y:    0.84°/s | Z:   -0.91°/s
X:   -0.49°/s | Y:    0.19°/s | Z:   -0.49°/s
X:   -0.65°/s | Y:   -0.16°/s | Z:   -0.79°/s
X:   -0.02°/s | Y:    0.23°/s | Z:   -0.86°/s
X:   -0.30°/s | Y:    0.54°/s | Z:   -0.12°/s
X:   -0.21°/s | Y:    0.26°/s | Z:   -0.75°/s
X:   -0.65°/s | Y:    0.00°/s | Z:   -0.33°/s
X:   -0.72°/s | Y:    0.05°/s | Z:   -0.81°/s
X:   -0.26°/s | Y:    0.82°/s | Z:   -0.47°/s
X:   -0.47°/s | Y:    0.19°/s | Z:   -0.09°/s
X:    0.00°/s | Y:    0.44°/s | Z:   -0.81°/s
X:   -0.38°/s | Y:    0.67°/s | Z:   -0.25°/s
X:   -0.46°/s | Y:    0.09°/s | Z:   -0.51°/s
X:   -0.16°/s | Y:    0.42°/s | Z:   -0.60°/s
X:   -0.52°/s | Y:    0.26°/s | Z:   -0.35°/s
X:   -0.23°/s | Y:    0.38°/s | Z:   -0.52°/s
X:   -0.58°/s | Y:    0.21°/s | Z:   -0.46°/s
X:   -0.31°/s | Y:   -0.25°/s | Z:   -0.16°/s
X:   -0.81°/s | Y:    0.26°/s | Z:   -0.52°/s
X:   -0.74°/s | Y:    0.26°/s | Z:   -0.56°/s
X:   -0.35°/s | Y:    0.31°/s | Z:   -0.31°/s
X:   -0.44°/s | Y:    0.54°/s | Z:   -0.26°/s
X:   -0.25°/s | Y:    0.33°/s | Z:   -0.52°/s
X:   -0.44°/s | Y:    0.46°/s | Z:   -0.25°/s
X:   -0.51°/s | Y:    0.40°/s | Z:   -0.44°/s
X:   -0.65°/s | Y:    0.17°/s | Z:   -0.89°/s
X:   -0.37°/s | Y:    0.09°/s | Z:   -0.96°/s
X:   -0.10°/s | Y:    0.49°/s | Z:   -0.16°/s
X:   -0.42°/s | Y:    0.16°/s | Z:   -0.25°/s
X:   -0.77°/s | Y:    0.17°/s | Z:   -0.61°/s
X:   -0.37°/s | Y:    0.21°/s | Z:   -0.16°/s
X:   -0.10°/s | Y:    0.40°/s | Z:   -0.52°/s
X:   -0.26°/s | Y:    0.56°/s | Z:   -0.89°/s
X:   -0.56°/s | Y:    0.38°/s | Z:   -1.09°/s
X:   -0.58°/s | Y:    0.47°/s | Z:   -0.56°/s
X:   -0.30°/s | Y:    0.28°/s | Z:   -0.14°/s
X:   -0.19°/s | Y:    0.51°/s | Z:   -0.17°/s
X:   -0.74°/s | Y:    0.00°/s | Z:   -0.04°/s
X:   -0.10°/s | Y:    0.38°/s | Z:   -0.38°/s
X:   -0.46°/s | Y:    0.61°/s | Z:   -0.67°/s
X:   -0.02°/s | Y:    0.02°/s | Z:   -0.12°/s
X:   -0.44°/s | Y:    0.60°/s | Z:   -0.60°/s
X:   -0.02°/s | Y:    0.26°/s | Z:   -0.51°/s
X:   -0.47°/s | Y:    0.52°/s | Z:   -0.54°/s
X:   -0.40°/s | Y:   -0.17°/s | Z:   -0.26°/s
X:   -0.35°/s | Y:   -0.23°/s | Z:   -0.31°/s
X:   -0.56°/s | Y:    0.33°/s | Z:   -0.19°/s
X:   -0.79°/s | Y:    0.38°/s | Z:   -0.89°/s
X:   -0.58°/s | Y:    0.33°/s | Z:   -0.40°/s
===============================
I3G4250D Gyroscope
===============================

Step 1: Detecting gyroscope...
✓ Found: I3g4250d

Step 2: Initializing driver...
✓ WHO_AM_I: 0xD3

Step 3: Configuring sensor...
✓ Configuration complete:
  - Data Rate: 400 Hz (timer interrupt)
  - Range: 500 °/s

Step 4: Starting interrupt-driven mode...
──────────────────────────────────────

⚠️  ANOMALY #1: Δx=531.90, Δy=514.24, Δz=144.65
X:  531.90°/s | Y: -514.24°/s | Z:  144.65°/s
⚠️  ANOMALY #2: Δx=532.58, Δy=513.83, Δz=145.09
X:    0.58°/s | Y:   -0.04°/s | Z:   -0.30°/s
X:   -0.28°/s | Y:   -0.05°/s | Z:   -0.47°/s
X:   -0.49°/s | Y:    0.56°/s | Z:   -0.70°/s
X:   -0.38°/s | Y:    0.28°/s | Z:   -0.98°/s
X:   -0.46°/s | Y:    0.40°/s | Z:   -0.30°/s
X:   -0.38°/s | Y:    0.23°/s | Z:   -0.56°/s
X:   -0.28°/s | Y:    0.35°/s | Z:   -0.37°/s
X:   -0.63°/s | Y:    0.07°/s | Z:   -0.33°/s
X:   -0.38°/s | Y:    0.30°/s | Z:   -0.96°/s
X:   -0.49°/s | Y:    0.81°/s | Z:   -0.31°/s
X:   -0.42°/s | Y:    0.26°/s | Z:   -0.02°/s
X:   -0.68°/s | Y:    0.31°/s | Z:   -0.31°/s
X:   -0.46°/s | Y:    0.72°/s | Z:   -0.82°/s
X:   -0.09°/s | Y:    0.05°/s | Z:   -0.60°/s
X:   -0.58°/s | Y:    0.51°/s | Z:   -0.65°/s
X:   -0.79°/s | Y:    0.44°/s | Z:   -0.44°/s
X:   -0.37°/s | Y:    0.28°/s | Z:    0.31°/s
X:   -0.26°/s | Y:    0.35°/s | Z:   -0.77°/s
X:   -0.40°/s | Y:    0.16°/s | Z:   -0.47°/s
X:   -0.52°/s | Y:    0.10°/s | Z:   -1.07°/s
X:   -0.58°/s | Y:    0.37°/s | Z:   -0.51°/s
X:   -0.54°/s | Y:    0.58°/s | Z:   -0.28°/s
X:   -0.33°/s | Y:    0.30°/s | Z:   -0.74°/s
X:   -0.68°/s | Y:    0.19°/s | Z:   -0.86°/s
X:   -0.58°/s | Y:    0.04°/s | Z:   -0.37°/s
X:   -0.30°/s | Y:    0.09°/s | Z:   -0.60°/s
X:   -0.23°/s | Y:    0.28°/s | Z:   -0.68°/s
X:   -0.12°/s | Y:    0.37°/s | Z:   -0.51°/s
X:   -0.70°/s | Y:    0.35°/s | Z:   -0.72°/s
X:   -0.07°/s | Y:    0.61°/s | Z:    0.16°/s
X:   -0.31°/s | Y:    0.46°/s | Z:   -0.51°/s
X:   -0.26°/s | Y:    0.33°/s | Z:   -0.63°/s
X:    0.10°/s | Y:    0.42°/s | Z:   -0.79°/s
X:   -0.10°/s | Y:    0.16°/s | Z:   -0.77°/s
X:   -0.58°/s | Y:    0.19°/s | Z:   -0.14°/s
X:    4.25°/s | Y:    0.21°/s | Z:   -0.49°/s
X:   -0.40°/s | Y:    0.54°/s | Z:   -0.54°/s
X:   -0.02°/s | Y:    0.60°/s | Z:   -0.70°/s
X:   -0.86°/s | Y:    0.23°/s | Z:   -0.38°/s
X:   -0.19°/s | Y:    0.42°/s | Z:   -0.52°/s
X:   -0.38°/s | Y:    0.58°/s | Z:   -0.65°/s
X:   -0.25°/s | Y:    0.14°/s | Z:   -0.42°/s
X:   -0.74°/s | Y:    0.12°/s | Z:   -0.68°/s
X:   -0.86°/s | Y:    0.37°/s | Z:   -0.38°/s
X:   -0.10°/s | Y:    0.05°/s | Z:   -0.09°/s
X:   -0.04°/s | Y:    0.25°/s | Z:   -0.25°/s
X:    0.00°/s | Y:    0.49°/s | Z:   -0.19°/s
X:   -0.25°/s | Y:    0.23°/s | Z:   -0.17°/s
X:   -0.14°/s | Y:    0.58°/s | Z:   -1.01°/s
X:   -0.42°/s | Y:   -0.05°/s | Z:   -0.37°/s
X:   -0.56°/s | Y:    0.16°/s | Z:   -0.51°/s
X:    0.05°/s | Y:    0.17°/s | Z:   -0.65°/s
X:   -0.17°/s | Y:    0.40°/s | Z:   -0.26°/s
X:   -0.46°/s | Y:    0.67°/s | Z:    0.00°/s
X:   -0.28°/s | Y:    0.37°/s | Z:   -0.63°/s
X:   -0.28°/s | Y:    0.12°/s | Z:   -0.28°/s
X:   -0.33°/s | Y:    0.21°/s | Z:   -0.37°/s
X:   -0.16°/s | Y:    0.00°/s | Z:   -0.70°/s
X:   -0.40°/s | Y:    0.60°/s | Z:   -0.56°/s
X:    0.04°/s | Y:    0.23°/s | Z:   -0.30°/s
X:   -0.54°/s | Y:    0.14°/s | Z:   -0.04°/s
X:   -0.60°/s | Y:    0.12°/s | Z:   -0.40°/s
X:   -0.38°/s | Y:    0.42°/s | Z:   -0.58°/s
X:   -0.25°/s | Y:    0.25°/s | Z:   -0.47°/s
X:   -0.07°/s | Y:   -0.25°/s | Z:   -0.67°/s
X:   -0.23°/s | Y:    0.42°/s | Z:   -0.68°/s
X:   -0.44°/s | Y:    0.25°/s | Z:   -0.58°/s
X:   -0.68°/s | Y:    0.26°/s | Z:   -0.10°/s
X:   -0.46°/s | Y:    0.37°/s | Z:   -0.26°/s
X:   -0.04°/s | Y:    0.21°/s | Z:   -0.44°/s
X:   -0.19°/s | Y:    0.44°/s | Z:    0.10°/s
X:   -0.70°/s | Y:    0.19°/s | Z:   -0.28°/s
X:   -0.42°/s | Y:    0.12°/s | Z:   -0.84°/s
X:   -0.17°/s | Y:    0.25°/s | Z:   -0.30°/s
X:   -0.70°/s | Y:    0.26°/s | Z:   -0.61°/s
X:   -0.63°/s | Y:    0.25°/s | Z:    0.31°/s
X:   -0.16°/s | Y:    4.41°/s | Z:   -0.28°/s
X:   -0.54°/s | Y:    0.54°/s | Z:    0.02°/s
X:   -0.21°/s | Y:    0.38°/s | Z:   -0.31°/s
X:   -0.40°/s | Y:    0.23°/s | Z:   -0.47°/s
X:   -0.63°/s | Y:    0.44°/s | Z:   -0.51°/s
X:   -0.25°/s | Y:    0.12°/s | Z:   -0.25°/s
X:   -0.52°/s | Y:    0.33°/s | Z:   -0.56°/s
X:   -0.14°/s | Y:    0.26°/s | Z:   -0.42°/s
X:   -0.54°/s | Y:    0.54°/s | Z:   -0.23°/s
X:   -0.28°/s | Y:   -0.14°/s | Z:   -0.25°/s
X:   -0.33°/s | Y:    0.33°/s | Z:    0.17°/s
X:   -0.28°/s | Y:    0.65°/s | Z:   -0.10°/s
X:   -0.16°/s | Y:    0.30°/s | Z:   -0.40°/s
X:   -0.30°/s | Y:    0.42°/s | Z:   -0.74°/s
X:   -0.26°/s | Y:    0.17°/s | Z:   -0.47°/s
X:   -0.04°/s | Y:    0.12°/s | Z:   -1.09°/s
X:   -0.40°/s | Y:    0.30°/s | Z:   -0.10°/s
X:    4.45°/s | Y:    0.30°/s | Z:   -0.47°/s
X:   -0.16°/s | Y:    0.25°/s | Z:   -0.82°/s
X:   -0.54°/s | Y:    0.30°/s | Z:   -1.21°/s
X:   -0.33°/s | Y:    0.31°/s | Z:   -0.56°/s
X:   -0.25°/s | Y:    0.56°/s | Z:   -0.60°/s
X:   -0.35°/s | Y:    0.51°/s | Z:   -1.26°/s
X:   -0.60°/s | Y:    0.52°/s | Z:   -0.30°/s
X:   -0.44°/s | Y:    0.28°/s | Z:   -0.44°/s
X:   -0.42°/s | Y:    0.38°/s | Z:   -0.63°/s
X:   -0.17°/s | Y:    0.26°/s | Z:   -0.38°/s
X:   -0.37°/s | Y:    0.28°/s | Z:   -0.56°/s
X:   -0.44°/s | Y:    0.26°/s | Z:   -0.30°/s
X:   -0.28°/s | Y:   -0.10°/s | Z:   -0.28°/s
X:   -0.16°/s | Y:    0.51°/s | Z:   -0.56°/s
X:   -0.47°/s | Y:    0.54°/s | Z:   -0.77°/s
X:   -0.37°/s | Y:   -0.05°/s | Z:   -0.46°/s
X:   -0.28°/s | Y:    0.40°/s | Z:   -0.30°/s
X:   -0.12°/s | Y:    0.35°/s | Z:   -0.05°/s
X:   -0.65°/s | Y:    0.02°/s | Z:   -0.28°/s
X:   -0.88°/s | Y:    0.31°/s | Z:   -0.96°/s
X:   -0.14°/s | Y:    0.09°/s | Z:   -0.61°/s
X:   -0.46°/s | Y:    0.52°/s | Z:   -0.28°/s
X:    0.05°/s | Y:   -4.45°/s | Z:    0.04°/s
X:   -0.54°/s | Y:    0.44°/s | Z:   -0.47°/s
X:   -0.63°/s | Y:    0.00°/s | Z:   -0.77°/s
X:   -0.72°/s | Y:    0.49°/s | Z:   -0.49°/s
X:   -0.33°/s | Y:    0.31°/s | Z:   -0.58°/s
X:   -0.23°/s | Y:    0.58°/s | Z:   -0.70°/s
X:   -0.52°/s | Y:    0.38°/s | Z:   -0.63°/s
X:   -0.26°/s | Y:    0.42°/s | Z:   -0.19°/s
X:   -0.54°/s | Y:    0.51°/s | Z:   -0.89°/s
X:   -0.67°/s | Y:    0.04°/s | Z:   -0.58°/s
X:   -0.46°/s | Y:    0.51°/s | Z:   -0.58°/s
X:   -0.09°/s | Y:    0.63°/s | Z:   -0.77°/s
X:   -0.70°/s | Y:   -0.02°/s | Z:   -0.49°/s
X:   -0.12°/s | Y:    0.21°/s | Z:   -1.07°/s
X:   -0.38°/s | Y:    0.10°/s | Z:   -0.70°/s
X:   -0.19°/s | Y:    0.30°/s | Z:   -0.17°/s
X:   -0.49°/s | Y:    0.07°/s | Z:   -0.38°/s
X:    0.00°/s | Y:    0.23°/s | Z:   -0.10°/s
X:   -0.38°/s | Y:    0.30°/s | Z:   -0.98°/s
X:   -0.23°/s | Y:    0.25°/s | Z:   -0.58°/s
X:   -0.74°/s | Y:    0.31°/s | Z:   -0.88°/s
X:   -0.26°/s | Y:    0.04°/s | Z:   -0.42°/s
X:   -0.54°/s | Y:    0.44°/s | Z:   -0.02°/s
X:   -0.40°/s | Y:    0.14°/s | Z:   -0.61°/s
X:   -0.63°/s | Y:    0.46°/s | Z:   -0.72°/s
X:   -0.16°/s | Y:    0.04°/s | Z:   -0.31°/s
X:   -0.05°/s | Y:    0.09°/s | Z:   -0.56°/s
X:   -0.30°/s | Y:    0.16°/s | Z:   -0.02°/s
X:   -0.33°/s | Y:    0.17°/s | Z:   -0.77°/s
X:   -0.42°/s | Y:    0.16°/s | Z:   -0.12°/s
X:   -0.49°/s | Y:    0.28°/s | Z:   -0.30°/s
X:   -0.44°/s | Y:    0.00°/s | Z:   -0.94°/s
X:   -0.28°/s | Y:   -0.04°/s | Z:    0.16°/s
X:   -0.49°/s | Y:    0.61°/s | Z:   -0.12°/s
X:   -0.26°/s | Y:   -0.12°/s | Z:   -0.04°/s
X:   -0.05°/s | Y:    0.38°/s | Z:   -0.61°/s
X:   -0.38°/s | Y:    0.40°/s | Z:   -0.46°/s
X:   -0.14°/s | Y:    0.12°/s | Z:   -0.25°/s
X:   -0.49°/s | Y:    0.19°/s | Z:   -0.52°/s
X:   -0.49°/s | Y:    0.46°/s | Z:   -0.70°/s
X:   -0.44°/s | Y:    0.25°/s | Z:   -0.51°/s
X:   -0.25°/s | Y:    0.40°/s | Z:   -0.70°/s
X:   -0.84°/s | Y:    0.28°/s | Z:   -0.52°/s
X:   -0.42°/s | Y:    0.21°/s | Z:   -0.56°/s
X:   -0.52°/s | Y:    0.23°/s | Z:   -0.70°/s
X:   -0.56°/s | Y:    0.28°/s | Z:   -0.81°/s
X:   -0.26°/s | Y:    0.25°/s | Z:   -0.82°/s
X:   -0.75°/s | Y:    0.35°/s | Z:   -0.42°/s
X:   -0.52°/s | Y:    0.16°/s | Z:   -0.42°/s
X:   -0.26°/s | Y:    0.42°/s | Z:   -0.35°/s
X:   -0.37°/s | Y:    0.23°/s | Z:   -0.47°/s
X:   -0.28°/s | Y:    0.35°/s | Z:   -0.14°/s
X:   -0.05°/s | Y:    0.07°/s | Z:   -0.77°/s
X:   -0.26°/s | Y:    0.17°/s | Z:   -0.51°/s
X:   -0.28°/s | Y:    0.12°/s | Z:   -0.61°/s
X:   -0.16°/s | Y:    0.19°/s | Z:    0.21°/s
X:   -0.40°/s | Y:    0.44°/s | Z:   -0.17°/s
X:   -0.60°/s | Y:    0.30°/s | Z:   -0.21°/s
X:   -0.38°/s | Y:    0.42°/s | Z:   -0.23°/s
X:   -0.30°/s | Y:   -0.07°/s | Z:    0.25°/s
X:   -0.10°/s | Y:    0.23°/s | Z:   -0.72°/s
X:   -0.28°/s | Y:    0.31°/s | Z:   -0.67°/s
X:   -0.31°/s | Y:    0.02°/s | Z:   -0.23°/s
X:   -0.86°/s | Y:    0.44°/s | Z:   -0.10°/s
X:   -0.74°/s | Y:    0.42°/s | Z:   -0.37°/s
===============================
I3G4250D Gyroscope
===============================

Step 1: Detecting gyroscope...
✓ Found: I3g4250d

Step 2: Initializing driver...
✓ WHO_AM_I: 0xD3

Step 3: Configuring sensor...
✓ Configuration complete:
  - Data Rate: 400 Hz (timer interrupt)
  - Range: 500 °/s

Step 4: Starting interrupt-driven mode...
──────────────────────────────────────

X:   19.90°/s | Y:  -54.15°/s | Z:  -50.58°/s
X:    0.35°/s | Y:   -0.19°/s | Z:   -0.86°/s
X:   -0.79°/s | Y:    0.21°/s | Z:   -0.09°/s
X:   -0.56°/s | Y:    0.38°/s | Z:   -0.21°/s
X:   -0.81°/s | Y:    0.49°/s | Z:   -0.10°/s
X:   -0.30°/s | Y:   -0.09°/s | Z:   -0.33°/s
X:   -0.49°/s | Y:    0.19°/s | Z:   -1.45°/s
X:   -0.70°/s | Y:    0.44°/s | Z:   -0.05°/s
X:   -0.26°/s | Y:    0.37°/s | Z:   -0.81°/s
X:   -0.52°/s | Y:    0.37°/s | Z:   -0.17°/s
X:   -0.40°/s | Y:    0.37°/s | Z:   -0.31°/s
X:   -0.35°/s | Y:    0.19°/s | Z:    0.00°/s
X:    0.04°/s | Y:    0.14°/s | Z:   -0.38°/s
X:   -0.17°/s | Y:    0.35°/s | Z:   -0.72°/s
X:   -0.63°/s | Y:    0.02°/s | Z:   -0.51°/s
X:   -0.12°/s | Y:    0.04°/s | Z:   -0.68°/s
X:   -0.51°/s | Y:    0.30°/s | Z:   -0.68°/s
X:   -0.35°/s | Y:   -0.04°/s | Z:   -0.46°/s
X:   -0.12°/s | Y:    0.28°/s | Z:   -0.44°/s
X:   -0.21°/s | Y:    0.47°/s | Z:   -0.19°/s
X:   -0.37°/s | Y:    0.42°/s | Z:   -0.56°/s
X:   -0.30°/s | Y:    0.25°/s | Z:   -0.54°/s
X:    0.17°/s | Y:    0.77°/s | Z:   -0.81°/s
X:   -0.14°/s | Y:    0.25°/s | Z:   -0.49°/s
X:   -0.09°/s | Y:    0.37°/s | Z:   -0.51°/s
X:   -0.35°/s | Y:    0.14°/s | Z:   -0.63°/s
X:   -0.46°/s | Y:    0.25°/s | Z:   -0.58°/s
X:   -0.35°/s | Y:    0.35°/s | Z:   -0.72°/s
X:   -0.60°/s | Y:    0.30°/s | Z:   -0.84°/s
X:   -4.46°/s | Y:    0.05°/s | Z:   -0.91°/s
X:   -0.17°/s | Y:    0.46°/s | Z:   -1.05°/s
X:   -0.81°/s | Y:    0.25°/s | Z:   -0.44°/s
X:   -0.33°/s | Y:    0.42°/s | Z:   -0.56°/s
X:   -0.56°/s | Y:    0.33°/s | Z:   -0.47°/s
X:   -0.26°/s | Y:   -0.17°/s | Z:   -0.12°/s
X:   -0.54°/s | Y:    0.21°/s | Z:   -0.56°/s
X:   -0.23°/s | Y:    0.19°/s | Z:   -0.72°/s
X:   -0.25°/s | Y:    0.65°/s | Z:   -0.37°/s
X:   -0.40°/s | Y:    0.40°/s | Z:   -0.30°/s
X:   -0.42°/s | Y:    0.35°/s | Z:   -0.51°/s
X:   -0.14°/s | Y:    0.07°/s | Z:   -0.44°/s
X:   -0.33°/s | Y:    0.16°/s | Z:   -0.65°/s
X:   -0.21°/s | Y:    0.02°/s | Z:   -0.38°/s
X:   -0.30°/s | Y:    0.49°/s | Z:   -0.77°/s
X:   -0.65°/s | Y:    0.38°/s | Z:   -0.72°/s
X:   -0.30°/s | Y:    0.37°/s | Z:   -0.37°/s
X:   -0.44°/s | Y:    0.23°/s | Z:   -0.44°/s
X:   -0.38°/s | Y:    0.38°/s | Z:   -0.30°/s
X:   -0.28°/s | Y:    0.05°/s | Z:   -0.52°/s
X:   -0.61°/s | Y:    0.37°/s | Z:   -0.25°/s
X:   -0.51°/s | Y:    0.65°/s | Z:   -0.65°/s
X:   -0.49°/s | Y:    0.38°/s | Z:   -0.14°/s
X:   -0.46°/s | Y:   -4.43°/s | Z:   -0.28°/s
X:   -0.31°/s | Y:    0.05°/s | Z:   -0.72°/s
X:   -0.09°/s | Y:    0.33°/s | Z:   -0.68°/s
X:   -0.46°/s | Y:    0.42°/s | Z:   -0.72°/s
X:   -0.17°/s | Y:    0.21°/s | Z:   -0.14°/s
X:   -0.35°/s | Y:    0.37°/s | Z:   -0.54°/s
X:   -0.33°/s | Y:    0.40°/s | Z:   -0.61°/s
X:   -0.40°/s | Y:    0.14°/s | Z:   -0.77°/s
X:   -0.60°/s | Y:    0.40°/s | Z:   -0.40°/s
X:   -0.37°/s | Y:    0.56°/s | Z:   -0.98°/s
X:   -0.26°/s | Y:    0.42°/s | Z:   -0.21°/s
X:   -0.35°/s | Y:    0.16°/s | Z:   -0.33°/s
X:   -0.40°/s | Y:    0.40°/s | Z:   -0.70°/s
X:   -0.28°/s | Y:    0.28°/s | Z:    0.25°/s
X:   -0.30°/s | Y:    0.30°/s | Z:   -0.40°/s
X:   -0.04°/s | Y:    0.12°/s | Z:   -0.52°/s
X:   -0.07°/s | Y:    0.52°/s | Z:   -0.61°/s
X:   -0.79°/s | Y:    0.38°/s | Z:   -0.33°/s
X:   -0.31°/s | Y:    0.38°/s | Z:   -0.89°/s
X:   -0.12°/s | Y:    0.44°/s | Z:   -0.72°/s
X:   -0.35°/s | Y:    0.10°/s | Z:   -0.54°/s
X:   -0.61°/s | Y:    0.40°/s | Z:   -0.30°/s
X:   -0.60°/s | Y:    0.67°/s | Z:   -0.09°/s
X:    0.21°/s | Y:    0.35°/s | Z:   -0.79°/s
X:   -0.26°/s | Y:    0.10°/s | Z:   -1.21°/s
X:   -0.52°/s | Y:    0.47°/s | Z:   -0.56°/s
X:   -0.05°/s | Y:    0.09°/s | Z:   -0.72°/s
X:   -0.30°/s | Y:    0.25°/s | Z:   -0.38°/s
X:   -0.54°/s | Y:    0.89°/s | Z:   -1.10°/s
X:   -0.44°/s | Y:    0.51°/s | Z:   -0.38°/s
X:   -0.65°/s | Y:    0.35°/s | Z:   -0.51°/s
X:   -0.21°/s | Y:    0.16°/s | Z:    0.12°/s
X:   -0.74°/s | Y:    0.46°/s | Z:   -0.89°/s
X:    0.04°/s | Y:    0.07°/s | Z:   -0.94°/s
X:   -0.60°/s | Y:    0.28°/s | Z:   -0.70°/s
X:   -0.67°/s | Y:    0.23°/s | Z:   -0.56°/s
X:   -0.38°/s | Y:    0.30°/s | Z:   -0.23°/s
X:   -0.35°/s | Y:   -0.05°/s | Z:   -0.46°/s
X:   -0.47°/s | Y:   -0.12°/s | Z:   -0.52°/s
X:   -0.47°/s | Y:    0.38°/s | Z:   -0.81°/s
X:   -0.04°/s | Y:    0.12°/s | Z:   -0.14°/s
X:   -0.07°/s | Y:    0.72°/s | Z:    0.12°/s
X:   -0.12°/s | Y:    0.37°/s | Z:   -0.47°/s
X:   -0.33°/s | Y:    0.26°/s | Z:   -0.46°/s
X:   -0.51°/s | Y:    0.31°/s | Z:   -0.61°/s
X:   -0.81°/s | Y:    0.07°/s | Z:   -0.14°/s
X:   -0.16°/s | Y:    0.46°/s | Z:   -0.17°/s
X:   -0.31°/s | Y:    0.49°/s | Z:   -0.37°/s
X:   -0.56°/s | Y:    0.40°/s | Z:   -0.35°/s
X:   -0.10°/s | Y:    0.35°/s | Z:   -0.74°/s
X:   -0.38°/s | Y:    0.35°/s | Z:   -0.21°/s
X:   -0.47°/s | Y:    0.14°/s | Z:   -0.31°/s
X:   -0.51°/s | Y:    0.23°/s | Z:   -0.89°/s
X:   -0.40°/s | Y:    0.40°/s | Z:   -0.42°/s
X:   -0.74°/s | Y:    0.05°/s | Z:   -0.70°/s
X:   -0.47°/s | Y:    0.21°/s | Z:   -0.25°/s
X:   -0.44°/s | Y:    0.61°/s | Z:   -0.44°/s
X:   -0.44°/s | Y:    0.61°/s | Z:   -0.81°/s
X:   -0.70°/s | Y:    0.12°/s | Z:   -0.79°/s
X:   -0.79°/s | Y:    0.02°/s | Z:   -0.21°/s
X:   -0.25°/s | Y:   -0.02°/s | Z:   -0.28°/s
X:   -0.26°/s | Y:    0.14°/s | Z:   -0.26°/s
X:    0.09°/s | Y:   -4.03°/s | Z:   -0.40°/s
X:   -0.33°/s | Y:    0.38°/s | Z:   -0.74°/s
X:   -0.35°/s | Y:    0.46°/s | Z:   -0.58°/s
X:   -0.40°/s | Y:    0.75°/s | Z:   -0.86°/s
X:    0.25°/s | Y:    0.38°/s | Z:   -0.81°/s
X:   -0.46°/s | Y:    0.28°/s | Z:   -0.74°/s
X:   -0.28°/s | Y:    0.16°/s | Z:   -0.19°/s
X:   -0.31°/s | Y:    0.67°/s | Z:   -0.82°/s
X:   -0.67°/s | Y:    0.35°/s | Z:   -0.70°/s
X:   -0.68°/s | Y:    0.33°/s | Z:   -0.14°/s
X:   -0.19°/s | Y:    0.00°/s | Z:   -0.63°/s
X:   -0.68°/s | Y:    0.44°/s | Z:   -1.23°/s
X:   -0.49°/s | Y:    0.38°/s | Z:   -0.52°/s
X:   -0.10°/s | Y:    0.25°/s | Z:   -0.33°/s
X:   -0.16°/s | Y:    0.60°/s | Z:   -0.52°/s
X:   -0.67°/s | Y:    0.23°/s | Z:   -0.28°/s
X:   -0.60°/s | Y:    0.47°/s | Z:   -0.58°/s
X:   -4.48°/s | Y:    0.44°/s | Z:   -0.67°/s
X:   -0.25°/s | Y:    0.21°/s | Z:   -0.63°/s
X:   -0.21°/s | Y:    0.49°/s | Z:   -0.96°/s
X:   -0.42°/s | Y:    0.42°/s | Z:   -0.96°/s
X:   -0.46°/s | Y:    0.23°/s | Z:   -0.60°/s
X:   -0.49°/s | Y:    0.21°/s | Z:   -0.51°/s
X:   -0.65°/s | Y:    0.12°/s | Z:   -0.30°/s
X:   -0.65°/s | Y:    0.44°/s | Z:   -1.00°/s
X:   -0.02°/s | Y:    0.02°/s | Z:   -0.16°/s
X:   -0.17°/s | Y:    0.37°/s | Z:   -0.68°/s
X:   -0.42°/s | Y:    0.28°/s | Z:   -0.09°/s
X:   -0.42°/s | Y:    0.56°/s | Z:   -0.16°/s
X:   -0.33°/s | Y:    0.46°/s | Z:   -0.09°/s
X:   -0.46°/s | Y:    0.00°/s | Z:   -0.51°/s
X:   -0.60°/s | Y:    0.25°/s | Z:   -0.49°/s
X:   -0.16°/s | Y:    0.17°/s | Z:   -0.44°/s
X:   -0.42°/s | Y:    0.47°/s | Z:   -0.31°/s
X:   -0.25°/s | Y:    0.16°/s | Z:   -0.81°/s
X:   -0.67°/s | Y:    0.58°/s | Z:   -0.75°/s
X:   -0.02°/s | Y:    0.19°/s | Z:   -1.03°/s
X:   -0.17°/s | Y:    0.26°/s | Z:   -0.37°/s
X:   -0.26°/s | Y:    0.26°/s | Z:   -0.54°/s
X:   -0.38°/s | Y:    0.25°/s | Z:   -0.52°/s
X:   -0.60°/s | Y:    0.07°/s | Z:   -0.35°/s
X:   -0.31°/s | Y:    0.58°/s | Z:   -0.86°/s
X:   -0.19°/s | Y:    0.70°/s | Z:   -0.38°/s
X:   -0.56°/s | Y:    0.74°/s | Z:   -0.63°/s
===============================
I3G4250D Gyroscope
===============================

Step 1: Detecting gyroscope...
✓ Found: I3g4250d

Step 2: Initializing driver...
✓ WHO_AM_I: 0xD3

Step 3: Configuring sensor...
✓ Configuration complete:
  - Data Rate: 400 Hz (timer interrupt)
  - Range: 500 °/s

Step 4: Starting interrupt-driven mode...
──────────────────────────────────────

⚠️  ANOMALY #1: Δx=0.02, Δy=0.02, Δz=323.96
X:   -0.02°/s | Y:   -0.02°/s | Z:  323.96°/s
⚠️  ANOMALY #2: Δx=0.45, Δy=0.14, Δz=324.57
X:   -0.33°/s | Y:    0.33°/s | Z:   -0.16°/s
X:   -0.44°/s | Y:    0.17°/s | Z:   -0.51°/s
X:   -0.74°/s | Y:    0.26°/s | Z:    0.26°/s
X:   -0.40°/s | Y:    0.33°/s | Z:   -0.65°/s
X:   -0.25°/s | Y:    0.14°/s | Z:   -0.81°/s
X:   -0.31°/s | Y:    0.30°/s | Z:   -0.16°/s
X:   -0.74°/s | Y:    0.38°/s | Z:   -0.30°/s
X:   -0.05°/s | Y:    0.19°/s | Z:   -1.05°/s
X:   -0.52°/s | Y:    0.49°/s | Z:   -0.74°/s
X:   -0.38°/s | Y:    0.63°/s | Z:   -0.91°/s
X:   -0.79°/s | Y:    0.30°/s | Z:   -0.17°/s
X:   -0.42°/s | Y:    0.60°/s | Z:   -0.65°/s
X:   -0.16°/s | Y:    0.38°/s | Z:   -0.93°/s
X:   -0.31°/s | Y:    0.42°/s | Z:   -0.70°/s
X:   -0.68°/s | Y:    0.47°/s | Z:   -0.16°/s
X:   -0.46°/s | Y:    0.30°/s | Z:   -0.19°/s
X:   -0.75°/s | Y:    0.49°/s | Z:   -0.52°/s
X:   -0.09°/s | Y:    0.44°/s | Z:   -0.79°/s
X:   -4.48°/s | Y:    0.23°/s | Z:   -0.12°/s
X:    0.05°/s | Y:    0.31°/s | Z:   -0.91°/s
X:   -0.23°/s | Y:    0.42°/s | Z:   -0.58°/s
X:   -0.33°/s | Y:    0.09°/s | Z:   -0.47°/s
X:   -0.47°/s | Y:    0.68°/s | Z:   -0.63°/s
X:   -0.47°/s | Y:    0.17°/s | Z:    0.16°/s
X:   -0.51°/s | Y:    0.49°/s | Z:   -0.37°/s
X:   -0.33°/s | Y:    0.51°/s | Z:   -0.28°/s
X:   -0.40°/s | Y:    0.30°/s | Z:   -0.56°/s
X:   -0.33°/s | Y:    0.77°/s | Z:   -0.52°/s
X:   -0.88°/s | Y:    0.47°/s | Z:   -0.68°/s
X:   -0.31°/s | Y:    0.46°/s | Z:   -0.44°/s
X:   -0.21°/s | Y:    0.33°/s | Z:   -0.89°/s
X:    0.02°/s | Y:    0.47°/s | Z:   -0.09°/s
X:   -0.52°/s | Y:    0.68°/s | Z:   -0.49°/s
X:   -0.58°/s | Y:    0.38°/s | Z:   -0.72°/s
X:   -0.38°/s | Y:    0.35°/s | Z:   -0.44°/s
X:   -0.46°/s | Y:   -0.05°/s | Z:   -0.04°/s
X:   -0.28°/s | Y:   -0.05°/s | Z:   -0.56°/s
X:   -0.37°/s | Y:    0.63°/s | Z:   -0.58°/s
X:   -0.21°/s | Y:   -0.12°/s | Z:   -0.60°/s
X:   -0.47°/s | Y:   -0.05°/s | Z:   -0.51°/s
X:   -0.68°/s | Y:    0.49°/s | Z:   -0.84°/s
X:   -0.54°/s | Y:    0.12°/s | Z:   -0.47°/s
X:   -0.49°/s | Y:    0.40°/s | Z:   -0.77°/s
X:   -0.37°/s | Y:    0.12°/s | Z:   -0.65°/s
X:   -0.49°/s | Y:    0.52°/s | Z:   -0.33°/s
X:    0.02°/s | Y:    0.31°/s | Z:   -0.54°/s
X:   -0.33°/s | Y:    0.30°/s | Z:   -0.25°/s
X:   -0.23°/s | Y:    0.16°/s | Z:   -0.05°/s
X:   -0.30°/s | Y:    0.38°/s | Z:   -0.94°/s
X:   -0.46°/s | Y:    0.46°/s | Z:   -0.12°/s
X:   -0.37°/s | Y:    0.09°/s | Z:   -0.61°/s
X:   -0.44°/s | Y:    0.82°/s | Z:   -0.56°/s
X:   -0.40°/s | Y:    0.40°/s | Z:   -0.49°/s
X:   -0.21°/s | Y:    0.04°/s | Z:   -0.82°/s
X:   -0.38°/s | Y:    0.26°/s | Z:   -0.75°/s
X:   -0.33°/s | Y:    0.10°/s | Z:   -0.54°/s
X:   -0.21°/s | Y:    0.31°/s | Z:   -0.30°/s
X:   -0.30°/s | Y:    0.25°/s | Z:   -0.67°/s
X:    4.27°/s | Y:    0.63°/s | Z:   -0.38°/s
X:   -0.17°/s | Y:    0.04°/s | Z:   -0.61°/s
X:   -0.35°/s | Y:    0.65°/s | Z:   -0.56°/s
X:   -0.40°/s | Y:    0.26°/s | Z:   -1.17°/s
X:   -0.77°/s | Y:    0.30°/s | Z:   -0.49°/s
X:   -0.38°/s | Y:    0.31°/s | Z:   -0.26°/s
X:   -0.17°/s | Y:    0.46°/s | Z:   -0.56°/s
X:   -0.16°/s | Y:    0.46°/s | Z:   -0.56°/s
X:   -0.63°/s | Y:    0.04°/s | Z:   -0.16°/s
X:   -0.65°/s | Y:    0.23°/s | Z:   -0.54°/s
X:   -0.38°/s | Y:    0.44°/s | Z:   -0.86°/s
X:   -0.52°/s | Y:    0.65°/s | Z:   -0.58°/s
X:   -0.68°/s | Y:    0.42°/s | Z:   -0.35°/s
X:   -0.14°/s | Y:    0.52°/s | Z:   -0.70°/s
X:   -0.23°/s | Y:   -0.19°/s | Z:   -0.35°/s
X:   -0.05°/s | Y:    0.19°/s | Z:   -0.56°/s
X:   -0.42°/s | Y:    0.12°/s | Z:   -0.17°/s
X:   -0.19°/s | Y:    0.46°/s | Z:   -0.88°/s
X:   -0.30°/s | Y:    0.44°/s | Z:   -0.60°/s
X:   -0.38°/s | Y:    0.42°/s | Z:   -0.25°/s
X:   -0.19°/s | Y:    0.12°/s | Z:   -0.58°/s
X:   -0.09°/s | Y:    0.26°/s | Z:   -0.40°/s
===============================
I3G4250D Gyroscope
===============================

Step 1: Detecting gyroscope...
✓ Found: I3g4250d

Step 2: Initializing driver...
✓ WHO_AM_I: 0xD3

Step 3: Configuring sensor...
✓ Configuration complete:
  - Data Rate: 400 Hz (timer interrupt)
  - Range: 500 °/s

Step 4: Starting interrupt-driven mode...
──────────────────────────────────────

⚠️  ANOMALY #1: Δx=129.15, Δy=20.39, Δz=110.95
X:  129.15°/s | Y:   20.39°/s | Z: -110.95°/s
⚠️  ANOMALY #2: Δx=129.34, Δy=20.56, Δz=110.55
X:   -0.23°/s | Y:    0.12°/s | Z:   -0.51°/s
X:   -0.60°/s | Y:    0.58°/s | Z:   -0.56°/s
X:   -0.58°/s | Y:   -0.02°/s | Z:   -0.16°/s
X:   -0.65°/s | Y:    0.52°/s | Z:   -0.16°/s
X:   -0.46°/s | Y:    0.28°/s | Z:   -0.74°/s
X:   -0.25°/s | Y:    0.40°/s | Z:   -0.42°/s
X:   -0.19°/s | Y:    0.30°/s | Z:   -0.81°/s
X:   -0.65°/s | Y:    0.17°/s | Z:   -0.10°/s
X:   -0.56°/s | Y:    0.51°/s | Z:    0.02°/s
X:   -0.42°/s | Y:    0.19°/s | Z:   -0.07°/s
X:   -0.42°/s | Y:   -4.43°/s | Z:   -0.60°/s
X:   -0.74°/s | Y:    0.47°/s | Z:   -0.42°/s
X:   -0.17°/s | Y:    0.23°/s | Z:   -0.38°/s
X:   -0.51°/s | Y:    0.33°/s | Z:   -0.02°/s
X:   -0.21°/s | Y:    0.28°/s | Z:   -0.84°/s
X:   -0.30°/s | Y:    0.19°/s | Z:   -0.72°/s
X:   -0.47°/s | Y:    0.37°/s | Z:   -0.68°/s
X:   -0.72°/s | Y:    0.65°/s | Z:   -0.33°/s
X:   -0.38°/s | Y:    0.25°/s | Z:   -0.51°/s
X:   -0.58°/s | Y:    0.42°/s | Z:   -0.12°/s
X:   -0.28°/s | Y:    0.17°/s | Z:   -0.28°/s
X:   -0.74°/s | Y:    0.42°/s | Z:   -0.63°/s
X:   -0.63°/s | Y:   -0.12°/s | Z:   -0.82°/s
X:   -0.21°/s | Y:    0.38°/s | Z:   -1.15°/s
X:   -0.54°/s | Y:    0.40°/s | Z:   -0.28°/s
X:   -0.49°/s | Y:   -0.17°/s | Z:   -0.56°/s
X:   -0.02°/s | Y:    0.40°/s | Z:   -0.63°/s
X:   -0.82°/s | Y:    0.44°/s | Z:   -0.26°/s
X:   -0.23°/s | Y:    0.49°/s | Z:   -0.38°/s
X:   -0.56°/s | Y:    0.26°/s | Z:   -0.33°/s
X:   -0.63°/s | Y:    0.37°/s | Z:   -0.19°/s
X:   -0.51°/s | Y:    0.12°/s | Z:   -0.31°/s
X:   -0.58°/s | Y:    0.67°/s | Z:   -0.33°/s
X:   -0.37°/s | Y:    0.23°/s | Z:   -0.35°/s
X:   -0.61°/s | Y:    0.28°/s | Z:    0.31°/s
X:   -0.37°/s | Y:    0.25°/s | Z:   -0.54°/s
X:   -0.81°/s | Y:    0.46°/s | Z:   -0.12°/s
X:   -0.25°/s | Y:    0.23°/s | Z:   -0.77°/s
X:   -0.47°/s | Y:    0.40°/s | Z:   -0.72°/s
X:   -0.82°/s | Y:    0.61°/s | Z:   -0.25°/s
X:   -0.60°/s | Y:    0.25°/s | Z:   -0.28°/s
X:   -0.88°/s | Y:    0.33°/s | Z:   -0.72°/s
X:   -0.56°/s | Y:    0.42°/s | Z:   -0.12°/s
X:   -0.47°/s | Y:    0.05°/s | Z:   -0.94°/s
X:   -0.31°/s | Y:    0.58°/s | Z:   -0.81°/s
X:    0.21°/s | Y:    0.10°/s | Z:   -0.33°/s
X:   -0.47°/s | Y:    0.37°/s | Z:   -0.23°/s
X:   -0.40°/s | Y:    0.10°/s | Z:   -0.56°/s
X:   -0.46°/s | Y:    0.16°/s | Z:   -0.38°/s
X:   -0.37°/s | Y:    0.49°/s | Z:   -0.33°/s
X:   -0.23°/s | Y:    0.14°/s | Z:    0.09°/s
X:   -0.33°/s | Y:    0.65°/s | Z:   -0.42°/s
X:   -0.44°/s | Y:    0.42°/s | Z:   -0.46°/s
X:   -0.04°/s | Y:   -0.02°/s | Z:    0.12°/s
X:   -0.52°/s | Y:   -0.16°/s | Z:   -0.60°/s
X:   -0.63°/s | Y:    0.21°/s | Z:   -0.16°/s
X:   -0.74°/s | Y:    0.30°/s | Z:   -0.21°/s
X:   -0.25°/s | Y:    0.65°/s | Z:   -0.61°/s
X:   -0.35°/s | Y:    0.00°/s | Z:   -0.82°/s
X:   -0.17°/s | Y:    0.30°/s | Z:   -0.28°/s
X:   -0.40°/s | Y:    0.09°/s | Z:    0.31°/s
X:   -0.67°/s | Y:    0.46°/s | Z:   -0.51°/s
X:   -0.54°/s | Y:    0.60°/s | Z:   -0.38°/s
X:   -0.10°/s | Y:    0.30°/s | Z:   -0.19°/s
X:   -0.16°/s | Y:    0.47°/s | Z:   -0.49°/s
X:   -0.47°/s | Y:    0.00°/s | Z:   -0.91°/s
X:   -0.10°/s | Y:    0.65°/s | Z:   -0.12°/s
X:   -0.44°/s | Y:    0.49°/s | Z:   -0.70°/s
X:   -0.79°/s | Y:    0.47°/s | Z:   -0.46°/s
X:   -0.51°/s | Y:    0.35°/s | Z:   -0.49°/s
X:   -0.09°/s | Y:   -0.19°/s | Z:   -0.52°/s
X:   -0.65°/s | Y:    0.49°/s | Z:   -0.56°/s
X:   -0.51°/s | Y:    0.25°/s | Z:   -0.33°/s
X:   -0.81°/s | Y:    0.47°/s | Z:   -0.28°/s
X:   -0.28°/s | Y:    0.44°/s | Z:   -0.58°/s
X:    0.12°/s | Y:    0.21°/s | Z:   -0.67°/s
X:   -0.60°/s | Y:    0.40°/s | Z:   -0.72°/s
X:   -0.28°/s | Y:    0.40°/s | Z:   -0.54°/s
X:   -0.63°/s | Y:    0.54°/s | Z:    0.00°/s
X:   -0.30°/s | Y:    0.51°/s | Z:   -1.24°/s
X:   -0.25°/s | Y:    0.16°/s | Z:   -0.61°/s
X:   -0.52°/s | Y:    0.42°/s | Z:   -0.58°/s
X:   -0.63°/s | Y:    0.58°/s | Z:   -0.42°/s
X:    0.16°/s | Y:    0.14°/s | Z:   -0.96°/s
X:    0.12°/s | Y:    0.19°/s | Z:   -0.17°/s
X:   -0.61°/s | Y:    0.75°/s | Z:   -0.26°/s
X:   -0.56°/s | Y:    0.17°/s | Z:   -0.44°/s
X:   -0.17°/s | Y:    0.30°/s | Z:   -0.88°/s
X:   -0.37°/s | Y:    0.30°/s | Z:   -0.68°/s
X:   -0.33°/s | Y:    0.07°/s | Z:   -0.61°/s
X:   -0.42°/s | Y:    0.35°/s | Z:   -0.75°/s
X:   -0.04°/s | Y:    0.25°/s | Z:   -0.07°/s
X:   -0.60°/s | Y:    0.10°/s | Z:   -0.58°/s
X:   -0.31°/s | Y:    0.21°/s | Z:   -0.38°/s
X:   -0.37°/s | Y:    0.47°/s | Z:   -0.14°/s
X:   -0.58°/s | Y:    0.17°/s | Z:   -0.70°/s
X:   -0.31°/s | Y:    0.25°/s | Z:   -0.25°/s
X:   -0.23°/s | Y:    0.25°/s | Z:   -0.44°/s
X:   -0.47°/s | Y:    0.28°/s | Z:   -0.52°/s
X:   -0.81°/s | Y:    0.30°/s | Z:   -0.89°/s
X:   -0.33°/s | Y:    0.25°/s | Z:   -0.58°/s
X:   -0.72°/s | Y:    0.58°/s | Z:   -0.51°/s
X:   -0.35°/s | Y:   -0.05°/s | Z:   -0.38°/s
X:   -0.65°/s | Y:    0.26°/s | Z:   -0.88°/s
X:   -0.26°/s | Y:    0.09°/s | Z:   -0.16°/s
X:   -0.61°/s | Y:    0.72°/s | Z:   -1.21°/s
X:   -0.30°/s | Y:    0.16°/s | Z:   -0.84°/s
X:   -0.30°/s | Y:    0.47°/s | Z:   -0.70°/s
X:   -0.51°/s | Y:    0.37°/s | Z:   -0.68°/s
X:   -0.17°/s | Y:    0.38°/s | Z:   -0.25°/s
X:   -0.30°/s | Y:    0.31°/s | Z:   -0.70°/s
X:   -0.61°/s | Y:    0.40°/s | Z:   -0.25°/s
X:   -0.81°/s | Y:    0.10°/s | Z:   -0.28°/s
X:   -0.16°/s | Y:    0.23°/s | Z:   -0.54°/s
X:   -0.23°/s | Y:    0.16°/s | Z:   -0.54°/s
X:   -0.04°/s | Y:    0.09°/s | Z:   -0.58°/s
X:   -0.51°/s | Y:    0.44°/s | Z:   -0.63°/s
X:   -0.67°/s | Y:    0.31°/s | Z:   -0.84°/s
X:   -0.54°/s | Y:    0.49°/s | Z:   -0.75°/s
X:   -0.56°/s | Y:    0.05°/s | Z:   -0.81°/s
X:   -0.31°/s | Y:    0.25°/s | Z:   -0.54°/s
X:   -0.33°/s | Y:    0.19°/s | Z:   -0.26°/s
X:   -0.65°/s | Y:    0.54°/s | Z:   -0.38°/s
X:   -0.23°/s | Y:    0.25°/s | Z:   -0.37°/s
X:   -0.42°/s | Y:    0.52°/s | Z:   -0.30°/s
X:   -0.72°/s | Y:    0.31°/s | Z:   -0.96°/s
X:   -0.44°/s | Y:    0.31°/s | Z:   -0.42°/s
X:   -0.33°/s | Y:    0.47°/s | Z:   -0.58°/s
X:   -0.58°/s | Y:    0.23°/s | Z:   -0.02°/s
X:   -0.05°/s | Y:    0.21°/s | Z:   -0.47°/s
X:   -0.09°/s | Y:    0.02°/s | Z:   -0.30°/s
X:   -0.28°/s | Y:    0.25°/s | Z:   -0.47°/s
X:   -0.25°/s | Y:    0.28°/s | Z:   -0.33°/s
X:   -0.38°/s | Y:    0.49°/s | Z:   -0.54°/s
X:   -0.54°/s | Y:    0.40°/s | Z:   -0.58°/s
X:   -0.23°/s | Y:    0.68°/s | Z:   -0.17°/s
X:   -0.31°/s | Y:    0.28°/s | Z:   -0.65°/s
X:   -0.33°/s | Y:    0.47°/s | Z:   -0.63°/s
X:   -0.91°/s | Y:    0.19°/s | Z:   -0.51°/s
X:    0.02°/s | Y:    0.26°/s | Z:   -0.88°/s
X:   -0.44°/s | Y:    0.30°/s | Z:   -0.09°/s
X:   -0.37°/s | Y:    0.37°/s | Z:   -0.89°/s
X:   -0.44°/s | Y:   -0.12°/s | Z:    0.00°/s
X:   -0.81°/s | Y:    0.21°/s | Z:   -0.38°/s
X:   -0.46°/s | Y:    0.19°/s | Z:   -0.82°/s
X:   -0.63°/s | Y:    0.52°/s | Z:   -0.54°/s
X:   -0.56°/s | Y:    0.09°/s | Z:   -0.44°/s
X:   -0.49°/s | Y:    0.42°/s | Z:   -0.58°/s
X:   -0.56°/s | Y:    0.38°/s | Z:   -0.35°/s
X:   -0.60°/s | Y:    0.07°/s | Z:   -0.02°/s
X:   -0.52°/s | Y:    0.31°/s | Z:   -0.33°/s
X:   -0.46°/s | Y:   -0.02°/s | Z:   -0.60°/s
X:    0.00°/s | Y:    0.25°/s | Z:   -0.40°/s
X:   -0.19°/s | Y:    0.05°/s | Z:   -0.38°/s
X:   -0.38°/s | Y:    0.02°/s | Z:   -0.51°/s
X:   -0.09°/s | Y:    0.68°/s | Z:   -0.30°/s
X:   -0.25°/s | Y:    0.68°/s | Z:   -0.51°/s
X:   -0.35°/s | Y:   -0.09°/s | Z:   -0.63°/s
X:    0.00°/s | Y:    0.23°/s | Z:   -0.17°/s
X:   -0.35°/s | Y:    0.52°/s | Z:   -0.98°/s
X:   -0.23°/s | Y:    0.44°/s | Z:   -0.49°/s
X:   -0.58°/s | Y:    0.31°/s | Z:   -0.63°/s
X:   -0.51°/s | Y:    0.10°/s | Z:   -0.47°/s
X:   -0.07°/s | Y:    0.28°/s | Z:   -0.33°/s
X:   -0.33°/s | Y:    0.40°/s | Z:   -0.44°/s
X:   -0.23°/s | Y:    0.37°/s | Z:   -0.60°/s
X:   -0.65°/s | Y:    4.39°/s | Z:   -0.51°/s
X:   -0.84°/s | Y:    0.00°/s | Z:   -0.67°/s
X:   -0.42°/s | Y:    0.44°/s | Z:   -0.21°/s
X:   -0.35°/s | Y:    0.21°/s | Z:   -0.94°/s
X:   -0.23°/s | Y:    0.21°/s | Z:   -0.31°/s
X:   -0.23°/s | Y:    0.42°/s | Z:   -0.54°/s
X:   -0.07°/s | Y:    0.05°/s | Z:   -0.56°/s
X:   -0.26°/s | Y:    0.02°/s | Z:   -0.40°/s
X:   -0.46°/s | Y:    0.10°/s | Z:   -0.28°/s
X:   -0.19°/s | Y:    0.46°/s | Z:   -0.46°/s
X:   -0.23°/s | Y:   -0.25°/s | Z:   -0.93°/s
X:   -0.33°/s | Y:    0.12°/s | Z:    0.00°/s
X:   -0.30°/s | Y:   -0.17°/s | Z:   -0.40°/s
X:   -0.19°/s | Y:    0.04°/s | Z:   -0.17°/s
X:   -0.40°/s | Y:    0.31°/s | Z:   -0.94°/s
X:   -0.47°/s | Y:    0.28°/s | Z:   -0.63°/s
X:   -0.31°/s | Y:    0.00°/s | Z:   -0.31°/s
X:   -0.40°/s | Y:    0.37°/s | Z:   -0.56°/s
X:   -0.04°/s | Y:    0.21°/s | Z:   -0.77°/s
X:   -0.19°/s | Y:    0.23°/s | Z:   -0.54°/s
X:   -0.23°/s | Y:    0.47°/s | Z:   -0.51°/s
X:   -0.61°/s | Y:    0.38°/s | Z:   -0.74°/s
X:   -0.42°/s | Y:    0.33°/s | Z:   -0.42°/s
X:   -0.46°/s | Y:    0.33°/s | Z:    0.12°/s
X:    0.07°/s | Y:    0.40°/s | Z:   -0.60°/s
X:   -0.65°/s | Y:    0.79°/s | Z:   -4.46°/s
X:   -0.56°/s | Y:    0.37°/s | Z:   -0.46°/s
X:   -0.07°/s | Y:    0.33°/s | Z:   -0.75°/s
X:   -0.33°/s | Y:    0.21°/s | Z:   -0.35°/s
X:    0.09°/s | Y:    0.44°/s | Z:   -0.60°/s
X:   -0.42°/s | Y:    0.67°/s | Z:   -0.07°/s
X:   -0.26°/s | Y:    0.14°/s | Z:   -0.46°/s
X:   -0.30°/s | Y:    0.25°/s | Z:   -0.31°/s
X:   -0.16°/s | Y:   -0.02°/s | Z:   -0.40°/s
X:   -0.23°/s | Y:    0.26°/s | Z:   -0.79°/s
X:   -0.09°/s | Y:    0.28°/s | Z:   -0.28°/s
X:   -0.46°/s | Y:    0.47°/s | Z:   -0.37°/s
X:   -0.09°/s | Y:    0.84°/s | Z:   -0.61°/s
X:   -0.38°/s | Y:    0.28°/s | Z:   -0.81°/s
X:   -0.40°/s | Y:    0.26°/s | Z:   -0.74°/s
X:   -0.60°/s | Y:    0.37°/s | Z:   -0.67°/s
X:   -0.25°/s | Y:    0.38°/s | Z:   -0.89°/s
X:   -4.34°/s | Y:    0.35°/s | Z:   -0.31°/s
X:   -0.79°/s | Y:    0.30°/s | Z:   -0.23°/s
X:   -0.26°/s | Y:    0.40°/s | Z:   -0.96°/s
X:   -0.44°/s | Y:    0.28°/s | Z:   -0.17°/s
X:   -0.49°/s | Y:    0.33°/s | Z:   -0.67°/s
X:   -0.07°/s | Y:    0.26°/s | Z:   -0.42°/s
X:   -0.40°/s | Y:    0.00°/s | Z:   -0.14°/s
X:   -0.16°/s | Y:   -0.07°/s | Z:   -0.04°/s
X:   -0.37°/s | Y:    0.58°/s | Z:   -0.23°/s
X:   -0.16°/s | Y:    0.33°/s | Z:   -0.10°/s
X:    0.00°/s | Y:    0.10°/s | Z:   -0.56°/s
X:   -0.52°/s | Y:    0.10°/s | Z:   -0.84°/s
X:   -0.37°/s | Y:    0.28°/s | Z:   -0.67°/s
X:   -0.70°/s | Y:    0.46°/s | Z:   -0.60°/s
X:   -0.33°/s | Y:    0.19°/s | Z:   -0.44°/s
X:   -0.58°/s | Y:    0.04°/s | Z:   -0.19°/s
X:   -0.31°/s | Y:    0.02°/s | Z:   -0.63°/s
X:   -0.17°/s | Y:    0.30°/s | Z:   -0.09°/s
X:   -0.46°/s | Y:    0.33°/s | Z:   -0.88°/s
X:   -0.30°/s | Y:    0.56°/s | Z:   -1.05°/s
X:   -0.61°/s | Y:    0.07°/s | Z:   -0.26°/s
X:   -0.19°/s | Y:    0.17°/s | Z:   -0.67°/s
X:   -0.19°/s | Y:    0.35°/s | Z:   -0.23°/s
X:   -0.30°/s | Y:    0.09°/s | Z:   -0.72°/s
X:   -0.37°/s | Y:    0.42°/s | Z:   -0.31°/s
X:   -0.61°/s | Y:    0.16°/s | Z:   -0.21°/s
X:   -0.67°/s | Y:    0.02°/s | Z:   -0.19°/s
X:   -0.49°/s | Y:    0.42°/s | Z:   -0.42°/s
X:   -0.46°/s | Y:    0.70°/s | Z:   -0.49°/s
X:   -0.77°/s | Y:    0.37°/s | Z:   -0.38°/s
X:   -0.23°/s | Y:    0.30°/s | Z:   -0.38°/s
X:   -0.42°/s | Y:    0.02°/s | Z:   -0.56°/s
X:   -0.42°/s | Y:    0.17°/s | Z:   -0.58°/s
X:   -0.21°/s | Y:    0.23°/s | Z:   -0.58°/s
X:   -0.51°/s | Y:    0.26°/s | Z:   -0.70°/s
X:   -0.42°/s | Y:    0.25°/s | Z:   -0.81°/s
X:    0.07°/s | Y:    0.56°/s | Z:   -0.52°/s
X:   -0.33°/s | Y:    0.28°/s | Z:   -0.51°/s
X:   -0.31°/s | Y:    0.61°/s | Z:   -1.00°/s
X:   -0.10°/s | Y:    0.33°/s | Z:   -0.98°/s
X:   -0.75°/s | Y:    0.28°/s | Z:   -0.31°/s

📊 Interrupt Stats (every 1000 loops / ~2.5s):
  Avg Cycles/Loop: 179722
  Loop Time: 2496.139μs
  Anomalies: 2
  CPU Usage: 0.10%
──────────────────────────────────────
X:   -0.58°/s | Y:    0.37°/s | Z:   -0.52°/s
X:   -0.44°/s | Y:    0.63°/s | Z:    0.05°/s
X:   -0.49°/s | Y:    0.28°/s | Z:   -0.04°/s
X:   -0.33°/s | Y:    0.35°/s | Z:   -0.93°/s
X:   -0.33°/s | Y:    0.21°/s | Z:   -0.42°/s
X:   -0.56°/s | Y:    0.63°/s | Z:   -0.33°/s
X:   -0.60°/s | Y:    0.91°/s | Z:   -0.44°/s
X:   -0.61°/s | Y:   -0.02°/s | Z:   -0.54°/s
X:    0.02°/s | Y:    0.33°/s | Z:   -0.46°/s
X:   -0.25°/s | Y:    0.33°/s | Z:   -0.19°/s
X:   -0.70°/s | Y:    0.31°/s | Z:   -0.44°/s
X:   -0.63°/s | Y:    0.17°/s | Z:   -0.46°/s
X:   -0.21°/s | Y:    0.33°/s | Z:   -0.79°/s
X:   -0.25°/s | Y:    0.23°/s | Z:   -0.56°/s
X:   -0.23°/s | Y:    0.54°/s | Z:   -0.17°/s
X:   -0.16°/s | Y:    0.35°/s | Z:   -0.21°/s
X:   -0.37°/s | Y:    0.47°/s | Z:   -0.30°/s
X:   -0.52°/s | Y:    0.16°/s | Z:   -0.28°/s
X:   -0.65°/s | Y:    0.49°/s | Z:    0.16°/s
X:   -0.70°/s | Y:   -0.16°/s | Z:   -0.68°/s
X:   -0.77°/s | Y:    0.26°/s | Z:   -0.49°/s
X:   -0.33°/s | Y:    0.40°/s | Z:   -0.37°/s
X:   -0.21°/s | Y:    0.68°/s | Z:   -0.84°/s
X:   -0.40°/s | Y:    0.21°/s | Z:   -0.31°/s
X:   -0.67°/s | Y:    0.25°/s | Z:   -0.86°/s
X:   -0.52°/s | Y:    0.12°/s | Z:   -0.60°/s
X:   -0.54°/s | Y:    0.31°/s | Z:   -0.70°/s
X:   -0.38°/s | Y:    0.30°/s | Z:   -0.46°/s
X:   -0.54°/s | Y:    0.07°/s | Z:   -0.70°/s
X:   -0.26°/s | Y:    0.44°/s | Z:   -0.60°/s
X:   -0.16°/s | Y:    0.12°/s | Z:   -0.47°/s
X:   -0.30°/s | Y:    0.54°/s | Z:   -0.33°/s
X:   -0.98°/s | Y:    0.25°/s | Z:   -0.42°/s
X:   -0.07°/s | Y:    0.02°/s | Z:   -0.25°/s
X:   -0.79°/s | Y:    0.35°/s | Z:   -0.23°/s
X:   -0.23°/s | Y:    0.23°/s | Z:   -0.98°/s
X:    0.04°/s | Y:    0.25°/s | Z:   -0.31°/s
X:   -0.70°/s | Y:    0.52°/s | Z:   -0.30°/s
X:   -0.65°/s | Y:    0.42°/s | Z:   -0.21°/s
X:   -0.49°/s | Y:    0.58°/s | Z:   -0.33°/s
X:   -0.58°/s | Y:    0.35°/s | Z:   -0.28°/s
X:   -0.16°/s | Y:   -0.02°/s | Z:   -1.01°/s
X:   -0.40°/s | Y:    0.40°/s | Z:   -0.23°/s
X:   -0.23°/s | Y:    0.25°/s | Z:   -0.42°/s
X:   -0.31°/s | Y:   -0.05°/s | Z:   -0.70°/s
X:   -0.37°/s | Y:    0.35°/s | Z:   -0.23°/s
X:   -0.37°/s | Y:    0.30°/s | Z:   -0.70°/s
X:   -0.17°/s | Y:    0.21°/s | Z:   -0.21°/s
X:   -0.60°/s | Y:    0.30°/s | Z:   -0.33°/s
X:   -0.51°/s | Y:    0.26°/s | Z:   -0.68°/s
X:   -0.52°/s | Y:    0.25°/s | Z:   -0.51°/s
X:    0.05°/s | Y:    0.19°/s | Z:   -0.61°/s
X:   -0.77°/s | Y:    0.35°/s | Z:   -0.37°/s
X:   -0.35°/s | Y:    0.10°/s | Z:   -0.38°/s
X:   -0.60°/s | Y:    0.40°/s | Z:   -0.91°/s
X:   -0.49°/s | Y:   -4.45°/s | Z:   -0.12°/s
X:   -0.17°/s | Y:    0.19°/s | Z:   -0.37°/s
X:   -0.47°/s | Y:    0.37°/s | Z:   -1.03°/s
X:   -0.46°/s | Y:    0.28°/s | Z:   -0.49°/s
X:   -0.31°/s | Y:    0.23°/s | Z:   -0.28°/s
X:   -0.81°/s | Y:    0.23°/s | Z:   -0.75°/s
X:   -0.40°/s | Y:   -0.31°/s | Z:   -0.75°/s
X:   -0.28°/s | Y:    0.26°/s | Z:   -0.67°/s
X:   -0.42°/s | Y:    0.25°/s | Z:   -0.61°/s
X:   -0.52°/s | Y:    0.14°/s | Z:   -0.77°/s
X:   -0.05°/s | Y:    0.31°/s | Z:   -0.31°/s
X:   -0.54°/s | Y:    0.16°/s | Z:   -0.52°/s
X:   -0.40°/s | Y:    0.38°/s | Z:   -0.81°/s
X:   -0.65°/s | Y:    0.17°/s | Z:   -0.46°/s
X:   -0.26°/s | Y:    0.04°/s | Z:   -0.31°/s
X:   -0.14°/s | Y:    0.21°/s | Z:   -0.33°/s
X:   -0.04°/s | Y:    0.25°/s | Z:   -0.79°/s
X:   -0.61°/s | Y:    0.26°/s | Z:   -0.12°/s
X:   -0.31°/s | Y:    0.47°/s | Z:   -0.91°/s
X:   -0.17°/s | Y:    0.30°/s | Z:   -0.60°/s
X:   -0.56°/s | Y:    0.30°/s | Z:   -0.72°/s
X:   -0.26°/s | Y:   -0.07°/s | Z:   -0.17°/s
X:   -0.44°/s | Y:    0.46°/s | Z:   -0.51°/s
X:   -0.37°/s | Y:    0.38°/s | Z:   -0.88°/s
X:   -0.30°/s | Y:    0.17°/s | Z:   -0.49°/s
X:   -0.56°/s | Y:    0.44°/s | Z:   -0.81°/s
X:   -0.35°/s | Y:    0.16°/s | Z:   -0.70°/s
X:   -0.54°/s | Y:    0.28°/s | Z:   -0.46°/s
X:   -0.58°/s | Y:    0.21°/s | Z:   -0.09°/s
X:   -0.58°/s | Y:   -0.10°/s | Z:   -0.68°/s
X:   -0.67°/s | Y:    0.21°/s | Z:   -0.42°/s
X:   -0.52°/s | Y:    0.14°/s | Z:   -0.58°/s
X:   -0.02°/s | Y:    0.28°/s | Z:   -0.10°/s
X:   -0.68°/s | Y:    0.60°/s | Z:   -0.30°/s
X:   -0.56°/s | Y:    0.44°/s | Z:   -0.82°/s
X:    0.00°/s | Y:    0.58°/s | Z:   -0.40°/s
X:   -0.56°/s | Y:    0.31°/s | Z:   -0.35°/s
X:   -0.33°/s | Y:   -0.21°/s | Z:   -0.25°/s
X:   -0.28°/s | Y:    0.54°/s | Z:   -0.61°/s
X:   -0.33°/s | Y:    0.28°/s | Z:   -0.49°/s
X:    0.16°/s | Y:   -0.07°/s | Z:   -0.56°/s
X:   -0.33°/s | Y:    0.23°/s | Z:   -0.68°/s
X:    0.12°/s | Y:    0.00°/s | Z:   -0.60°/s
X:   -0.65°/s | Y:    0.26°/s | Z:   -0.81°/s
X:   -0.25°/s | Y:    0.26°/s | Z:   -0.44°/s
X:   -0.42°/s | Y:    0.05°/s | Z:   -0.37°/s
X:   -0.28°/s | Y:    0.21°/s | Z:   -0.44°/s
X:   -0.42°/s | Y:    0.52°/s | Z:   -0.14°/s
X:   -0.38°/s | Y:    0.35°/s | Z:   -0.31°/s
X:   -0.21°/s | Y:    0.23°/s | Z:   -0.26°/s
X:   -0.35°/s | Y:    0.40°/s | Z:   -0.23°/s
X:   -0.46°/s | Y:    0.47°/s | Z:   -0.42°/s
X:   -0.26°/s | Y:    0.23°/s | Z:   -0.26°/s
X:   -0.28°/s | Y:    0.12°/s | Z:   -0.40°/s
X:   -0.26°/s | Y:    0.61°/s | Z:   -0.31°/s
X:   -0.33°/s | Y:    0.37°/s | Z:   -0.44°/s
X:   -0.68°/s | Y:    0.30°/s | Z:   -0.70°/s
X:    0.09°/s | Y:   -0.04°/s | Z:   -0.23°/s
X:   -0.56°/s | Y:    0.46°/s | Z:   -0.51°/s
X:   -0.72°/s | Y:    0.42°/s | Z:   -0.51°/s
X:    0.04°/s | Y:    0.37°/s | Z:   -0.28°/s
X:   -0.04°/s | Y:    0.12°/s | Z:   -0.61°/s
X:   -0.35°/s | Y:    0.35°/s | Z:   -0.84°/s
X:   -0.25°/s | Y:    0.44°/s | Z:   -0.46°/s
X:   -0.12°/s | Y:    0.37°/s | Z:   -0.21°/s
X:   -0.47°/s | Y:    0.47°/s | Z:   -0.91°/s
X:   -0.56°/s | Y:    0.40°/s | Z:   -0.42°/s
X:   -0.12°/s | Y:    0.35°/s | Z:   -0.46°/s
X:   -0.33°/s | Y:    0.40°/s | Z:   -0.63°/s
X:   -0.07°/s | Y:    0.33°/s | Z:   -0.68°/s
X:   -0.89°/s | Y:    0.47°/s | Z:   -0.46°/s
X:   -0.26°/s | Y:    0.68°/s | Z:   -0.23°/s
X:    0.09°/s | Y:    0.17°/s | Z:   -0.26°/s
X:   -0.02°/s | Y:    0.04°/s | Z:   -0.07°/s
X:   -0.26°/s | Y:    0.14°/s | Z:   -0.33°/s
X:   -0.28°/s | Y:    0.38°/s | Z:   -0.67°/s
X:    0.05°/s | Y:    0.35°/s | Z:   -0.30°/s
X:   -0.61°/s | Y:    0.54°/s | Z:   -0.52°/s
X:   -0.04°/s | Y:    0.33°/s | Z:   -1.23°/s
X:   -0.31°/s | Y:    0.07°/s | Z:   -0.38°/s
X:   -0.28°/s | Y:    0.42°/s | Z:   -0.65°/s
X:   -0.19°/s | Y:    0.26°/s | Z:   -0.68°/s
X:   -0.44°/s | Y:    0.33°/s | Z:   -0.72°/s
X:   -0.67°/s | Y:    0.51°/s | Z:   -0.70°/s
X:   -0.42°/s | Y:    0.28°/s | Z:   -1.00°/s
X:   -0.47°/s | Y:    0.61°/s | Z:   -0.16°/s
X:   -0.19°/s | Y:    0.40°/s | Z:   -0.37°/s
X:   -0.17°/s | Y:    0.19°/s | Z:    0.23°/s
X:   -0.12°/s | Y:    0.23°/s | Z:   -0.31°/s
X:   -0.02°/s | Y:    0.44°/s | Z:   -0.74°/s
X:   -0.40°/s | Y:    0.02°/s | Z:   -1.07°/s
X:   -0.35°/s | Y:    0.19°/s | Z:    0.07°/s
X:   -0.77°/s | Y:    0.09°/s | Z:   -0.67°/s
X:   -0.40°/s | Y:    0.47°/s | Z:   -0.35°/s
X:   -0.65°/s | Y:   -0.19°/s | Z:   -0.35°/s
X:   -0.52°/s | Y:    0.23°/s | Z:   -4.16°/s
X:   -0.21°/s | Y:    0.23°/s | Z:   -0.91°/s
X:   -0.46°/s | Y:    0.30°/s | Z:   -0.33°/s
X:   -0.65°/s | Y:   -0.02°/s | Z:   -0.51°/s
X:   -0.70°/s | Y:    0.54°/s | Z:   -0.75°/s
X:   -0.28°/s | Y:    0.19°/s | Z:    0.17°/s
X:   -0.40°/s | Y:    0.07°/s | Z:   -0.46°/s
X:    0.10°/s | Y:    0.31°/s | Z:   -0.74°/s
X:    0.02°/s | Y:    0.30°/s | Z:    0.02°/s
X:   -0.40°/s | Y:    0.46°/s | Z:   -0.21°/s
X:   -0.14°/s | Y:    0.23°/s | Z:   -0.82°/s
X:   -0.81°/s | Y:    0.38°/s | Z:   -0.05°/s
X:   -0.60°/s | Y:    0.35°/s | Z:   -0.49°/s
X:   -0.33°/s | Y:    0.23°/s | Z:   -0.94°/s
X:   -0.84°/s | Y:    0.35°/s | Z:   -0.82°/s
X:   -0.40°/s | Y:    0.33°/s | Z:   -0.54°/s
X:   -0.38°/s | Y:    0.19°/s | Z:   -0.44°/s
X:   -0.46°/s | Y:    0.05°/s | Z:   -0.47°/s
X:   -0.25°/s | Y:    0.44°/s | Z:   -1.14°/s
X:   -0.26°/s | Y:    0.30°/s | Z:   -0.38°/s
X:   -0.33°/s | Y:    4.41°/s | Z:   -0.40°/s
X:   -0.40°/s | Y:    0.25°/s | Z:   -0.61°/s
X:   -0.28°/s | Y:    0.68°/s | Z:   -0.38°/s
X:   -0.44°/s | Y:    0.68°/s | Z:   -0.60°/s
X:    0.00°/s | Y:    0.52°/s | Z:   -0.67°/s
X:   -0.40°/s | Y:    0.21°/s | Z:   -0.65°/s
X:   -0.35°/s | Y:    0.09°/s | Z:   -0.51°/s
X:   -0.49°/s | Y:    0.09°/s | Z:   -0.33°/s
X:   -0.52°/s | Y:    0.37°/s | Z:   -0.72°/s
X:   -0.10°/s | Y:    0.26°/s | Z:   -0.26°/s
X:   -0.61°/s | Y:    0.47°/s | Z:   -0.75°/s
X:   -0.10°/s | Y:    0.26°/s | Z:   -0.28°/s
X:   -0.14°/s | Y:    0.12°/s | Z:   -0.23°/s
X:   -0.12°/s | Y:    0.72°/s | Z:   -0.60°/s
X:   -0.21°/s | Y:    0.23°/s | Z:   -0.56°/s
X:   -0.61°/s | Y:    0.17°/s | Z:   -0.56°/s
X:   -0.37°/s | Y:    0.37°/s | Z:   -0.79°/s
X:   -0.38°/s | Y:    0.21°/s | Z:   -1.09°/s
X:   -0.26°/s | Y:    0.40°/s | Z:   -0.81°/s
X:   -0.51°/s | Y:    0.26°/s | Z:   -0.56°/s
X:   -0.60°/s | Y:    0.21°/s | Z:   -0.21°/s
X:   -0.61°/s | Y:    0.25°/s | Z:   -0.38°/s
X:   -0.16°/s | Y:    0.63°/s | Z:   -0.28°/s
X:   -0.56°/s | Y:    0.23°/s | Z:   -0.54°/s
X:   -0.31°/s | Y:    0.35°/s | Z:   -0.38°/s
X:   -0.37°/s | Y:    0.61°/s | Z:   -0.26°/s
X:   -0.61°/s | Y:    0.40°/s | Z:   -0.94°/s
X:   -0.23°/s | Y:    0.51°/s | Z:   -0.60°/s
X:   -0.49°/s | Y:    0.33°/s | Z:   -0.30°/s
X:   -0.12°/s | Y:    0.60°/s | Z:   -0.93°/s
X:   -0.21°/s | Y:   -0.02°/s | Z:   -0.25°/s
X:   -0.30°/s | Y:    0.16°/s | Z:   -0.44°/s
X:   -0.58°/s | Y:    0.05°/s | Z:   -0.46°/s
X:   -0.26°/s | Y:    0.56°/s | Z:   -0.72°/s
X:   -0.10°/s | Y:    0.35°/s | Z:   -0.68°/s
X:   -0.40°/s | Y:    0.51°/s | Z:   -0.56°/s
X:    0.12°/s | Y:    0.88°/s | Z:   -0.46°/s
X:   -0.23°/s | Y:   -0.10°/s | Z:   -0.07°/s
X:   -0.35°/s | Y:    0.23°/s | Z:   -0.58°/s
X:   -0.40°/s | Y:    0.37°/s | Z:   -0.30°/s
X:   -0.75°/s | Y:    0.52°/s | Z:   -0.86°/s
X:   -0.52°/s | Y:    0.31°/s | Z:   -0.44°/s
X:   -0.70°/s | Y:    0.38°/s | Z:   -0.47°/s
X:   -0.46°/s | Y:    0.46°/s | Z:   -0.89°/s
X:   -0.37°/s | Y:    0.77°/s | Z:   -0.02°/s
X:   -0.61°/s | Y:    0.52°/s | Z:   -0.51°/s
X:   -0.42°/s | Y:    0.07°/s | Z:   -0.40°/s
X:   -0.26°/s | Y:    0.30°/s | Z:   -0.52°/s
X:   -0.10°/s | Y:    0.37°/s | Z:    0.09°/s
X:   -0.21°/s | Y:    0.35°/s | Z:   -0.47°/s
X:   -0.47°/s | Y:    0.23°/s | Z:   -0.63°/s
X:   -0.77°/s | Y:   -0.07°/s | Z:   -0.65°/s
X:   -0.02°/s | Y:    0.44°/s | Z:   -0.37°/s
X:    0.12°/s | Y:    0.60°/s | Z:   -0.47°/s
X:   -0.26°/s | Y:    0.37°/s | Z:   -0.42°/s
X:   -0.56°/s | Y:    0.30°/s | Z:   -0.49°/s
X:   -0.26°/s | Y:    0.52°/s | Z:   -0.79°/s
X:   -0.25°/s | Y:    0.28°/s | Z:   -0.51°/s
X:   -0.19°/s | Y:    0.26°/s | Z:   -0.54°/s
X:   -0.42°/s | Y:    0.31°/s | Z:   -0.33°/s
X:   -0.42°/s | Y:    0.19°/s | Z:   -0.42°/s
X:   -0.21°/s | Y:    0.49°/s | Z:   -0.44°/s
X:   -0.58°/s | Y:    0.63°/s | Z:    0.09°/s
X:   -0.51°/s | Y:    0.37°/s | Z:   -0.33°/s
X:   -0.40°/s | Y:    0.10°/s | Z:   -0.86°/s
X:   -0.44°/s | Y:    0.40°/s | Z:   -0.52°/s
X:   -0.44°/s | Y:    0.17°/s | Z:   -0.14°/s
X:   -0.60°/s | Y:    0.31°/s | Z:   -0.51°/s
X:   -0.42°/s | Y:    0.38°/s | Z:   -1.05°/s
X:   -0.42°/s | Y:    0.05°/s | Z:   -0.28°/s
X:   -0.37°/s | Y:    0.14°/s | Z:   -0.46°/s
X:   -0.49°/s | Y:    0.21°/s | Z:   -0.40°/s
X:   -0.35°/s | Y:    0.28°/s | Z:   -0.17°/s
X:   -0.63°/s | Y:    0.49°/s | Z:   -0.68°/s
X:   -0.46°/s | Y:    0.38°/s | Z:   -0.31°/s
X:   -0.19°/s | Y:    0.31°/s | Z:   -0.44°/s
X:   -0.52°/s | Y:    0.46°/s | Z:   -0.60°/s
X:   -0.54°/s | Y:   -0.07°/s | Z:   -0.14°/s
X:   -0.37°/s | Y:    0.12°/s | Z:   -0.40°/s
X:   -0.46°/s | Y:    0.26°/s | Z:   -0.26°/s

📊 Interrupt Stats (every 1000 loops / ~2.5s):
  Avg Cycles/Loop: 180000
  Loop Time: 2500.000μs
  Anomalies: 2
  CPU Usage: 0.10%
──────────────────────────────────────
X:   -0.30°/s | Y:   -0.09°/s | Z:   -0.74°/s
X:   -0.40°/s | Y:    0.26°/s | Z:   -0.21°/s
X:   -0.19°/s | Y:   -0.05°/s | Z:   -0.91°/s
X:   -0.58°/s | Y:    0.46°/s | Z:   -0.42°/s
X:   -0.40°/s | Y:    0.47°/s | Z:   -0.52°/s
X:   -0.25°/s | Y:    0.23°/s | Z:   -0.30°/s
X:   -0.14°/s | Y:   -0.02°/s | Z:   -0.51°/s
X:    0.17°/s | Y:    0.12°/s | Z:   -0.54°/s
X:   -0.49°/s | Y:    0.05°/s | Z:   -0.68°/s
X:   -0.42°/s | Y:    0.58°/s | Z:   -0.35°/s
X:   -0.38°/s | Y:    0.00°/s | Z:   -0.47°/s
X:   -0.30°/s | Y:    0.47°/s | Z:   -0.49°/s
X:   -0.58°/s | Y:    0.07°/s | Z:   -0.52°/s
X:   -0.56°/s | Y:    0.19°/s | Z:   -0.49°/s
X:    0.02°/s | Y:    0.40°/s | Z:   -0.26°/s
X:   -0.23°/s | Y:    0.60°/s | Z:   -0.38°/s
X:   -0.33°/s | Y:    0.19°/s | Z:   -0.58°/s
X:   -0.65°/s | Y:    0.33°/s | Z:   -0.51°/s
X:   -0.42°/s | Y:    0.40°/s | Z:   -0.40°/s
X:   -0.40°/s | Y:    0.33°/s | Z:   -0.51°/s
X:   -0.44°/s | Y:    0.44°/s | Z:   -0.46°/s
X:   -0.14°/s | Y:    0.21°/s | Z:   -0.91°/s
X:   -0.46°/s | Y:    0.10°/s | Z:   -0.28°/s
X:   -0.65°/s | Y:    0.33°/s | Z:   -0.77°/s
X:   -0.21°/s | Y:    0.33°/s | Z:   -0.28°/s
X:   -0.63°/s | Y:    0.23°/s | Z:   -0.61°/s
X:   -0.70°/s | Y:    0.49°/s | Z:   -0.09°/s
X:   -0.49°/s | Y:    0.46°/s | Z:   -0.58°/s
X:   -0.49°/s | Y:    0.51°/s | Z:   -0.84°/s
X:   -0.38°/s | Y:    0.21°/s | Z:   -0.79°/s
X:   -0.84°/s | Y:    0.37°/s | Z:   -0.31°/s
X:   -0.23°/s | Y:    0.33°/s | Z:   -0.14°/s
X:   -0.93°/s | Y:    0.51°/s | Z:   -0.88°/s
X:   -0.33°/s | Y:   -0.10°/s | Z:   -0.38°/s
X:   -0.09°/s | Y:    0.28°/s | Z:   -0.28°/s
X:   -0.26°/s | Y:   -0.10°/s | Z:   -0.46°/s
X:   -0.52°/s | Y:    0.26°/s | Z:   -0.61°/s
X:   -0.33°/s | Y:    0.14°/s | Z:    0.10°/s
X:   -0.60°/s | Y:    0.67°/s | Z:   -0.56°/s
X:   -0.44°/s | Y:    0.63°/s | Z:   -0.46°/s
X:   -0.31°/s | Y:    0.49°/s | Z:   -0.05°/s
X:   -0.60°/s | Y:    0.23°/s | Z:   -0.58°/s
X:   -0.68°/s | Y:    0.07°/s | Z:    0.23°/s
X:   -0.05°/s | Y:    0.10°/s | Z:   -0.42°/s
X:   -0.49°/s | Y:    0.46°/s | Z:   -0.14°/s
X:   -0.33°/s | Y:    0.10°/s | Z:   -0.44°/s
X:   -0.21°/s | Y:    0.35°/s | Z:   -0.51°/s
X:   -0.46°/s | Y:    0.00°/s | Z:   -0.84°/s
X:   -0.47°/s | Y:    0.09°/s | Z:   -0.54°/s
X:   -0.35°/s | Y:    0.35°/s | Z:   -0.23°/s
X:   -0.38°/s | Y:    0.10°/s | Z:   -0.19°/s
X:   -0.49°/s | Y:    0.26°/s | Z:   -0.52°/s
X:   -0.35°/s | Y:    0.05°/s | Z:   -0.72°/s
X:   -0.68°/s | Y:    0.40°/s | Z:   -0.16°/s
X:   -0.25°/s | Y:    0.04°/s | Z:   -0.61°/s
X:   -0.46°/s | Y:   -0.05°/s | Z:   -0.09°/s
X:   -0.30°/s | Y:    0.54°/s | Z:   -0.23°/s
X:   -0.23°/s | Y:    0.37°/s | Z:   -0.46°/s
X:   -0.51°/s | Y:    0.17°/s | Z:   -0.86°/s
X:   -0.35°/s | Y:    0.52°/s | Z:   -0.56°/s
X:   -0.12°/s | Y:    0.60°/s | Z:   -0.58°/s
X:   -0.40°/s | Y:    0.17°/s | Z:   -0.68°/s
X:   -0.33°/s | Y:    0.37°/s | Z:   -0.54°/s
X:   -0.09°/s | Y:    0.12°/s | Z:   -0.25°/s
X:   -0.42°/s | Y:    0.19°/s | Z:   -0.74°/s
X:   -0.07°/s | Y:    0.04°/s | Z:   -0.65°/s
X:   -0.35°/s | Y:    0.05°/s | Z:   -0.56°/s
X:   -0.56°/s | Y:    0.42°/s | Z:   -0.91°/s
X:   -0.54°/s | Y:    0.47°/s | Z:   -0.31°/s
X:   -0.35°/s | Y:    0.44°/s | Z:   -0.84°/s
X:   -0.82°/s | Y:    0.40°/s | Z:   -0.26°/s
X:   -0.19°/s | Y:    0.47°/s | Z:   -0.51°/s
X:   -0.33°/s | Y:    0.49°/s | Z:    0.12°/s
X:   -0.17°/s | Y:    0.33°/s | Z:   -0.86°/s
X:   -0.82°/s | Y:    0.30°/s | Z:   -0.89°/s
X:   -0.52°/s | Y:    0.44°/s | Z:   -0.31°/s
X:   -0.12°/s | Y:    0.02°/s | Z:   -0.98°/s
X:   -0.10°/s | Y:    0.49°/s | Z:   -0.54°/s
X:   -0.46°/s | Y:    0.05°/s | Z:   -0.30°/s
X:   -0.44°/s | Y:    0.31°/s | Z:   -0.47°/s
X:   -0.05°/s | Y:    0.35°/s | Z:   -0.35°/s
X:   -0.47°/s | Y:    0.35°/s | Z:   -0.28°/s
X:   -0.75°/s | Y:    0.37°/s | Z:   -0.58°/s
X:   -0.79°/s | Y:    0.47°/s | Z:   -0.26°/s
X:   -0.40°/s | Y:    0.19°/s | Z:   -0.51°/s
X:   -0.30°/s | Y:    0.02°/s | Z:   -0.68°/s
X:   -0.14°/s | Y:    0.10°/s | Z:   -1.07°/s
X:   -0.26°/s | Y:   -0.05°/s | Z:   -0.26°/s
X:   -0.25°/s | Y:    0.47°/s | Z:   -0.09°/s
X:   -0.40°/s | Y:    0.89°/s | Z:   -0.42°/s
X:   -0.31°/s | Y:    0.25°/s | Z:   -0.31°/s
X:   -0.10°/s | Y:    0.16°/s | Z:   -0.74°/s
X:   -0.07°/s | Y:    0.16°/s | Z:   -0.23°/s
X:   -0.72°/s | Y:    0.07°/s | Z:   -0.38°/s
X:   -0.54°/s | Y:    0.47°/s | Z:   -0.23°/s
X:   -0.63°/s | Y:    0.25°/s | Z:   -0.28°/s
X:   -0.51°/s | Y:    0.12°/s | Z:   -0.63°/s
X:    4.30°/s | Y:    0.42°/s | Z:   -0.33°/s
X:   -0.58°/s | Y:    0.37°/s | Z:   -1.09°/s
X:   -0.49°/s | Y:    0.26°/s | Z:   -0.56°/s
X:   -0.23°/s | Y:    0.40°/s | Z:   -0.25°/s
X:   -0.30°/s | Y:    0.46°/s | Z:   -0.75°/s
X:   -0.33°/s | Y:    0.00°/s | Z:   -0.17°/s
X:   -0.26°/s | Y:    0.54°/s | Z:   -0.35°/s
X:   -0.37°/s | Y:    0.16°/s | Z:   -0.28°/s
X:   -0.65°/s | Y:    0.49°/s | Z:   -0.61°/s
X:   -0.10°/s | Y:    0.30°/s | Z:   -1.00°/s
X:   -0.16°/s | Y:    0.14°/s | Z:   -0.79°/s
X:   -0.79°/s | Y:    0.51°/s | Z:   -0.16°/s
X:   -0.07°/s | Y:    0.23°/s | Z:   -0.33°/s
X:   -0.30°/s | Y:    0.23°/s | Z:   -0.88°/s
X:   -0.17°/s | Y:    0.31°/s | Z:   -0.52°/s
X:   -0.05°/s | Y:    0.17°/s | Z:   -0.82°/s
X:   -0.37°/s | Y:    0.47°/s | Z:   -0.63°/s
X:   -1.00°/s | Y:    0.26°/s | Z:   -0.37°/s
X:    0.12°/s | Y:    0.46°/s | Z:   -0.82°/s
X:   -0.49°/s | Y:    0.23°/s | Z:   -0.68°/s
X:   -0.30°/s | Y:    0.09°/s | Z:   -0.68°/s
X:   -0.51°/s | Y:    0.44°/s | Z:   -0.72°/s
X:   -0.26°/s | Y:    0.54°/s | Z:   -0.35°/s
X:   -0.14°/s | Y:    0.35°/s | Z:   -0.47°/s
X:   -0.77°/s | Y:    0.17°/s | Z:   -0.56°/s
X:   -0.31°/s | Y:    0.21°/s | Z:   -0.51°/s
X:   -0.04°/s | Y:    0.28°/s | Z:    0.05°/s
X:   -0.30°/s | Y:   -0.05°/s | Z:   -0.21°/s
X:   -0.05°/s | Y:    0.31°/s | Z:   -0.49°/s
X:   -0.52°/s | Y:    0.25°/s | Z:   -0.68°/s
X:   -0.31°/s | Y:    0.19°/s | Z:   -0.09°/s
X:   -0.49°/s | Y:    0.19°/s | Z:   -0.19°/s
X:   -0.35°/s | Y:    0.23°/s | Z:   -0.60°/s
X:   -0.21°/s | Y:    0.26°/s | Z:   -0.46°/s
X:   -0.12°/s | Y:    0.38°/s | Z:    0.02°/s
X:   -0.68°/s | Y:    0.40°/s | Z:   -0.25°/s
X:   -0.40°/s | Y:    0.28°/s | Z:   -0.04°/s
X:   -0.74°/s | Y:    0.07°/s | Z:   -0.65°/s
X:   -0.23°/s | Y:    0.33°/s | Z:   -0.40°/s
X:   -0.38°/s | Y:    0.52°/s | Z:   -0.77°/s
X:   -0.25°/s | Y:   -0.05°/s | Z:   -0.35°/s
X:   -0.33°/s | Y:    0.38°/s | Z:   -0.25°/s
X:   -0.28°/s | Y:    0.19°/s | Z:   -0.26°/s
X:    4.18°/s | Y:    0.26°/s | Z:   -1.00°/s
X:   -0.44°/s | Y:    0.30°/s | Z:   -0.72°/s
X:   -0.12°/s | Y:    0.42°/s | Z:   -0.51°/s
X:   -0.65°/s | Y:    0.37°/s | Z:   -0.96°/s
X:   -0.14°/s | Y:    0.31°/s | Z:   -0.77°/s
X:   -0.56°/s | Y:    0.26°/s | Z:   -0.17°/s
X:   -0.04°/s | Y:    0.47°/s | Z:   -0.44°/s
X:   -0.42°/s | Y:    0.14°/s | Z:   -0.21°/s
X:   -0.40°/s | Y:    0.17°/s | Z:   -0.44°/s
X:   -0.40°/s | Y:    0.09°/s | Z:   -0.72°/s
X:   -0.54°/s | Y:    0.44°/s | Z:   -0.52°/s
X:   -0.38°/s | Y:    0.26°/s | Z:   -1.05°/s
X:   -0.16°/s | Y:    0.07°/s | Z:   -0.23°/s
X:   -0.35°/s | Y:    0.84°/s | Z:   -0.44°/s
X:   -0.37°/s | Y:    0.70°/s | Z:   -0.42°/s
X:   -0.46°/s | Y:    0.14°/s | Z:   -0.93°/s
X:   -0.23°/s | Y:    0.37°/s | Z:   -0.21°/s
X:   -0.21°/s | Y:    0.40°/s | Z:   -0.54°/s
X:   -0.09°/s | Y:    0.42°/s | Z:   -0.79°/s
X:   -0.35°/s | Y:    0.16°/s | Z:   -0.44°/s
X:   -0.30°/s | Y:    0.61°/s | Z:   -0.12°/s
X:   -0.38°/s | Y:    0.49°/s | Z:   -0.40°/s
X:   -0.26°/s | Y:    0.00°/s | Z:   -0.51°/s
X:   -0.49°/s | Y:    0.47°/s | Z:   -1.05°/s
X:   -0.30°/s | Y:    0.00°/s | Z:   -0.44°/s
X:   -0.67°/s | Y:    0.28°/s | Z:   -0.56°/s
X:   -1.05°/s | Y:    0.46°/s | Z:   -0.63°/s
X:   -0.82°/s | Y:    0.33°/s | Z:   -0.35°/s
X:   -0.42°/s | Y:    0.30°/s | Z:   -1.00°/s
X:   -0.07°/s | Y:    0.31°/s | Z:   -0.25°/s
X:   -0.49°/s | Y:    0.21°/s | Z:   -0.30°/s
X:   -0.26°/s | Y:    0.16°/s | Z:    0.17°/s
X:   -0.26°/s | Y:    0.46°/s | Z:   -0.60°/s
X:   -0.56°/s | Y:    0.38°/s | Z:   -0.19°/s
X:   -0.28°/s | Y:    0.51°/s | Z:   -0.88°/s
X:   -0.60°/s | Y:    0.28°/s | Z:   -0.63°/s
X:   -0.33°/s | Y:    0.25°/s | Z:   -0.33°/s
X:   -0.14°/s | Y:    0.56°/s | Z:   -0.33°/s
X:   -0.10°/s | Y:    0.46°/s | Z:   -0.81°/s
X:   -0.33°/s | Y:    0.37°/s | Z:   -0.67°/s
X:   -0.26°/s | Y:    0.19°/s | Z:   -0.58°/s
X:   -0.33°/s | Y:    0.30°/s | Z:   -0.10°/s
X:   -0.31°/s | Y:   -0.04°/s | Z:   -0.60°/s
X:   -0.23°/s | Y:    0.19°/s | Z:   -0.93°/s
X:   -0.33°/s | Y:   -0.14°/s | Z:   -0.42°/s
X:   -0.60°/s | Y:    0.17°/s | Z:   -0.17°/s
X:   -0.33°/s | Y:    0.58°/s | Z:   -0.60°/s
X:   -0.47°/s | Y:    0.61°/s | Z:   -0.14°/s
X:   -0.25°/s | Y:    0.19°/s | Z:   -0.10°/s
X:   -0.37°/s | Y:    0.61°/s | Z:   -0.51°/s
X:   -0.28°/s | Y:    0.16°/s | Z:   -1.03°/s
X:   -0.14°/s | Y:    0.42°/s | Z:   -0.70°/s
X:   -0.47°/s | Y:    0.33°/s | Z:   -0.51°/s
X:   -0.31°/s | Y:    0.19°/s | Z:   -0.93°/s
X:   -0.61°/s | Y:    0.07°/s | Z:   -0.46°/s
X:   -0.74°/s | Y:    0.42°/s | Z:   -0.02°/s
X:    0.16°/s | Y:    0.40°/s | Z:   -0.65°/s
X:   -0.30°/s | Y:    0.19°/s | Z:   -0.77°/s
X:   -0.40°/s | Y:    0.23°/s | Z:    0.04°/s
X:   -0.33°/s | Y:    0.30°/s | Z:   -0.40°/s
X:   -0.31°/s | Y:    0.47°/s | Z:   -0.42°/s
X:   -0.44°/s | Y:    0.37°/s | Z:   -0.17°/s
X:   -0.31°/s | Y:    0.30°/s | Z:   -0.60°/s
X:    0.09°/s | Y:   -0.19°/s | Z:   -0.33°/s
X:   -0.25°/s | Y:    0.21°/s | Z:   -1.14°/s
X:   -0.26°/s | Y:    0.17°/s | Z:   -0.49°/s
X:   -0.44°/s | Y:    0.37°/s | Z:   -0.49°/s
X:   -0.54°/s | Y:   -0.05°/s | Z:   -0.30°/s
X:   -0.46°/s | Y:    0.52°/s | Z:    0.02°/s
X:   -0.51°/s | Y:    0.35°/s | Z:    0.04°/s
X:   -0.35°/s | Y:   -0.09°/s | Z:   -0.21°/s
X:   -0.31°/s | Y:   -4.03°/s | Z:   -0.70°/s
X:   -0.84°/s | Y:    0.40°/s | Z:   -0.47°/s
X:    0.07°/s | Y:    0.21°/s | Z:   -0.60°/s
X:    0.09°/s | Y:    0.37°/s | Z:   -0.10°/s
X:   -0.47°/s | Y:   -0.40°/s | Z:   -0.42°/s
X:   -0.91°/s | Y:    0.63°/s | Z:   -0.77°/s
X:   -0.42°/s | Y:    0.28°/s | Z:   -0.05°/s
X:   -0.21°/s | Y:    0.28°/s | Z:   -0.42°/s
X:    0.04°/s | Y:    0.60°/s | Z:   -0.33°/s
X:   -0.60°/s | Y:    0.02°/s | Z:   -0.30°/s
X:   -0.49°/s | Y:    0.14°/s | Z:   -0.38°/s
X:   -0.51°/s | Y:    0.67°/s | Z:   -0.77°/s
X:   -0.47°/s | Y:    0.10°/s | Z:   -0.56°/s
X:   -0.70°/s | Y:    0.54°/s | Z:   -0.54°/s
X:   -0.49°/s | Y:    0.26°/s | Z:   -0.47°/s
X:    0.04°/s | Y:    0.00°/s | Z:    0.19°/s
X:   -0.23°/s | Y:    0.05°/s | Z:   -0.23°/s
X:   -0.44°/s | Y:    0.21°/s | Z:   -0.35°/s
X:   -0.25°/s | Y:    0.47°/s | Z:   -0.60°/s
X:   -0.42°/s | Y:    0.25°/s | Z:   -0.58°/s
X:   -0.23°/s | Y:    0.04°/s | Z:   -0.93°/s
X:   -0.05°/s | Y:    0.25°/s | Z:   -0.56°/s
X:   -0.56°/s | Y:    0.37°/s | Z:   -0.26°/s
X:   -0.70°/s | Y:    0.33°/s | Z:   -0.58°/s
X:   -0.37°/s | Y:    0.26°/s | Z:   -0.58°/s
X:   -0.37°/s | Y:    0.17°/s | Z:   -0.40°/s
X:   -0.47°/s | Y:    0.09°/s | Z:   -0.30°/s
X:   -0.47°/s | Y:    0.49°/s | Z:   -0.40°/s
X:   -0.16°/s | Y:    0.30°/s | Z:   -0.88°/s
X:   -0.74°/s | Y:    0.00°/s | Z:   -0.25°/s
X:   -0.61°/s | Y:    0.70°/s | Z:   -0.14°/s
X:   -0.12°/s | Y:    0.16°/s | Z:   -0.44°/s
X:   -0.30°/s | Y:    0.25°/s | Z:    0.37°/s
X:   -0.25°/s | Y:    0.14°/s | Z:   -0.38°/s
X:    0.04°/s | Y:    0.23°/s | Z:   -0.82°/s
X:   -0.67°/s | Y:    0.05°/s | Z:   -0.44°/s
X:   -0.25°/s | Y:    0.19°/s | Z:   -0.82°/s
X:   -0.68°/s | Y:    0.28°/s | Z:   -0.63°/s
X:   -0.25°/s | Y:    0.25°/s | Z:   -0.65°/s

📊 Interrupt Stats (every 1000 loops / ~2.5s):
  Avg Cycles/Loop: 180000
  Loop Time: 2500.000μs
  Anomalies: 2
  CPU Usage: 0.10%
──────────────────────────────────────
X:   -0.67°/s | Y:    0.19°/s | Z:   -0.37°/s
X:   -0.31°/s | Y:    0.30°/s | Z:   -0.68°/s
X:   -0.56°/s | Y:    0.46°/s | Z:   -0.52°/s
X:   -0.09°/s | Y:    0.40°/s | Z:   -0.46°/s
X:   -0.33°/s | Y:   -0.09°/s | Z:   -0.54°/s
X:   -0.58°/s | Y:    0.14°/s | Z:   -0.47°/s
X:   -0.28°/s | Y:    0.47°/s | Z:   -0.68°/s
X:   -0.47°/s | Y:    0.26°/s | Z:   -0.61°/s
X:   -0.25°/s | Y:    0.28°/s | Z:   -0.51°/s
X:   -0.25°/s | Y:    0.21°/s | Z:   -0.70°/s
X:   -0.44°/s | Y:    0.28°/s | Z:   -0.81°/s
X:   -0.56°/s | Y:    0.33°/s | Z:   -0.16°/s
X:   -0.67°/s | Y:    0.14°/s | Z:   -0.26°/s
X:   -0.52°/s | Y:    0.09°/s | Z:   -0.16°/s
X:   -0.28°/s | Y:    0.09°/s | Z:   -0.25°/s
X:    0.16°/s | Y:   -0.17°/s | Z:   -0.44°/s
X:   -0.67°/s | Y:    0.16°/s | Z:   -0.17°/s
X:   -0.56°/s | Y:    0.61°/s | Z:   -0.31°/s
X:    0.16°/s | Y:    0.54°/s | Z:   -0.54°/s
X:   -0.10°/s | Y:    0.17°/s | Z:   -0.70°/s
X:   -0.68°/s | Y:    0.35°/s | Z:   -0.58°/s
X:   -0.67°/s | Y:    0.07°/s | Z:   -0.04°/s
X:   -0.14°/s | Y:   -0.23°/s | Z:   -0.47°/s
X:   -0.31°/s | Y:    0.30°/s | Z:   -0.58°/s
X:   -0.40°/s | Y:    0.38°/s | Z:   -0.28°/s
X:   -0.35°/s | Y:    0.61°/s | Z:   -0.61°/s
X:   -0.47°/s | Y:    0.04°/s | Z:   -0.51°/s
X:   -0.52°/s | Y:    0.23°/s | Z:   -0.02°/s
X:   -0.42°/s | Y:   -0.05°/s | Z:   -0.16°/s
X:   -0.49°/s | Y:    0.56°/s | Z:   -0.47°/s
X:   -0.47°/s | Y:    0.05°/s | Z:   -4.48°/s
X:   -0.58°/s | Y:    0.30°/s | Z:   -0.56°/s
X:   -0.17°/s | Y:    0.19°/s | Z:   -0.72°/s
X:   -0.38°/s | Y:    0.49°/s | Z:   -0.28°/s
X:   -0.33°/s | Y:   -0.05°/s | Z:   -0.16°/s
X:   -0.51°/s | Y:    0.26°/s | Z:   -0.84°/s
X:   -0.47°/s | Y:    0.05°/s | Z:   -0.47°/s
X:   -0.33°/s | Y:    0.40°/s | Z:   -0.61°/s
X:   -0.10°/s | Y:    0.26°/s | Z:   -0.40°/s
X:    0.19°/s | Y:    0.37°/s | Z:   -0.25°/s
X:   -0.23°/s | Y:    0.56°/s | Z:   -0.28°/s
X:   -0.42°/s | Y:    0.04°/s | Z:   -0.47°/s
X:   -0.14°/s | Y:    0.49°/s | Z:   -0.35°/s
X:   -0.35°/s | Y:    0.67°/s | Z:   -0.17°/s
X:   -0.33°/s | Y:    0.40°/s | Z:   -0.56°/s
X:   -0.63°/s | Y:    0.33°/s | Z:   -0.23°/s
X:   -0.51°/s | Y:    0.12°/s | Z:   -0.46°/s
X:   -0.25°/s | Y:    0.61°/s | Z:   -0.19°/s
X:   -0.19°/s | Y:    0.30°/s | Z:    0.04°/s
X:   -0.16°/s | Y:    0.42°/s | Z:   -0.86°/s
X:   -0.75°/s | Y:    0.46°/s | Z:   -0.52°/s
X:   -0.40°/s | Y:    0.09°/s | Z:   -0.86°/s
X:   -0.42°/s | Y:    0.46°/s | Z:   -0.58°/s
X:   -0.38°/s | Y:    0.61°/s | Z:   -4.41°/s
X:   -0.54°/s | Y:   -0.26°/s | Z:    0.00°/s
X:   -0.42°/s | Y:    0.28°/s | Z:   -0.63°/s
X:   -0.16°/s | Y:    0.37°/s | Z:   -0.82°/s
X:   -0.19°/s | Y:    0.23°/s | Z:   -0.30°/s
X:   -0.70°/s | Y:    0.16°/s | Z:   -0.60°/s
X:   -0.49°/s | Y:   -0.16°/s | Z:   -0.65°/s
X:   -0.31°/s | Y:    0.16°/s | Z:   -0.79°/s
X:   -0.37°/s | Y:    0.28°/s | Z:   -0.63°/s
X:   -0.16°/s | Y:    0.19°/s | Z:   -0.23°/s
X:   -0.70°/s | Y:    0.37°/s | Z:   -0.54°/s
X:   -0.46°/s | Y:    0.14°/s | Z:   -0.33°/s
X:   -0.46°/s | Y:    0.51°/s | Z:    0.12°/s
X:   -0.47°/s | Y:    0.14°/s | Z:   -0.70°/s
X:   -0.42°/s | Y:    0.19°/s | Z:   -0.81°/s
X:   -0.46°/s | Y:    0.47°/s | Z:   -0.81°/s
X:   -0.60°/s | Y:    0.07°/s | Z:   -0.63°/s
X:   -0.33°/s | Y:    0.37°/s | Z:   -0.46°/s
X:   -0.72°/s | Y:    0.31°/s | Z:    0.12°/s
X:   -0.28°/s | Y:    0.44°/s | Z:   -0.72°/s
X:   -0.56°/s | Y:   -0.07°/s | Z:   -1.09°/s
X:    0.00°/s | Y:    0.65°/s | Z:   -0.75°/s
X:   -0.12°/s | Y:    0.44°/s | Z:   -0.42°/s
X:   -0.33°/s | Y:    0.23°/s | Z:   -0.17°/s
X:   -0.44°/s | Y:    0.10°/s | Z:   -0.65°/s
X:   -0.54°/s | Y:    0.60°/s | Z:   -0.49°/s
X:   -0.37°/s | Y:    0.16°/s | Z:   -0.40°/s
X:   -0.28°/s | Y:    0.35°/s | Z:   -0.42°/s
X:   -0.33°/s | Y:    0.35°/s | Z:   -0.72°/s
X:   -0.33°/s | Y:    0.17°/s | Z:   -0.07°/s
X:   -0.51°/s | Y:    0.23°/s | Z:   -0.54°/s
X:   -0.40°/s | Y:    0.21°/s | Z:   -0.58°/s
X:   -0.72°/s | Y:    0.23°/s | Z:   -0.51°/s
X:   -0.54°/s | Y:    0.31°/s | Z:   -1.01°/s
X:   -0.26°/s | Y:    0.30°/s | Z:   -0.77°/s
X:   -0.49°/s | Y:   -0.09°/s | Z:   -0.26°/s
X:   -0.19°/s | Y:    0.23°/s | Z:   -0.49°/s
X:   -0.35°/s | Y:    0.12°/s | Z:   -0.54°/s
X:   -0.49°/s | Y:    0.49°/s | Z:   -0.28°/s
X:   -0.28°/s | Y:    0.30°/s | Z:   -0.79°/s
X:   -0.40°/s | Y:    0.51°/s | Z:   -0.31°/s
X:   -0.19°/s | Y:    0.37°/s | Z:   -0.33°/s
X:   -0.51°/s | Y:    0.46°/s | Z:   -0.60°/s
X:   -0.38°/s | Y:    0.40°/s | Z:   -0.52°/s
X:   -0.16°/s | Y:    0.19°/s | Z:   -0.28°/s
X:   -0.09°/s | Y:    0.30°/s | Z:   -0.91°/s
X:   -0.16°/s | Y:    0.40°/s | Z:   -0.42°/s
X:    0.14°/s | Y:    0.02°/s | Z:   -0.56°/s
X:   -0.33°/s | Y:    0.40°/s | Z:   -0.47°/s
X:   -0.33°/s | Y:    0.05°/s | Z:   -0.14°/s
X:   -0.38°/s | Y:    0.19°/s | Z:   -0.09°/s
X:   -0.21°/s | Y:    0.37°/s | Z:   -0.14°/s
X:   -0.28°/s | Y:    0.47°/s | Z:   -0.68°/s
X:   -0.33°/s | Y:    0.26°/s | Z:   -0.72°/s
X:   -0.61°/s | Y:    0.26°/s | Z:   -0.61°/s
X:   -0.56°/s | Y:    0.21°/s | Z:    0.12°/s
X:    0.07°/s | Y:    0.70°/s | Z:   -0.49°/s
X:   -0.10°/s | Y:   -0.19°/s | Z:   -0.58°/s
X:   -0.47°/s | Y:    0.30°/s | Z:   -0.61°/s
X:   -0.54°/s | Y:    0.28°/s | Z:   -0.58°/s
X:   -0.51°/s | Y:    0.14°/s | Z:   -0.30°/s
X:   -0.35°/s | Y:    0.30°/s | Z:   -0.30°/s
X:   -0.26°/s | Y:    0.19°/s | Z:   -0.58°/s
X:   -0.30°/s | Y:    0.54°/s | Z:   -0.51°/s
X:   -0.54°/s | Y:    0.30°/s | Z:   -0.30°/s
X:   -0.16°/s | Y:    0.40°/s | Z:   -0.35°/s
X:   -0.12°/s | Y:    0.37°/s | Z:   -0.28°/s
X:   -0.54°/s | Y:    0.33°/s | Z:   -0.56°/s
X:   -0.49°/s | Y:    0.04°/s | Z:   -1.09°/s
X:   -0.86°/s | Y:    0.52°/s | Z:   -0.51°/s
X:   -0.38°/s | Y:    0.30°/s | Z:   -0.47°/s
X:   -0.44°/s | Y:    0.37°/s | Z:   -0.52°/s
X:   -0.28°/s | Y:    0.38°/s | Z:   -0.49°/s
X:   -0.52°/s | Y:   -0.02°/s | Z:   -0.52°/s
X:    0.09°/s | Y:    0.17°/s | Z:   -1.05°/s
X:   -0.12°/s | Y:    0.23°/s | Z:   -0.56°/s
X:   -0.31°/s | Y:    0.51°/s | Z:   -0.96°/s
X:   -0.51°/s | Y:    0.52°/s | Z:    0.23°/s
X:   -0.23°/s | Y:    0.14°/s | Z:   -0.04°/s
X:   -0.10°/s | Y:    0.44°/s | Z:   -0.56°/s
X:   -0.21°/s | Y:    0.68°/s | Z:    0.12°/s
X:   -0.37°/s | Y:    0.40°/s | Z:   -0.04°/s
X:   -0.33°/s | Y:    0.47°/s | Z:   -0.40°/s
X:   -0.38°/s | Y:    0.60°/s | Z:   -0.58°/s
X:   -0.81°/s | Y:    0.17°/s | Z:   -0.51°/s
X:   -0.37°/s | Y:    0.23°/s | Z:   -0.38°/s
X:   -0.02°/s | Y:    0.44°/s | Z:   -0.65°/s
X:   -0.44°/s | Y:    0.67°/s | Z:   -0.09°/s
X:   -0.42°/s | Y:    0.31°/s | Z:   -0.74°/s
X:   -0.46°/s | Y:    0.23°/s | Z:   -0.14°/s
X:   -0.25°/s | Y:    0.38°/s | Z:   -0.19°/s
X:   -0.91°/s | Y:    0.02°/s | Z:   -0.33°/s
X:   -0.25°/s | Y:    0.28°/s | Z:   -0.09°/s
X:   -0.07°/s | Y:    0.14°/s | Z:   -0.77°/s
X:   -0.19°/s | Y:    0.35°/s | Z:   -1.00°/s
X:    0.00°/s | Y:   -0.02°/s | Z:   -0.35°/s
X:   -0.25°/s | Y:    0.40°/s | Z:   -0.51°/s
X:   -0.70°/s | Y:    0.12°/s | Z:   -0.46°/s
X:   -0.23°/s | Y:    0.07°/s | Z:    0.07°/s
X:   -0.25°/s | Y:    0.12°/s | Z:    0.28°/s
X:   -0.60°/s | Y:    0.46°/s | Z:   -0.89°/s
X:   -0.31°/s | Y:    0.56°/s | Z:   -0.09°/s
X:   -0.72°/s | Y:    0.33°/s | Z:   -0.77°/s
X:   -0.35°/s | Y:    0.02°/s | Z:   -0.56°/s
X:   -0.65°/s | Y:    0.31°/s | Z:    0.07°/s
X:   -0.30°/s | Y:    0.46°/s | Z:   -0.37°/s
X:   -0.02°/s | Y:    0.49°/s | Z:   -0.21°/s
X:   -0.49°/s | Y:    0.05°/s | Z:   -0.47°/s
X:   -0.25°/s | Y:    0.28°/s | Z:   -0.40°/s
X:   -0.35°/s | Y:    0.31°/s | Z:   -0.79°/s
X:   -0.47°/s | Y:    0.16°/s | Z:   -0.94°/s
X:   -0.38°/s | Y:    0.16°/s | Z:   -0.42°/s
X:   -0.68°/s | Y:    0.17°/s | Z:   -0.51°/s
X:   -0.54°/s | Y:    0.52°/s | Z:   -0.65°/s
X:   -0.74°/s | Y:    0.26°/s | Z:   -0.74°/s
X:   -0.52°/s | Y:    0.14°/s | Z:   -0.96°/s
X:   -0.49°/s | Y:    0.33°/s | Z:   -0.44°/s
X:   -0.19°/s | Y:    0.47°/s | Z:   -0.88°/s
X:   -0.86°/s | Y:    0.37°/s | Z:   -0.44°/s
X:   -0.26°/s | Y:    0.26°/s | Z:   -0.33°/s
X:   -0.16°/s | Y:    0.07°/s | Z:   -0.88°/s
X:   -0.33°/s | Y:    0.30°/s | Z:   -0.67°/s
X:   -0.88°/s | Y:    0.31°/s | Z:   -0.74°/s
X:   -0.44°/s | Y:    0.58°/s | Z:   -0.65°/s
X:   -0.86°/s | Y:    0.16°/s | Z:   -0.31°/s
X:   -0.38°/s | Y:    0.16°/s | Z:   -0.12°/s
X:   -0.51°/s | Y:    0.31°/s | Z:   -0.25°/s
X:   -0.38°/s | Y:    0.26°/s | Z:   -0.04°/s
X:   -0.23°/s | Y:    0.46°/s | Z:   -0.35°/s
X:   -0.60°/s | Y:    0.02°/s | Z:   -0.82°/s
X:   -0.68°/s | Y:    0.09°/s | Z:   -0.81°/s
X:   -0.44°/s | Y:    0.42°/s | Z:   -0.19°/s
X:   -0.56°/s | Y:    0.07°/s | Z:   -0.84°/s
X:   -0.60°/s | Y:    0.19°/s | Z:   -0.44°/s
X:   -0.30°/s | Y:    0.10°/s | Z:   -0.56°/s
X:   -0.51°/s | Y:    0.21°/s | Z:    0.02°/s
X:   -0.30°/s | Y:    0.31°/s | Z:   -0.89°/s
X:   -0.25°/s | Y:    0.09°/s | Z:   -0.81°/s
X:   -0.47°/s | Y:    0.21°/s | Z:   -0.17°/s
X:   -0.46°/s | Y:    0.04°/s | Z:   -0.19°/s
X:   -0.49°/s | Y:    0.04°/s | Z:   -0.19°/s
X:   -0.28°/s | Y:    0.30°/s | Z:   -0.72°/s
X:   -0.19°/s | Y:    0.25°/s | Z:   -0.23°/s
X:   -0.60°/s | Y:    0.54°/s | Z:   -0.21°/s
X:   -0.60°/s | Y:    0.47°/s | Z:    0.05°/s
X:   -0.60°/s | Y:   -0.10°/s | Z:   -0.84°/s
X:   -0.33°/s | Y:    0.58°/s | Z:    0.00°/s
X:   -0.54°/s | Y:    0.19°/s | Z:   -0.61°/s
X:   -0.35°/s | Y:    0.00°/s | Z:   -0.51°/s
X:   -0.33°/s | Y:    0.37°/s | Z:   -0.19°/s
X:   -0.10°/s | Y:    0.14°/s | Z:   -0.37°/s
X:   -0.19°/s | Y:    0.26°/s | Z:    4.04°/s
X:   -0.28°/s | Y:    0.40°/s | Z:   -0.37°/s
X:   -0.38°/s | Y:    0.14°/s | Z:   -0.47°/s
X:   -0.04°/s | Y:    0.07°/s | Z:   -0.82°/s
X:   -0.25°/s | Y:    0.07°/s | Z:   -0.16°/s
X:   -0.70°/s | Y:    0.33°/s | Z:   -0.33°/s
X:   -0.30°/s | Y:    0.30°/s | Z:   -0.26°/s
X:   -0.52°/s | Y:    0.21°/s | Z:   -0.35°/s
X:   -0.49°/s | Y:    0.14°/s | Z:   -0.33°/s
X:   -0.60°/s | Y:    0.72°/s | Z:   -0.49°/s
X:   -0.54°/s | Y:    0.30°/s | Z:   -0.49°/s
X:   -0.09°/s | Y:    0.51°/s | Z:   -0.91°/s
X:   -0.12°/s | Y:    0.14°/s | Z:   -0.98°/s
X:   -0.33°/s | Y:    0.14°/s | Z:   -0.04°/s
X:   -0.88°/s | Y:    0.16°/s | Z:   -0.42°/s
X:   -0.67°/s | Y:    0.46°/s | Z:   -0.94°/s
X:   -0.49°/s | Y:    0.46°/s | Z:   -0.30°/s
X:   -4.45°/s | Y:    0.56°/s | Z:   -0.89°/s
X:   -0.35°/s | Y:    0.51°/s | Z:   -0.40°/s
X:   -0.37°/s | Y:    0.46°/s | Z:   -0.81°/s
X:   -0.26°/s | Y:    0.38°/s | Z:   -0.58°/s
X:    0.05°/s | Y:    0.10°/s | Z:   -0.65°/s
X:   -0.25°/s | Y:    0.25°/s | Z:   -0.31°/s
X:   -0.04°/s | Y:    0.16°/s | Z:   -0.88°/s
X:   -0.40°/s | Y:    0.49°/s | Z:   -0.31°/s
X:   -0.16°/s | Y:    0.35°/s | Z:   -0.40°/s
X:    0.05°/s | Y:    0.47°/s | Z:   -0.75°/s
X:   -0.44°/s | Y:    0.31°/s | Z:   -0.23°/s
X:   -0.35°/s | Y:   -0.10°/s | Z:   -0.52°/s
X:   -0.25°/s | Y:    0.51°/s | Z:   -0.42°/s
X:   -0.26°/s | Y:    0.52°/s | Z:   -0.21°/s
X:   -0.67°/s | Y:    0.42°/s | Z:   -0.33°/s
X:   -0.26°/s | Y:    0.74°/s | Z:   -0.07°/s
X:   -0.38°/s | Y:    0.47°/s | Z:   -0.98°/s
X:   -0.44°/s | Y:    0.30°/s | Z:   -0.72°/s
X:   -0.35°/s | Y:    0.12°/s | Z:   -0.54°/s
X:   -0.02°/s | Y:    0.77°/s | Z:   -0.72°/s
X:   -0.31°/s | Y:    0.58°/s | Z:   -0.02°/s
X:   -0.49°/s | Y:    0.37°/s | Z:   -0.26°/s
X:   -0.77°/s | Y:    0.37°/s | Z:   -0.28°/s
X:   -0.23°/s | Y:    0.25°/s | Z:   -0.91°/s
X:   -0.30°/s | Y:    0.16°/s | Z:   -0.96°/s
X:   -0.94°/s | Y:    0.38°/s | Z:   -0.52°/s
X:   -0.40°/s | Y:    0.37°/s | Z:   -0.88°/s
X:   -0.54°/s | Y:   -0.05°/s | Z:   -0.42°/s
X:   -0.65°/s | Y:    0.37°/s | Z:   -0.10°/s

📊 Interrupt Stats (every 1000 loops / ~2.5s):
  Avg Cycles/Loop: 180000
  Loop Time: 2500.000μs
  Anomalies: 2
  CPU Usage: 0.10%
──────────────────────────────────────
X:   -0.33°/s | Y:    0.49°/s | Z:   -0.65°/s
X:   -0.46°/s | Y:    0.35°/s | Z:   -0.14°/s
X:   -0.30°/s | Y:    0.12°/s | Z:   -0.60°/s
X:   -0.30°/s | Y:    0.23°/s | Z:   -0.31°/s
X:   -0.38°/s | Y:    0.30°/s | Z:   -0.84°/s
X:   -0.56°/s | Y:    0.05°/s | Z:   -0.70°/s
X:   -0.67°/s | Y:    0.33°/s | Z:   -0.86°/s
X:   -0.16°/s | Y:    0.44°/s | Z:   -0.67°/s
X:   -0.54°/s | Y:    0.07°/s | Z:   -0.17°/s
X:   -0.14°/s | Y:    0.40°/s | Z:   -0.42°/s
X:   -0.37°/s | Y:    0.25°/s | Z:   -0.16°/s
X:   -0.44°/s | Y:    0.31°/s | Z:   -0.37°/s
X:   -0.25°/s | Y:    0.17°/s | Z:   -0.65°/s
X:   -0.33°/s | Y:    0.52°/s | Z:   -0.30°/s
X:   -0.46°/s | Y:    0.21°/s | Z:   -0.23°/s
X:   -0.21°/s | Y:    0.86°/s | Z:   -0.65°/s
X:   -0.52°/s | Y:    0.30°/s | Z:   -0.38°/s
X:   -0.38°/s | Y:    0.44°/s | Z:   -0.65°/s
X:   -0.28°/s | Y:    0.12°/s | Z:   -0.35°/s
X:   -0.04°/s | Y:    0.05°/s | Z:   -0.26°/s
X:   -0.89°/s | Y:    0.10°/s | Z:   -0.40°/s
X:   -0.44°/s | Y:    0.30°/s | Z:   -0.04°/s
X:    0.02°/s | Y:   -0.07°/s | Z:   -0.63°/s
X:   -0.33°/s | Y:    0.17°/s | Z:   -0.56°/s
X:   -0.47°/s | Y:    0.44°/s | Z:   -0.47°/s
X:   -0.52°/s | Y:    0.16°/s | Z:   -0.14°/s
X:   -0.17°/s | Y:    0.33°/s | Z:   -0.51°/s
X:   -0.60°/s | Y:    0.61°/s | Z:   -0.67°/s
X:   -0.33°/s | Y:    0.38°/s | Z:   -0.42°/s
X:   -0.40°/s | Y:    0.16°/s | Z:   -0.21°/s
X:   -0.38°/s | Y:    0.47°/s | Z:   -0.63°/s
X:   -0.65°/s | Y:    0.46°/s | Z:   -0.31°/s
X:   -0.84°/s | Y:    0.31°/s | Z:   -0.40°/s
X:    0.09°/s | Y:    0.56°/s | Z:   -0.72°/s
X:   -0.33°/s | Y:    0.31°/s | Z:   -0.49°/s
X:   -0.28°/s | Y:    0.35°/s | Z:   -0.70°/s
X:   -0.38°/s | Y:    0.51°/s | Z:   -0.33°/s
X:   -0.21°/s | Y:    0.40°/s | Z:   -0.65°/s
X:   -0.44°/s | Y:    0.40°/s | Z:   -0.28°/s
X:   -0.42°/s | Y:    0.25°/s | Z:   -0.75°/s
X:   -0.46°/s | Y:   -0.02°/s | Z:    0.05°/s
X:   -0.61°/s | Y:    0.21°/s | Z:   -0.46°/s
X:    0.00°/s | Y:    0.37°/s | Z:   -0.51°/s
X:   -0.38°/s | Y:    0.04°/s | Z:   -0.58°/s
X:   -0.58°/s | Y:   -0.04°/s | Z:   -0.79°/s
X:   -0.25°/s | Y:    0.40°/s | Z:   -0.09°/s
X:   -0.35°/s | Y:    0.49°/s | Z:   -0.25°/s
X:   -0.67°/s | Y:    0.10°/s | Z:   -0.51°/s
X:   -0.16°/s | Y:    0.26°/s | Z:   -0.17°/s
X:   -0.19°/s | Y:    0.49°/s | Z:   -0.51°/s
X:   -0.67°/s | Y:    0.42°/s | Z:   -0.38°/s
X:   -0.31°/s | Y:    0.30°/s | Z:   -0.31°/s
X:   -0.37°/s | Y:    0.38°/s | Z:   -0.38°/s
X:   -0.09°/s | Y:   -0.05°/s | Z:   -0.19°/s
X:   -0.40°/s | Y:    0.44°/s | Z:   -0.63°/s
X:   -0.28°/s | Y:    0.40°/s | Z:   -0.52°/s
X:   -0.40°/s | Y:    0.23°/s | Z:   -0.31°/s
X:   -0.35°/s | Y:    0.21°/s | Z:   -0.72°/s
X:   -0.17°/s | Y:    0.16°/s | Z:   -0.89°/s
X:   -0.91°/s | Y:    0.38°/s | Z:   -0.44°/s
X:   -0.54°/s | Y:    0.10°/s | Z:   -0.33°/s
X:   -0.30°/s | Y:    0.23°/s | Z:   -0.17°/s
X:   -0.56°/s | Y:    0.44°/s | Z:    0.00°/s
X:   -0.12°/s | Y:    0.42°/s | Z:   -0.23°/s
X:   -0.49°/s | Y:    0.38°/s | Z:   -0.31°/s
X:   -0.21°/s | Y:    0.14°/s | Z:   -0.44°/s
X:   -0.51°/s | Y:    0.12°/s | Z:   -0.96°/s
X:   -0.33°/s | Y:    0.58°/s | Z:   -4.41°/s
X:    0.09°/s | Y:   -0.02°/s | Z:   -0.68°/s
X:   -0.42°/s | Y:    0.42°/s | Z:   -0.46°/s
X:   -0.25°/s | Y:    0.26°/s | Z:   -0.65°/s
X:   -0.19°/s | Y:    0.00°/s | Z:   -0.58°/s
X:   -0.47°/s | Y:    0.07°/s | Z:   -0.40°/s
X:   -0.63°/s | Y:    0.16°/s | Z:   -0.58°/s
X:   -0.26°/s | Y:    0.28°/s | Z:   -0.05°/s
X:   -0.54°/s | Y:    0.33°/s | Z:   -0.40°/s
X:    0.07°/s | Y:    0.38°/s | Z:   -0.70°/s
X:   -0.54°/s | Y:    0.09°/s | Z:   -0.56°/s
X:   -0.12°/s | Y:    0.19°/s | Z:   -0.98°/s
X:   -0.35°/s | Y:    0.31°/s | Z:   -1.09°/s
X:   -0.33°/s | Y:    0.16°/s | Z:   -0.54°/s
X:   -0.35°/s | Y:    0.16°/s | Z:   -0.72°/s
X:   -0.47°/s | Y:    0.49°/s | Z:   -0.77°/s
X:   -0.28°/s | Y:    0.56°/s | Z:   -0.49°/s
X:    0.00°/s | Y:    0.35°/s | Z:   -0.14°/s
X:   -0.49°/s | Y:    0.26°/s | Z:   -1.09°/s
X:   -0.58°/s | Y:    0.44°/s | Z:   -0.91°/s
X:   -0.23°/s | Y:    0.16°/s | Z:   -0.49°/s
X:   -0.33°/s | Y:    0.21°/s | Z:   -0.82°/s
X:   -0.38°/s | Y:    0.49°/s | Z:   -0.37°/s
X:   -0.23°/s | Y:    0.17°/s | Z:   -0.28°/s
X:   -0.16°/s | Y:    0.38°/s | Z:   -0.46°/s
X:   -0.51°/s | Y:    0.07°/s | Z:   -0.33°/s
X:   -0.46°/s | Y:    0.35°/s | Z:   -0.60°/s
X:   -0.40°/s | Y:    0.23°/s | Z:   -0.52°/s
X:   -0.84°/s | Y:    0.07°/s | Z:   -0.31°/s
X:   -0.61°/s | Y:    0.05°/s | Z:   -0.65°/s
X:   -0.74°/s | Y:    0.37°/s | Z:   -0.33°/s
X:   -0.38°/s | Y:    0.04°/s | Z:    0.23°/s
X:   -0.44°/s | Y:    0.37°/s | Z:   -0.68°/s
X:   -0.19°/s | Y:    0.77°/s | Z:   -0.60°/s
X:    0.40°/s | Y:    0.05°/s | Z:   -0.56°/s
X:   -0.72°/s | Y:    0.46°/s | Z:   -0.25°/s
X:    0.02°/s | Y:    0.35°/s | Z:   -0.07°/s
X:   -0.26°/s | Y:    0.14°/s | Z:   -0.49°/s
X:   -0.19°/s | Y:    0.60°/s | Z:   -0.19°/s
X:   -0.35°/s | Y:    0.14°/s | Z:   -0.79°/s
X:   -0.16°/s | Y:    0.17°/s | Z:   -0.40°/s
X:   -0.49°/s | Y:    0.16°/s | Z:   -0.38°/s
X:   -0.26°/s | Y:    0.16°/s | Z:   -0.07°/s
X:    4.01°/s | Y:    0.04°/s | Z:   -0.16°/s
X:   -0.33°/s | Y:    0.10°/s | Z:   -0.37°/s
X:   -0.67°/s | Y:    0.46°/s | Z:   -0.21°/s
X:   -0.60°/s | Y:    0.33°/s | Z:   -0.61°/s
X:   -0.54°/s | Y:    4.27°/s | Z:   -0.21°/s
X:   -0.46°/s | Y:    0.31°/s | Z:   -0.21°/s
X:   -0.14°/s | Y:    0.31°/s | Z:   -0.12°/s
X:   -0.31°/s | Y:    0.51°/s | Z:   -0.26°/s
X:   -0.67°/s | Y:    0.42°/s | Z:   -0.33°/s
X:   -0.35°/s | Y:    0.35°/s | Z:   -0.42°/s
X:   -0.65°/s | Y:    0.23°/s | Z:   -0.61°/s
X:   -0.47°/s | Y:   -0.17°/s | Z:   -0.46°/s
X:   -0.54°/s | Y:    0.33°/s | Z:   -0.60°/s
X:   -0.42°/s | Y:    0.49°/s | Z:   -0.54°/s
X:   -0.30°/s | Y:    0.14°/s | Z:   -0.25°/s
X:   -0.40°/s | Y:   -0.04°/s | Z:   -0.42°/s
X:   -0.07°/s | Y:    0.60°/s | Z:   -0.44°/s
X:   -0.44°/s | Y:    0.54°/s | Z:   -0.88°/s
X:   -0.42°/s | Y:    0.17°/s | Z:   -0.33°/s
X:   -0.31°/s | Y:   -0.04°/s | Z:   -0.60°/s
X:   -0.31°/s | Y:    0.31°/s | Z:   -0.35°/s
X:   -0.30°/s | Y:    0.16°/s | Z:   -0.74°/s
X:   -0.35°/s | Y:    0.44°/s | Z:   -0.70°/s
X:   -0.72°/s | Y:    0.12°/s | Z:   -0.96°/s
X:   -0.26°/s | Y:    0.31°/s | Z:   -0.28°/s
X:   -0.42°/s | Y:    0.10°/s | Z:   -0.40°/s
X:   -0.35°/s | Y:    0.70°/s | Z:   -0.26°/s
X:   -0.07°/s | Y:    0.33°/s | Z:   -0.49°/s
X:   -0.37°/s | Y:    0.09°/s | Z:   -0.12°/s
X:   -0.31°/s | Y:    0.49°/s | Z:   -0.40°/s
X:   -0.58°/s | Y:    0.65°/s | Z:   -0.77°/s
X:   -0.25°/s | Y:    0.19°/s | Z:   -0.74°/s
X:   -0.14°/s | Y:    0.09°/s | Z:   -0.98°/s
X:   -0.47°/s | Y:    0.21°/s | Z:   -0.58°/s
X:   -0.17°/s | Y:    0.31°/s | Z:   -0.54°/s
X:   -0.52°/s | Y:    0.35°/s | Z:   -0.19°/s
X:   -0.47°/s | Y:    0.40°/s | Z:   -0.30°/s
X:   -0.51°/s | Y:    0.14°/s | Z:   -0.52°/s
X:   -0.31°/s | Y:    0.47°/s | Z:   -0.60°/s
X:    0.14°/s | Y:    0.16°/s | Z:   -0.42°/s
X:   -0.63°/s | Y:    0.07°/s | Z:   -0.25°/s
X:   -0.21°/s | Y:    0.28°/s | Z:   -0.42°/s
X:   -0.46°/s | Y:    0.52°/s | Z:   -0.38°/s
X:   -4.46°/s | Y:    0.05°/s | Z:   -0.26°/s
X:    4.22°/s | Y:    0.19°/s | Z:    0.05°/s
X:   -0.89°/s | Y:    0.60°/s | Z:   -0.47°/s
X:   -0.28°/s | Y:    0.30°/s | Z:   -0.77°/s
X:   -0.33°/s | Y:    0.21°/s | Z:    0.17°/s
X:   -0.40°/s | Y:    0.46°/s | Z:   -0.51°/s
X:    0.07°/s | Y:    0.30°/s | Z:   -0.75°/s
X:   -0.12°/s | Y:    0.31°/s | Z:   -0.52°/s
X:   -0.38°/s | Y:   -0.07°/s | Z:   -0.77°/s
X:   -0.23°/s | Y:    0.04°/s | Z:    0.14°/s
X:   -0.31°/s | Y:    0.40°/s | Z:   -0.16°/s
X:   -0.09°/s | Y:    0.14°/s | Z:   -0.25°/s
X:   -0.26°/s | Y:    0.26°/s | Z:   -0.54°/s
X:   -0.51°/s | Y:    0.37°/s | Z:   -0.42°/s
X:   -0.12°/s | Y:    0.17°/s | Z:   -0.54°/s
X:   -0.47°/s | Y:    0.49°/s | Z:   -0.54°/s
X:   -0.38°/s | Y:    0.26°/s | Z:   -0.63°/s
X:   -0.37°/s | Y:    0.44°/s | Z:   -0.56°/s
X:   -0.54°/s | Y:    0.31°/s | Z:   -0.49°/s
X:   -0.49°/s | Y:    0.30°/s | Z:   -0.68°/s
X:   -0.47°/s | Y:    0.30°/s | Z:   -0.65°/s
X:   -0.60°/s | Y:    0.49°/s | Z:   -0.88°/s
X:    0.26°/s | Y:   -0.07°/s | Z:   -0.37°/s
X:   -0.44°/s | Y:    0.05°/s | Z:   -0.58°/s
X:   -0.38°/s | Y:   -0.17°/s | Z:   -0.68°/s
X:   -0.58°/s | Y:    0.60°/s | Z:   -0.47°/s
X:   -0.19°/s | Y:    0.26°/s | Z:   -0.67°/s
X:   -0.23°/s | Y:    0.46°/s | Z:   -0.84°/s
X:   -0.47°/s | Y:    0.46°/s | Z:   -0.60°/s
X:   -0.17°/s | Y:   -0.04°/s | Z:   -0.14°/s
X:   -0.33°/s | Y:    0.30°/s | Z:   -0.37°/s
X:   -0.52°/s | Y:    0.33°/s | Z:   -0.51°/s
X:   -0.54°/s | Y:    0.35°/s | Z:    0.16°/s
X:   -0.54°/s | Y:    0.12°/s | Z:   -0.60°/s
X:   -0.21°/s | Y:    0.25°/s | Z:   -0.58°/s
X:   -0.14°/s | Y:   -0.04°/s | Z:   -0.25°/s
X:   -0.35°/s | Y:    0.49°/s | Z:   -0.31°/s
X:   -0.04°/s | Y:    0.30°/s | Z:   -0.70°/s
X:   -0.40°/s | Y:    0.16°/s | Z:   -0.47°/s
X:   -0.38°/s | Y:   -0.10°/s | Z:   -0.40°/s
X:   -0.46°/s | Y:    0.07°/s | Z:    0.02°/s
X:   -0.44°/s | Y:    0.60°/s | Z:   -0.38°/s
X:   -0.30°/s | Y:    0.44°/s | Z:   -0.65°/s
X:   -0.33°/s | Y:    0.14°/s | Z:   -0.46°/s
X:   -0.46°/s | Y:    0.31°/s | Z:   -0.21°/s
X:   -0.47°/s | Y:    0.58°/s | Z:   -0.63°/s
X:   -0.35°/s | Y:    0.28°/s | Z:   -0.04°/s
X:   -0.25°/s | Y:   -0.25°/s | Z:   -0.70°/s
X:   -0.26°/s | Y:    0.60°/s | Z:   -0.21°/s
X:   -0.19°/s | Y:   -0.05°/s | Z:   -0.58°/s
X:   -0.23°/s | Y:    0.79°/s | Z:   -0.40°/s
X:   -0.28°/s | Y:    0.52°/s | Z:   -0.10°/s
X:   -0.82°/s | Y:    0.61°/s | Z:   -0.28°/s
X:   -0.38°/s | Y:    0.04°/s | Z:    0.17°/s
X:   -0.02°/s | Y:   -0.04°/s | Z:   -0.17°/s
X:   -0.31°/s | Y:    0.38°/s | Z:   -0.46°/s
X:   -0.58°/s | Y:    0.26°/s | Z:   -0.65°/s
X:   -0.28°/s | Y:    0.14°/s | Z:   -0.38°/s
X:   -0.70°/s | Y:    0.65°/s | Z:   -0.17°/s
X:   -0.52°/s | Y:    0.38°/s | Z:   -0.54°/s
X:   -0.56°/s | Y:    0.40°/s | Z:   -0.02°/s
X:   -0.02°/s | Y:    0.40°/s | Z:   -0.10°/s
X:   -0.63°/s | Y:    0.12°/s | Z:   -0.38°/s
X:   -0.56°/s | Y:    0.42°/s | Z:   -0.56°/s
X:   -0.23°/s | Y:    0.09°/s | Z:   -0.40°/s
X:   -0.40°/s | Y:    0.31°/s | Z:   -0.35°/s
X:   -0.77°/s | Y:   -0.04°/s | Z:   -0.77°/s
X:   -0.16°/s | Y:    0.40°/s | Z:   -0.91°/s
X:   -0.63°/s | Y:    0.65°/s | Z:   -0.75°/s
X:   -0.17°/s | Y:    0.14°/s | Z:   -0.37°/s
X:   -0.37°/s | Y:    0.26°/s | Z:   -0.49°/s
X:   -0.38°/s | Y:    0.19°/s | Z:    0.04°/s
X:   -0.67°/s | Y:    0.14°/s | Z:   -0.30°/s
X:   -0.37°/s | Y:    0.47°/s | Z:   -0.67°/s
X:   -0.44°/s | Y:   -0.09°/s | Z:   -0.49°/s
X:   -0.25°/s | Y:    0.47°/s | Z:   -0.74°/s
X:   -0.54°/s | Y:    0.09°/s | Z:   -0.16°/s
X:   -0.38°/s | Y:    0.12°/s | Z:   -0.89°/s
X:   -0.40°/s | Y:    0.30°/s | Z:   -0.63°/s
X:   -0.35°/s | Y:    0.30°/s | Z:   -0.60°/s
X:   -0.56°/s | Y:    0.54°/s | Z:    0.00°/s
X:   -0.56°/s | Y:    0.12°/s | Z:   -0.42°/s
X:   -0.40°/s | Y:    0.40°/s | Z:   -0.40°/s
X:   -0.23°/s | Y:    0.30°/s | Z:    0.05°/s
X:   -0.28°/s | Y:    0.23°/s | Z:   -0.84°/s
X:    0.25°/s | Y:    0.35°/s | Z:   -0.94°/s
X:   -0.17°/s | Y:   -0.05°/s | Z:   -0.23°/s
X:   -0.35°/s | Y:    0.52°/s | Z:   -0.28°/s
X:   -0.63°/s | Y:    0.93°/s | Z:   -0.44°/s
X:   -0.86°/s | Y:    0.10°/s | Z:   -0.33°/s
X:   -0.28°/s | Y:    0.09°/s | Z:   -0.67°/s
X:   -0.33°/s | Y:    0.28°/s | Z:   -0.63°/s
X:   -0.31°/s | Y:    0.30°/s | Z:    0.05°/s
X:    0.10°/s | Y:    0.28°/s | Z:    0.35°/s
X:   -0.42°/s | Y:    0.51°/s | Z:   -0.67°/s
X:   -0.21°/s | Y:    0.28°/s | Z:   -0.33°/s
X:   -0.31°/s | Y:    0.40°/s | Z:   -0.67°/s

📊 Interrupt Stats (every 1000 loops / ~2.5s):
  Avg Cycles/Loop: 180000
  Loop Time: 2500.000μs
  Anomalies: 2
  CPU Usage: 0.10%
──────────────────────────────────────
X:   -0.86°/s | Y:    0.47°/s | Z:   -0.46°/s
X:   -0.31°/s | Y:    0.26°/s | Z:   -0.82°/s
X:   -0.56°/s | Y:    0.60°/s | Z:   -0.68°/s
X:   -0.28°/s | Y:    0.17°/s | Z:   -0.67°/s
X:   -0.44°/s | Y:    0.21°/s | Z:   -0.12°/s
X:   -0.42°/s | Y:    0.30°/s | Z:   -0.84°/s
X:   -0.56°/s | Y:   -0.10°/s | Z:   -0.96°/s
X:   -0.96°/s | Y:    0.30°/s | Z:   -0.16°/s
X:   -0.35°/s | Y:    0.35°/s | Z:   -0.42°/s
X:   -0.72°/s | Y:    0.21°/s | Z:   -0.07°/s
X:   -0.21°/s | Y:    0.46°/s | Z:   -0.23°/s
X:   -0.49°/s | Y:    0.16°/s | Z:   -0.68°/s
X:   -0.65°/s | Y:    0.63°/s | Z:   -0.21°/s
X:   -0.63°/s | Y:    0.21°/s | Z:   -0.60°/s
X:   -0.56°/s | Y:    0.21°/s | Z:   -0.65°/s
X:   -0.51°/s | Y:    0.40°/s | Z:   -0.23°/s
X:   -0.67°/s | Y:    4.46°/s | Z:   -0.96°/s
X:    0.42°/s | Y:    0.16°/s | Z:   -0.42°/s
X:   -0.35°/s | Y:    0.23°/s | Z:   -0.51°/s
X:   -0.44°/s | Y:    0.26°/s | Z:   -4.46°/s
X:   -0.10°/s | Y:    0.56°/s | Z:   -0.77°/s
X:   -0.46°/s | Y:    0.35°/s | Z:   -0.61°/s
X:   -0.28°/s | Y:    0.09°/s | Z:   -0.40°/s
X:   -0.44°/s | Y:    0.37°/s | Z:   -0.58°/s
X:   -0.47°/s | Y:    0.49°/s | Z:    0.04°/s
X:   -0.58°/s | Y:    0.33°/s | Z:   -0.65°/s
X:   -0.46°/s | Y:    0.31°/s | Z:   -0.23°/s
X:   -0.38°/s | Y:    0.19°/s | Z:   -0.25°/s
X:   -0.40°/s | Y:    0.44°/s | Z:   -0.56°/s
X:   -0.54°/s | Y:    0.37°/s | Z:   -0.33°/s
X:   -0.40°/s | Y:    0.35°/s | Z:   -0.05°/s
X:   -0.47°/s | Y:    0.49°/s | Z:   -0.33°/s
X:   -0.63°/s | Y:    0.47°/s | Z:   -0.35°/s
X:   -0.74°/s | Y:    0.52°/s | Z:   -0.42°/s
X:   -0.17°/s | Y:    0.17°/s | Z:   -0.58°/s
X:   -0.21°/s | Y:    0.25°/s | Z:   -0.46°/s
X:   -0.42°/s | Y:    0.35°/s | Z:   -0.21°/s
X:   -0.30°/s | Y:    0.00°/s | Z:   -0.37°/s
X:    0.00°/s | Y:   -0.23°/s | Z:   -0.35°/s
X:   -0.40°/s | Y:    0.28°/s | Z:   -0.38°/s
X:   -0.23°/s | Y:    0.23°/s | Z:   -0.86°/s
X:   -0.38°/s | Y:    0.51°/s | Z:   -0.14°/s
X:   -0.09°/s | Y:    0.25°/s | Z:   -0.89°/s
X:   -0.56°/s | Y:    0.26°/s | Z:   -0.40°/s
X:   -0.19°/s | Y:    0.46°/s | Z:   -0.26°/s
X:   -0.70°/s | Y:    0.31°/s | Z:   -0.33°/s
X:   -0.49°/s | Y:    0.31°/s | Z:   -0.33°/s
X:   -0.56°/s | Y:    0.26°/s | Z:   -0.63°/s
X:   -0.75°/s | Y:    0.51°/s | Z:   -0.25°/s
X:   -0.17°/s | Y:    0.37°/s | Z:   -0.60°/s
X:   -0.14°/s | Y:    0.58°/s | Z:   -0.09°/s
X:   -0.35°/s | Y:    0.09°/s | Z:   -0.21°/s
X:   -0.19°/s | Y:    0.14°/s | Z:   -0.61°/s
X:   -0.35°/s | Y:    0.33°/s | Z:   -0.23°/s
X:    0.12°/s | Y:    0.05°/s | Z:   -0.09°/s
X:    0.42°/s | Y:    0.52°/s | Z:   -0.49°/s
X:    0.60°/s | Y:    0.33°/s | Z:   -0.51°/s
X:   -0.31°/s | Y:    0.40°/s | Z:   -0.12°/s
X:   -0.91°/s | Y:    0.04°/s | Z:    0.00°/s
X:   -0.77°/s | Y:    0.38°/s | Z:   -0.63°/s
X:    0.26°/s | Y:    0.70°/s | Z:   -0.63°/s
X:    0.09°/s | Y:    0.26°/s | Z:   -0.79°/s
X:   -0.68°/s | Y:    0.19°/s | Z:   -0.23°/s
X:    0.00°/s | Y:    0.46°/s | Z:   -0.86°/s
X:   -0.38°/s | Y:    0.19°/s | Z:   -0.84°/s
X:    0.12°/s | Y:    0.46°/s | Z:   -0.47°/s
X:   -0.79°/s | Y:    0.16°/s | Z:   -0.12°/s
X:   -0.81°/s | Y:    0.38°/s | Z:   -0.84°/s
X:   -0.19°/s | Y:    0.33°/s | Z:   -0.31°/s
X:   -0.05°/s | Y:    0.35°/s | Z:   -0.23°/s
X:   -0.46°/s | Y:    0.21°/s | Z:   -0.44°/s
X:   -0.67°/s | Y:    0.30°/s | Z:   -0.56°/s
X:   -0.09°/s | Y:    0.54°/s | Z:   -0.54°/s
X:    0.14°/s | Y:   -0.02°/s | Z:   -0.65°/s
X:   -0.60°/s | Y:    0.10°/s | Z:   -0.75°/s
X:   -1.15°/s | Y:    0.17°/s | Z:    0.02°/s
X:   -0.54°/s | Y:    0.28°/s | Z:   -0.16°/s
X:   -0.51°/s | Y:    0.12°/s | Z:    0.02°/s
X:   -0.65°/s | Y:    0.05°/s | Z:   -0.09°/s
X:   -0.56°/s | Y:    0.02°/s | Z:   -0.17°/s
X:   -0.16°/s | Y:    0.30°/s | Z:   -0.56°/s
X:   -0.68°/s | Y:    0.42°/s | Z:   -0.26°/s
X:   -0.26°/s | Y:    0.65°/s | Z:   -0.79°/s
X:   -0.07°/s | Y:    0.30°/s | Z:   -0.65°/s
X:   -0.54°/s | Y:    0.37°/s | Z:   -0.26°/s
X:   -0.70°/s | Y:    0.28°/s | Z:    0.02°/s
X:   -0.23°/s | Y:    0.37°/s | Z:   -0.79°/s
X:   -0.58°/s | Y:    0.10°/s | Z:   -0.07°/s
X:   -0.17°/s | Y:    0.38°/s | Z:   -0.07°/s
X:   -0.31°/s | Y:    0.17°/s | Z:   -0.49°/s
X:    0.07°/s | Y:    0.35°/s | Z:   -0.31°/s
X:   -0.54°/s | Y:    0.09°/s | Z:   -0.91°/s
X:   -0.74°/s | Y:    0.37°/s | Z:   -0.37°/s
X:    0.04°/s | Y:    0.52°/s | Z:   -0.54°/s
X:   -0.31°/s | Y:    0.46°/s | Z:   -0.19°/s
X:   -0.56°/s | Y:    0.26°/s | Z:   -0.68°/s
X:   -0.42°/s | Y:   -0.05°/s | Z:   -0.35°/s
X:   -0.16°/s | Y:    0.10°/s | Z:   -0.47°/s
X:   -0.30°/s | Y:    0.07°/s | Z:   -0.47°/s
X:   -0.54°/s | Y:    0.05°/s | Z:   -0.58°/s
X:   -0.17°/s | Y:    0.04°/s | Z:   -0.65°/s
X:   -0.61°/s | Y:    0.30°/s | Z:   -0.44°/s
X:   -4.04°/s | Y:    0.16°/s | Z:    0.16°/s
X:    0.04°/s | Y:   -0.02°/s | Z:   -1.07°/s
X:   -0.35°/s | Y:    0.38°/s | Z:   -0.65°/s
X:   -0.56°/s | Y:    0.14°/s | Z:   -0.58°/s
X:   -0.23°/s | Y:    0.44°/s | Z:   -0.98°/s
X:    0.28°/s | Y:    0.16°/s | Z:   -0.94°/s
X:   -0.94°/s | Y:    0.42°/s | Z:   -0.42°/s
X:   -0.58°/s | Y:    0.42°/s | Z:   -0.35°/s
X:    0.25°/s | Y:   -0.10°/s | Z:   -0.25°/s
X:   -0.23°/s | Y:    0.37°/s | Z:   -0.61°/s
X:   -0.35°/s | Y:    0.67°/s | Z:   -0.75°/s
X:   -0.19°/s | Y:    0.21°/s | Z:   -0.52°/s
X:   -0.60°/s | Y:    0.19°/s | Z:   -0.37°/s
X:   -0.74°/s | Y:    0.26°/s | Z:   -0.42°/s
X:   -0.12°/s | Y:    0.40°/s | Z:    0.30°/s
X:   -0.67°/s | Y:    0.52°/s | Z:   -0.67°/s
X:   -0.68°/s | Y:    0.33°/s | Z:   -0.23°/s
X:   -0.17°/s | Y:    0.05°/s | Z:   -0.70°/s
X:   -0.26°/s | Y:   -0.12°/s | Z:   -0.52°/s
X:   -0.46°/s | Y:    0.38°/s | Z:   -0.28°/s
X:   -0.14°/s | Y:    0.31°/s | Z:   -0.07°/s
X:   -0.74°/s | Y:    0.51°/s | Z:   -0.17°/s
X:   -0.21°/s | Y:    0.37°/s | Z:   -0.88°/s
X:   -0.68°/s | Y:    0.09°/s | Z:   -0.81°/s
X:   -0.44°/s | Y:    0.12°/s | Z:   -0.38°/s
X:   -0.12°/s | Y:    0.31°/s | Z:   -0.23°/s
X:   -0.28°/s | Y:    0.40°/s | Z:   -0.79°/s
X:   -0.31°/s | Y:    0.37°/s | Z:   -1.10°/s
X:   -0.54°/s | Y:    0.42°/s | Z:   -0.40°/s
X:   -0.47°/s | Y:    0.00°/s | Z:   -0.17°/s
X:   -0.04°/s | Y:   -0.19°/s | Z:   -0.49°/s
X:   -0.63°/s | Y:    0.31°/s | Z:   -0.31°/s
X:   -0.26°/s | Y:    0.23°/s | Z:   -0.63°/s
X:   -0.44°/s | Y:    0.63°/s | Z:   -0.60°/s
X:   -0.40°/s | Y:    0.40°/s | Z:   -0.61°/s
X:    0.04°/s | Y:    0.21°/s | Z:   -0.23°/s
X:   -0.33°/s | Y:    0.42°/s | Z:   -0.51°/s
X:   -0.77°/s | Y:    0.46°/s | Z:   -0.26°/s
X:   -0.67°/s | Y:    0.33°/s | Z:   -0.28°/s
X:    0.35°/s | Y:    0.51°/s | Z:   -0.93°/s
X:    0.04°/s | Y:   -0.28°/s | Z:   -1.05°/s
X:   -0.56°/s | Y:    0.26°/s | Z:   -0.33°/s
X:   -0.67°/s | Y:    0.26°/s | Z:   -0.68°/s
X:   -0.35°/s | Y:    0.26°/s | Z:   -0.60°/s
X:    0.10°/s | Y:    0.14°/s | Z:   -0.61°/s
X:   -0.19°/s | Y:    0.09°/s | Z:   -0.56°/s
X:   -0.61°/s | Y:    0.05°/s | Z:   -0.70°/s
X:   -0.42°/s | Y:    0.28°/s | Z:   -0.16°/s
X:   -0.31°/s | Y:    0.17°/s | Z:   -0.68°/s
X:   -0.31°/s | Y:    0.40°/s | Z:   -0.38°/s
X:   -0.40°/s | Y:    0.07°/s | Z:   -0.63°/s
X:   -0.58°/s | Y:    0.23°/s | Z:   -0.46°/s
X:    0.00°/s | Y:    0.58°/s | Z:   -0.40°/s
X:   -0.16°/s | Y:    0.28°/s | Z:   -0.23°/s
X:   -0.56°/s | Y:    0.23°/s | Z:   -0.44°/s
X:   -0.28°/s | Y:    0.42°/s | Z:   -0.56°/s
X:   -0.26°/s | Y:   -0.14°/s | Z:   -0.25°/s
X:   -0.38°/s | Y:    0.52°/s | Z:   -0.63°/s
X:   -0.37°/s | Y:    0.04°/s | Z:   -0.23°/s
X:   -0.42°/s | Y:    0.25°/s | Z:   -0.37°/s
X:   -0.40°/s | Y:    0.30°/s | Z:   -0.31°/s
X:   -0.44°/s | Y:    0.44°/s | Z:   -0.51°/s
X:   -0.58°/s | Y:    0.35°/s | Z:   -0.60°/s
X:   -0.56°/s | Y:    0.07°/s | Z:   -0.67°/s
X:   -0.35°/s | Y:    0.33°/s | Z:   -0.65°/s
X:   -0.16°/s | Y:   -0.07°/s | Z:    0.02°/s
X:   -0.33°/s | Y:    0.17°/s | Z:   -0.52°/s
X:   -0.30°/s | Y:    0.46°/s | Z:   -0.19°/s
X:   -0.30°/s | Y:    0.12°/s | Z:   -0.44°/s
X:   -0.74°/s | Y:    0.10°/s | Z:   -0.42°/s
X:   -0.23°/s | Y:    0.30°/s | Z:   -0.56°/s
X:   -0.82°/s | Y:    0.35°/s | Z:   -0.31°/s
X:   -0.61°/s | Y:    0.23°/s | Z:   -0.56°/s
X:   -0.58°/s | Y:   -0.04°/s | Z:   -0.35°/s
X:   -0.25°/s | Y:    0.23°/s | Z:   -0.25°/s
X:   -0.84°/s | Y:    0.25°/s | Z:   -0.51°/s
X:   -0.79°/s | Y:    0.14°/s | Z:   -0.02°/s
X:   -0.68°/s | Y:    0.46°/s | Z:   -0.54°/s
X:   -0.30°/s | Y:    0.44°/s | Z:   -0.67°/s
X:   -0.30°/s | Y:    0.33°/s | Z:   -0.30°/s
X:   -0.23°/s | Y:    0.31°/s | Z:   -0.63°/s
X:   -0.23°/s | Y:    0.46°/s | Z:   -1.09°/s
X:   -0.09°/s | Y:    0.09°/s | Z:   -0.61°/s
X:   -0.46°/s | Y:    0.17°/s | Z:   -0.09°/s
X:   -0.05°/s | Y:    0.67°/s | Z:    0.04°/s
X:   -0.38°/s | Y:    0.17°/s | Z:   -0.79°/s
X:   -0.58°/s | Y:    0.40°/s | Z:   -0.44°/s
X:   -0.44°/s | Y:    0.40°/s | Z:   -0.44°/s
X:   -0.05°/s | Y:    0.25°/s | Z:   -0.52°/s
X:   -0.35°/s | Y:    0.02°/s | Z:   -0.44°/s
X:   -0.52°/s | Y:    0.25°/s | Z:   -0.70°/s
X:   -0.44°/s | Y:    0.25°/s | Z:   -0.58°/s
X:   -0.14°/s | Y:   -4.27°/s | Z:   -0.91°/s
X:   -0.38°/s | Y:    0.30°/s | Z:   -0.67°/s
X:   -0.21°/s | Y:    0.17°/s | Z:    0.00°/s
X:   -0.10°/s | Y:    0.12°/s | Z:   -0.72°/s
X:   -0.30°/s | Y:    0.38°/s | Z:   -0.09°/s
X:   -0.58°/s | Y:    0.40°/s | Z:   -0.31°/s
X:   -0.44°/s | Y:    0.51°/s | Z:   -0.31°/s
X:   -0.60°/s | Y:    0.47°/s | Z:   -0.86°/s
X:   -0.37°/s | Y:    0.44°/s | Z:   -0.79°/s
X:   -0.35°/s | Y:    0.30°/s | Z:   -0.58°/s
X:   -0.30°/s | Y:    0.25°/s | Z:   -0.60°/s
X:   -0.42°/s | Y:    0.05°/s | Z:   -0.21°/s
X:   -0.51°/s | Y:    0.05°/s | Z:   -0.51°/s
X:   -0.14°/s | Y:    0.47°/s | Z:   -0.49°/s
X:   -0.63°/s | Y:    0.10°/s | Z:   -1.33°/s
X:   -0.35°/s | Y:    0.58°/s | Z:   -0.46°/s
X:   -0.12°/s | Y:    0.61°/s | Z:   -0.49°/s
X:   -0.35°/s | Y:    0.61°/s | Z:   -0.82°/s
X:   -0.25°/s | Y:    0.14°/s | Z:   -0.46°/s
X:   -0.51°/s | Y:    0.44°/s | Z:   -0.12°/s
X:   -0.51°/s | Y:    0.37°/s | Z:   -0.47°/s
X:   -0.75°/s | Y:    0.54°/s | Z:   -0.16°/s
X:   -0.25°/s | Y:    0.28°/s | Z:   -0.52°/s
X:   -0.25°/s | Y:    0.54°/s | Z:   -0.79°/s
X:   -0.44°/s | Y:    0.30°/s | Z:   -0.54°/s
X:   -0.31°/s | Y:    0.17°/s | Z:   -0.05°/s
X:   -0.14°/s | Y:    0.00°/s | Z:   -0.19°/s
X:   -0.60°/s | Y:    0.28°/s | Z:   -0.25°/s
X:   -0.23°/s | Y:    0.12°/s | Z:   -0.49°/s
X:   -0.51°/s | Y:    0.17°/s | Z:   -0.40°/s
X:   -0.46°/s | Y:    0.19°/s | Z:   -0.35°/s
X:   -0.25°/s | Y:   -0.25°/s | Z:   -0.61°/s
X:   -0.28°/s | Y:    0.10°/s | Z:   -0.67°/s
X:   -0.46°/s | Y:   -0.09°/s | Z:   -0.12°/s
X:   -0.31°/s | Y:    0.51°/s | Z:   -0.21°/s
X:   -0.60°/s | Y:    0.02°/s | Z:   -0.25°/s
X:   -0.28°/s | Y:    0.10°/s | Z:   -0.19°/s
X:   -0.49°/s | Y:    0.49°/s | Z:   -0.23°/s
X:   -0.52°/s | Y:    0.44°/s | Z:   -1.03°/s
X:    0.07°/s | Y:    0.52°/s | Z:   -0.47°/s
X:   -0.26°/s | Y:    0.52°/s | Z:   -0.82°/s
X:   -0.54°/s | Y:    0.17°/s | Z:   -0.60°/s
X:   -0.35°/s | Y:    0.35°/s | Z:   -0.28°/s
X:   -0.60°/s | Y:    4.45°/s | Z:   -0.79°/s
X:   -0.44°/s | Y:    0.31°/s | Z:   -0.44°/s
X:   -0.37°/s | Y:   -0.04°/s | Z:   -0.35°/s
X:   -0.12°/s | Y:    0.49°/s | Z:   -0.35°/s
X:   -0.37°/s | Y:    0.40°/s | Z:   -0.46°/s
X:   -0.47°/s | Y:    0.35°/s | Z:   -0.49°/s
X:   -0.26°/s | Y:    0.37°/s | Z:   -0.60°/s
X:   -0.23°/s | Y:    0.10°/s | Z:   -1.21°/s
X:   -0.14°/s | Y:    0.37°/s | Z:   -0.07°/s
X:   -0.25°/s | Y:    0.14°/s | Z:   -0.63°/s
X:   -0.19°/s | Y:   -0.04°/s | Z:   -0.21°/s
X:   -0.49°/s | Y:    0.38°/s | Z:   -0.35°/s
X:   -0.74°/s | Y:    0.26°/s | Z:   -0.65°/s

📊 Interrupt Stats (every 1000 loops / ~2.5s):
  Avg Cycles/Loop: 180000
  Loop Time: 2500.000μs
  Anomalies: 2
  CPU Usage: 0.10%
──────────────────────────────────────
X:   -0.38°/s | Y:    0.33°/s | Z:   -0.98°/s
X:   -0.28°/s | Y:    0.44°/s | Z:   -0.38°/s
X:   -0.28°/s | Y:    0.46°/s | Z:   -0.68°/s
X:   -0.82°/s | Y:    0.31°/s | Z:   -0.33°/s
X:   -0.14°/s | Y:    0.61°/s | Z:   -0.42°/s
X:   -0.56°/s | Y:    0.10°/s | Z:   -0.63°/s
X:   -0.09°/s | Y:    0.12°/s | Z:   -0.16°/s
X:   -0.51°/s | Y:    0.17°/s | Z:   -0.05°/s
X:   -0.33°/s | Y:    0.05°/s | Z:   -0.94°/s
X:   -0.10°/s | Y:    0.52°/s | Z:   -0.63°/s
X:   -0.35°/s | Y:    0.16°/s | Z:   -0.25°/s
X:   -0.68°/s | Y:    0.56°/s | Z:   -0.10°/s
X:   -0.09°/s | Y:    0.19°/s | Z:   -0.47°/s
X:   -0.02°/s | Y:    0.09°/s | Z:   -0.14°/s
X:   -0.31°/s | Y:    0.58°/s | Z:   -0.67°/s
X:   -0.74°/s | Y:    0.28°/s | Z:   -0.35°/s
X:   -0.21°/s | Y:    0.49°/s | Z:   -0.09°/s
X:   -0.21°/s | Y:    0.19°/s | Z:   -0.67°/s
X:   -0.33°/s | Y:   -0.33°/s | Z:   -0.82°/s
X:   -0.28°/s | Y:   -0.04°/s | Z:   -0.68°/s
X:   -0.38°/s | Y:    0.23°/s | Z:   -0.51°/s
X:   -0.40°/s | Y:    0.60°/s | Z:   -0.23°/s
X:   -0.16°/s | Y:    0.28°/s | Z:   -1.03°/s
X:    0.07°/s | Y:    0.23°/s | Z:   -0.07°/s
X:   -0.07°/s | Y:    0.23°/s | Z:   -0.10°/s
X:   -0.14°/s | Y:    0.54°/s | Z:   -0.30°/s
X:   -0.58°/s | Y:    0.23°/s | Z:   -0.42°/s
X:   -0.67°/s | Y:    0.30°/s | Z:   -0.16°/s
X:   -0.51°/s | Y:    0.00°/s | Z:   -0.38°/s
X:   -4.41°/s | Y:    0.46°/s | Z:   -0.09°/s
X:   -0.51°/s | Y:    0.56°/s | Z:   -0.70°/s
X:   -0.17°/s | Y:    0.21°/s | Z:   -0.47°/s
X:   -0.60°/s | Y:    0.26°/s | Z:   -0.84°/s
X:   -1.03°/s | Y:    0.17°/s | Z:   -0.02°/s
X:   -0.56°/s | Y:   -0.10°/s | Z:   -0.56°/s
X:   -0.30°/s | Y:    0.38°/s | Z:   -0.21°/s
X:   -0.02°/s | Y:    0.05°/s | Z:   -0.30°/s
X:   -0.68°/s | Y:    0.19°/s | Z:   -0.54°/s
X:   -0.44°/s | Y:    0.30°/s | Z:   -0.91°/s
X:   -0.52°/s | Y:    0.04°/s | Z:   -0.21°/s
X:   -0.10°/s | Y:    0.10°/s | Z:   -0.44°/s
X:   -0.35°/s | Y:    0.09°/s | Z:   -0.91°/s
X:   -0.30°/s | Y:    0.52°/s | Z:   -0.12°/s
X:   -0.12°/s | Y:    0.35°/s | Z:   -0.07°/s
X:   -0.44°/s | Y:   -0.09°/s | Z:   -0.96°/s
X:   -0.61°/s | Y:    0.51°/s | Z:   -0.58°/s
X:   -0.93°/s | Y:    0.31°/s | Z:   -0.30°/s
X:   -0.54°/s | Y:    0.28°/s | Z:   -0.42°/s
X:   -0.28°/s | Y:    0.31°/s | Z:   -0.47°/s
X:   -0.37°/s | Y:    0.12°/s | Z:   -0.30°/s
X:   -0.25°/s | Y:    0.47°/s | Z:   -0.49°/s
X:   -0.16°/s | Y:    0.28°/s | Z:   -0.88°/s
X:   -0.28°/s | Y:    0.05°/s | Z:   -0.93°/s
X:   -0.42°/s | Y:    0.38°/s | Z:   -0.67°/s
X:   -0.30°/s | Y:    0.19°/s | Z:   -0.81°/s
X:   -0.19°/s | Y:    0.04°/s | Z:   -0.63°/s
X:   -0.38°/s | Y:    0.02°/s | Z:   -0.42°/s
X:   -0.65°/s | Y:    0.38°/s | Z:   -0.65°/s
X:   -0.07°/s | Y:    0.49°/s | Z:   -0.49°/s
X:   -0.56°/s | Y:   -0.02°/s | Z:    0.05°/s
X:   -0.40°/s | Y:   -0.02°/s | Z:   -0.56°/s
X:   -0.23°/s | Y:    0.33°/s | Z:   -0.42°/s
X:   -0.54°/s | Y:    0.37°/s | Z:   -0.19°/s
X:   -0.17°/s | Y:    0.00°/s | Z:   -0.38°/s
X:   -0.47°/s | Y:    0.38°/s | Z:   -0.09°/s
X:   -0.46°/s | Y:    0.35°/s | Z:   -0.42°/s
X:   -0.49°/s | Y:    0.10°/s | Z:   -0.33°/s
X:   -0.47°/s | Y:    0.17°/s | Z:   -0.33°/s
X:   -0.49°/s | Y:    0.28°/s | Z:   -1.07°/s
X:   -0.25°/s | Y:   -0.04°/s | Z:   -0.42°/s
X:   -0.16°/s | Y:    0.17°/s | Z:   -0.52°/s
X:   -0.47°/s | Y:    0.42°/s | Z:   -0.49°/s
X:   -0.49°/s | Y:    0.10°/s | Z:   -0.38°/s
X:   -0.51°/s | Y:    0.42°/s | Z:   -0.28°/s
X:   -0.37°/s | Y:    0.54°/s | Z:   -0.52°/s
X:   -0.23°/s | Y:    0.10°/s | Z:   -0.37°/s
X:   -0.31°/s | Y:   -4.25°/s | Z:   -0.17°/s
X:   -0.30°/s | Y:    0.00°/s | Z:   -0.28°/s
X:   -0.58°/s | Y:    0.56°/s | Z:   -0.56°/s
X:   -0.02°/s | Y:    0.17°/s | Z:   -0.40°/s
X:   -0.28°/s | Y:    0.30°/s | Z:   -0.49°/s
X:   -0.31°/s | Y:    0.02°/s | Z:   -0.58°/s
X:   -0.49°/s | Y:    0.23°/s | Z:   -0.25°/s
X:   -0.44°/s | Y:    0.51°/s | Z:   -0.40°/s
X:   -0.28°/s | Y:    0.14°/s | Z:   -0.51°/s
X:   -0.51°/s | Y:    0.40°/s | Z:   -1.28°/s
X:   -0.12°/s | Y:    0.35°/s | Z:   -0.44°/s
X:   -0.49°/s | Y:    0.23°/s | Z:   -0.51°/s
X:   -0.28°/s | Y:    0.09°/s | Z:   -0.49°/s
X:   -0.56°/s | Y:    0.21°/s | Z:   -0.63°/s
X:   -0.67°/s | Y:    0.65°/s | Z:   -0.82°/s
X:   -0.40°/s | Y:    0.31°/s | Z:    0.10°/s
X:   -0.42°/s | Y:    0.47°/s | Z:   -0.52°/s
X:   -0.26°/s | Y:    0.47°/s | Z:   -0.84°/s
X:   -0.21°/s | Y:    0.12°/s | Z:   -0.49°/s
X:   -0.28°/s | Y:    0.28°/s | Z:   -0.14°/s
X:   -4.39°/s | Y:    0.38°/s | Z:   -0.52°/s
X:   -0.38°/s | Y:    0.02°/s | Z:   -0.52°/s
X:   -0.40°/s | Y:    0.07°/s | Z:   -0.19°/s
X:   -0.49°/s | Y:    0.38°/s | Z:   -0.79°/s
X:   -0.40°/s | Y:    0.04°/s | Z:   -0.47°/s
X:   -0.49°/s | Y:    0.16°/s | Z:   -0.67°/s
X:   -0.30°/s | Y:    0.10°/s | Z:   -0.56°/s
X:   -0.52°/s | Y:    0.25°/s | Z:   -0.70°/s
X:   -0.40°/s | Y:    0.26°/s | Z:   -0.35°/s
X:   -0.25°/s | Y:   -0.25°/s | Z:   -0.33°/s
X:   -0.35°/s | Y:   -0.09°/s | Z:   -0.54°/s
X:   -0.25°/s | Y:    0.23°/s | Z:   -0.52°/s
X:   -0.12°/s | Y:    0.17°/s | Z:   -0.51°/s
X:   -0.40°/s | Y:    0.09°/s | Z:   -0.98°/s
X:   -0.40°/s | Y:   -0.09°/s | Z:   -0.42°/s
X:   -0.05°/s | Y:    0.30°/s | Z:   -1.12°/s
X:   -0.40°/s | Y:    0.46°/s | Z:   -0.44°/s
X:   -0.67°/s | Y:    0.44°/s | Z:   -0.75°/s
X:   -0.46°/s | Y:    0.14°/s | Z:   -0.82°/s
X:   -0.10°/s | Y:    0.33°/s | Z:   -0.63°/s
X:   -0.23°/s | Y:    0.82°/s | Z:   -0.33°/s
X:   -0.19°/s | Y:    0.31°/s | Z:   -0.30°/s
X:   -0.42°/s | Y:    0.49°/s | Z:   -1.00°/s
X:   -0.40°/s | Y:    0.54°/s | Z:   -0.74°/s
X:   -0.49°/s | Y:    0.33°/s | Z:   -0.25°/s
X:   -0.23°/s | Y:    0.28°/s | Z:   -0.21°/s
X:   -0.82°/s | Y:    0.19°/s | Z:   -0.33°/s
X:   -0.25°/s | Y:    0.40°/s | Z:   -0.75°/s
X:   -0.79°/s | Y:    0.56°/s | Z:   -0.28°/s
X:   -0.37°/s | Y:    0.46°/s | Z:   -0.67°/s
X:   -0.33°/s | Y:    0.46°/s | Z:    0.12°/s
X:   -0.07°/s | Y:    0.40°/s | Z:   -0.47°/s
X:   -0.23°/s | Y:    0.19°/s | Z:   -0.63°/s
X:   -0.10°/s | Y:   -0.04°/s | Z:   -0.47°/s
X:   -0.40°/s | Y:    0.72°/s | Z:   -0.26°/s
X:   -0.54°/s | Y:    0.16°/s | Z:   -0.88°/s
X:   -0.68°/s | Y:    0.60°/s | Z:   -0.60°/s
X:   -0.25°/s | Y:    0.63°/s | Z:   -0.82°/s
X:   -0.68°/s | Y:    0.72°/s | Z:   -0.40°/s
X:   -0.12°/s | Y:    0.14°/s | Z:   -0.30°/s
X:   -0.19°/s | Y:    0.44°/s | Z:   -0.28°/s
X:   -0.28°/s | Y:    0.02°/s | Z:   -0.38°/s
X:   -0.86°/s | Y:    0.07°/s | Z:   -0.19°/s
X:   -0.58°/s | Y:    0.60°/s | Z:   -0.54°/s
X:   -4.43°/s | Y:    0.21°/s | Z:   -0.93°/s
X:   -0.70°/s | Y:    0.52°/s | Z:   -0.31°/s
X:   -0.30°/s | Y:    0.37°/s | Z:   -0.19°/s
X:   -0.72°/s | Y:   -4.39°/s | Z:   -0.04°/s
X:   -0.28°/s | Y:    0.42°/s | Z:   -0.42°/s
X:   -0.46°/s | Y:    0.23°/s | Z:    4.39°/s
X:   -0.35°/s | Y:    0.28°/s | Z:   -0.07°/s
X:   -0.42°/s | Y:    0.38°/s | Z:   -0.58°/s
X:   -0.56°/s | Y:    0.21°/s | Z:   -0.63°/s
X:   -0.30°/s | Y:    0.35°/s | Z:    0.00°/s
X:   -0.54°/s | Y:    0.47°/s | Z:   -0.44°/s
X:   -0.52°/s | Y:    0.19°/s | Z:   -0.47°/s
X:    0.04°/s | Y:    0.16°/s | Z:    0.04°/s
X:   -0.42°/s | Y:    0.09°/s | Z:   -0.47°/s
X:   -0.30°/s | Y:    0.25°/s | Z:   -0.84°/s
X:   -0.09°/s | Y:   -0.25°/s | Z:   -0.07°/s
X:   -0.30°/s | Y:    0.04°/s | Z:    0.00°/s
X:   -0.31°/s | Y:    0.47°/s | Z:   -0.38°/s
X:   -0.52°/s | Y:    0.25°/s | Z:   -0.70°/s
X:   -0.12°/s | Y:    0.26°/s | Z:   -0.77°/s
X:   -0.30°/s | Y:    0.31°/s | Z:   -0.31°/s
X:   -0.35°/s | Y:    0.33°/s | Z:   -0.67°/s
X:   -0.12°/s | Y:    0.35°/s | Z:   -0.09°/s
X:   -0.47°/s | Y:    0.30°/s | Z:   -0.38°/s
X:    0.09°/s | Y:    0.44°/s | Z:   -0.33°/s
X:   -0.70°/s | Y:    0.51°/s | Z:   -0.63°/s
X:    0.12°/s | Y:    0.19°/s | Z:   -0.35°/s
X:   -0.37°/s | Y:    0.10°/s | Z:    0.04°/s
X:    0.10°/s | Y:    0.52°/s | Z:   -0.84°/s
X:   -0.33°/s | Y:    0.75°/s | Z:   -0.67°/s
X:   -0.28°/s | Y:    0.46°/s | Z:   -0.10°/s
X:   -0.28°/s | Y:    0.21°/s | Z:   -0.52°/s
X:   -0.40°/s | Y:    0.30°/s | Z:   -0.61°/s
X:   -0.46°/s | Y:    0.46°/s | Z:   -0.65°/s
X:   -0.25°/s | Y:    0.26°/s | Z:   -0.60°/s
X:   -0.42°/s | Y:   -0.09°/s | Z:   -0.52°/s
X:   -0.17°/s | Y:    0.38°/s | Z:   -0.51°/s
X:   -0.37°/s | Y:    0.26°/s | Z:   -0.21°/s
X:   -0.19°/s | Y:    0.79°/s | Z:   -0.82°/s
X:   -0.33°/s | Y:    0.54°/s | Z:   -0.35°/s
X:   -0.23°/s | Y:    0.19°/s | Z:   -0.25°/s
X:   -0.33°/s | Y:   -0.14°/s | Z:   -0.26°/s
X:   -4.38°/s | Y:    0.35°/s | Z:   -0.65°/s
X:    0.25°/s | Y:    0.23°/s | Z:   -0.88°/s
X:    0.00°/s | Y:   -0.10°/s | Z:   -0.65°/s
X:   -0.60°/s | Y:    0.46°/s | Z:   -0.40°/s
X:   -0.61°/s | Y:    0.49°/s | Z:   -0.88°/s
X:   -0.60°/s | Y:    0.26°/s | Z:   -0.89°/s
X:   -0.10°/s | Y:    0.61°/s | Z:   -0.33°/s
X:   -0.44°/s | Y:    0.09°/s | Z:   -0.28°/s
X:    0.04°/s | Y:    0.16°/s | Z:   -1.12°/s
X:   -0.44°/s | Y:    0.56°/s | Z:   -0.60°/s
X:   -0.42°/s | Y:    0.40°/s | Z:   -0.31°/s
X:   -0.54°/s | Y:    0.30°/s | Z:   -0.56°/s
X:   -0.33°/s | Y:    0.26°/s | Z:   -0.47°/s
X:   -0.16°/s | Y:    0.30°/s | Z:   -0.60°/s
X:   -0.35°/s | Y:    0.38°/s | Z:   -0.38°/s
X:   -0.14°/s | Y:    0.30°/s | Z:   -0.68°/s
X:   -0.07°/s | Y:    0.35°/s | Z:   -0.40°/s
X:   -0.10°/s | Y:    0.16°/s | Z:   -0.47°/s
X:   -0.14°/s | Y:    0.30°/s | Z:   -0.10°/s
X:   -0.54°/s | Y:    0.30°/s | Z:   -0.04°/s
X:   -0.56°/s | Y:    0.46°/s | Z:   -0.17°/s
X:   -0.42°/s | Y:    0.33°/s | Z:   -0.05°/s
X:   -0.44°/s | Y:    0.33°/s | Z:   -0.51°/s
X:   -0.54°/s | Y:    0.09°/s | Z:   -0.10°/s
X:   -0.56°/s | Y:    0.17°/s | Z:   -0.31°/s
X:   -0.07°/s | Y:    0.42°/s | Z:   -0.26°/s
X:   -0.26°/s | Y:    0.35°/s | Z:   -0.33°/s
X:   -0.25°/s | Y:    0.25°/s | Z:   -0.38°/s
X:    0.21°/s | Y:    0.56°/s | Z:   -0.61°/s
X:   -0.40°/s | Y:    0.52°/s | Z:   -0.61°/s
X:    0.04°/s | Y:    0.47°/s | Z:   -0.82°/s
X:   -0.35°/s | Y:    0.23°/s | Z:   -0.44°/s
X:   -0.23°/s | Y:    0.17°/s | Z:   -0.58°/s
X:   -0.14°/s | Y:   -0.10°/s | Z:   -0.93°/s
X:   -0.61°/s | Y:    0.26°/s | Z:   -0.49°/s
X:   -0.65°/s | Y:    0.49°/s | Z:   -1.01°/s
X:   -0.56°/s | Y:    0.31°/s | Z:   -0.74°/s
X:   -0.38°/s | Y:    0.61°/s | Z:   -0.49°/s
X:   -0.30°/s | Y:    0.30°/s | Z:   -0.26°/s
X:   -0.72°/s | Y:    0.23°/s | Z:   -0.88°/s
X:   -0.54°/s | Y:    0.14°/s | Z:   -0.12°/s
X:    0.05°/s | Y:    0.47°/s | Z:   -0.31°/s
X:   -0.31°/s | Y:    0.21°/s | Z:   -0.52°/s
X:   -0.49°/s | Y:    0.33°/s | Z:   -0.21°/s
X:   -0.49°/s | Y:    0.23°/s | Z:   -0.77°/s
X:   -0.16°/s | Y:    0.33°/s | Z:   -0.12°/s
X:   -0.60°/s | Y:    0.37°/s | Z:   -0.17°/s
X:   -0.33°/s | Y:    0.51°/s | Z:   -0.91°/s
X:   -0.12°/s | Y:    0.17°/s | Z:   -0.30°/s
X:   -0.46°/s | Y:    0.42°/s | Z:   -0.58°/s
X:   -0.26°/s | Y:   -0.02°/s | Z:   -0.49°/s
X:   -0.49°/s | Y:    0.51°/s | Z:   -0.31°/s
X:   -0.44°/s | Y:   -0.26°/s | Z:   -0.67°/s
X:   -0.38°/s | Y:    0.31°/s | Z:   -0.81°/s
X:   -0.60°/s | Y:    0.12°/s | Z:   -0.42°/s
X:   -0.05°/s | Y:    0.56°/s | Z:   -0.33°/s
X:   -0.74°/s | Y:    0.05°/s | Z:   -0.52°/s
X:   -0.54°/s | Y:    0.40°/s | Z:   -0.67°/s
X:   -0.17°/s | Y:    0.28°/s | Z:   -0.77°/s
X:   -0.40°/s | Y:    0.19°/s | Z:   -0.04°/s
X:   -0.38°/s | Y:    0.14°/s | Z:   -0.09°/s
X:   -0.37°/s | Y:   -0.47°/s | Z:   -0.70°/s
X:   -0.44°/s | Y:    0.12°/s | Z:    0.14°/s
X:   -0.19°/s | Y:    0.10°/s | Z:   -0.26°/s
X:   -0.67°/s | Y:    0.47°/s | Z:   -0.68°/s
X:   -0.49°/s | Y:    0.17°/s | Z:   -0.37°/s
X:   -0.51°/s | Y:   -0.07°/s | Z:   -0.61°/s
X:   -0.02°/s | Y:    0.65°/s | Z:   -0.10°/s

📊 Interrupt Stats (every 1000 loops / ~2.5s):
  Avg Cycles/Loop: 180000
  Loop Time: 2500.000μs
  Anomalies: 2
  CPU Usage: 0.10%
──────────────────────────────────────
X:   -0.28°/s | Y:    0.09°/s | Z:   -0.68°/s
X:   -0.31°/s | Y:    0.17°/s | Z:   -0.60°/s
X:   -0.44°/s | Y:    0.47°/s | Z:   -0.42°/s
X:   -0.49°/s | Y:   -0.05°/s | Z:   -0.51°/s
X:   -0.42°/s | Y:    0.38°/s | Z:   -0.49°/s
X:   -0.52°/s | Y:    0.52°/s | Z:   -0.21°/s
X:   -0.47°/s | Y:    0.42°/s | Z:   -0.23°/s
X:   -0.35°/s | Y:    0.23°/s | Z:   -0.93°/s
X:   -0.54°/s | Y:    0.04°/s | Z:   -0.37°/s
X:   -0.58°/s | Y:    0.21°/s | Z:   -0.63°/s
X:   -0.42°/s | Y:    0.37°/s | Z:    0.14°/s
X:   -0.38°/s | Y:    0.07°/s | Z:   -0.70°/s
X:   -0.42°/s | Y:    0.28°/s | Z:   -0.38°/s
X:   -0.30°/s | Y:    0.14°/s | Z:    0.05°/s
X:   -0.05°/s | Y:    0.14°/s | Z:   -0.65°/s
X:   -0.10°/s | Y:    0.35°/s | Z:   -0.17°/s
X:   -0.26°/s | Y:    0.31°/s | Z:   -0.63°/s
X:   -0.17°/s | Y:   -0.02°/s | Z:   -0.63°/s
X:   -0.31°/s | Y:    0.26°/s | Z:   -0.63°/s
X:   -0.74°/s | Y:    0.25°/s | Z:   -0.93°/s
X:   -0.47°/s | Y:    0.30°/s | Z:   -0.65°/s
X:   -0.42°/s | Y:    0.28°/s | Z:   -0.44°/s
X:   -0.33°/s | Y:    0.56°/s | Z:   -0.30°/s
X:   -0.67°/s | Y:    0.07°/s | Z:   -0.21°/s
X:   -0.47°/s | Y:    0.16°/s | Z:   -0.16°/s
X:   -0.04°/s | Y:    0.02°/s | Z:   -0.23°/s
X:   -0.60°/s | Y:    0.14°/s | Z:   -0.47°/s
X:   -0.28°/s | Y:    0.60°/s | Z:   -0.42°/s
X:   -0.21°/s | Y:    0.04°/s | Z:   -0.47°/s
X:   -0.38°/s | Y:    0.19°/s | Z:   -0.42°/s
X:   -0.38°/s | Y:    0.10°/s | Z:   -0.38°/s
X:    0.16°/s | Y:    0.16°/s | Z:   -0.46°/s
X:   -0.44°/s | Y:    0.35°/s | Z:   -0.37°/s
X:   -0.17°/s | Y:    0.30°/s | Z:   -0.56°/s
X:   -0.42°/s | Y:    0.12°/s | Z:   -0.86°/s
X:   -0.21°/s | Y:    0.04°/s | Z:   -0.46°/s
X:   -0.35°/s | Y:    0.47°/s | Z:   -0.04°/s
X:   -0.54°/s | Y:    0.42°/s | Z:   -0.49°/s
X:   -0.35°/s | Y:    0.37°/s | Z:   -0.44°/s
X:   -0.60°/s | Y:    0.33°/s | Z:   -0.44°/s
X:   -0.89°/s | Y:   -0.05°/s | Z:   -0.77°/s
X:    0.02°/s | Y:    0.44°/s | Z:   -0.70°/s
X:   -0.44°/s | Y:    0.60°/s | Z:   -0.51°/s
X:   -0.02°/s | Y:    0.16°/s | Z:   -1.09°/s
X:   -0.72°/s | Y:   -0.10°/s | Z:   -0.30°/s
X:   -0.54°/s | Y:    0.54°/s | Z:   -0.38°/s
X:   -0.47°/s | Y:   -0.10°/s | Z:   -0.44°/s
X:   -0.17°/s | Y:    0.56°/s | Z:   -0.49°/s
X:   -0.44°/s | Y:    0.51°/s | Z:   -0.33°/s
X:   -0.09°/s | Y:    0.26°/s | Z:   -0.88°/s
X:   -0.23°/s | Y:    0.49°/s | Z:   -0.38°/s
X:   -0.74°/s | Y:    0.05°/s | Z:   -0.79°/s
X:   -0.68°/s | Y:    0.14°/s | Z:   -0.93°/s
X:   -0.37°/s | Y:    0.35°/s | Z:   -0.51°/s
X:   -0.49°/s | Y:    0.72°/s | Z:   -0.42°/s
X:   -0.14°/s | Y:    0.21°/s | Z:   -0.51°/s
X:   -0.42°/s | Y:    0.35°/s | Z:   -0.37°/s
X:   -0.40°/s | Y:    0.42°/s | Z:   -0.26°/s
X:   -0.51°/s | Y:    0.14°/s | Z:   -0.40°/s
X:   -0.02°/s | Y:    0.37°/s | Z:   -0.52°/s
X:   -0.51°/s | Y:    0.38°/s | Z:   -0.61°/s
X:   -0.10°/s | Y:    0.23°/s | Z:   -0.81°/s
X:    0.09°/s | Y:    0.26°/s | Z:   -0.42°/s
X:   -0.25°/s | Y:    0.14°/s | Z:   -0.63°/s
X:   -0.16°/s | Y:    0.52°/s | Z:   -0.61°/s
X:   -0.81°/s | Y:    0.60°/s | Z:   -0.70°/s
X:   -0.19°/s | Y:    0.10°/s | Z:   -0.74°/s
X:   -0.49°/s | Y:    0.37°/s | Z:   -0.51°/s
X:   -0.19°/s | Y:    0.33°/s | Z:   -0.54°/s
X:   -0.12°/s | Y:    0.16°/s | Z:   -0.75°/s
X:   -0.81°/s | Y:    0.05°/s | Z:   -0.84°/s
X:   -0.23°/s | Y:    0.30°/s | Z:   -0.30°/s
X:   -0.37°/s | Y:    0.42°/s | Z:   -0.38°/s
X:   -0.35°/s | Y:    0.61°/s | Z:   -0.86°/s
X:   -0.25°/s | Y:    0.44°/s | Z:   -0.79°/s
X:   -0.19°/s | Y:    0.14°/s | Z:   -0.42°/s
X:   -0.31°/s | Y:    0.33°/s | Z:   -0.17°/s
X:   -4.38°/s | Y:    0.31°/s | Z:   -0.68°/s
X:   -0.56°/s | Y:   -0.31°/s | Z:   -0.42°/s
X:   -0.51°/s | Y:   -4.27°/s | Z:   -0.70°/s
X:   -0.19°/s | Y:    0.37°/s | Z:    0.09°/s
X:   -0.54°/s | Y:    0.47°/s | Z:   -0.68°/s
X:   -0.37°/s | Y:    0.26°/s | Z:   -0.72°/s
X:   -0.63°/s | Y:    0.31°/s | Z:   -0.72°/s
X:   -0.10°/s | Y:    0.38°/s | Z:   -0.79°/s
X:   -0.12°/s | Y:    0.42°/s | Z:   -0.49°/s
X:   -0.37°/s | Y:    0.54°/s | Z:   -0.07°/s
X:   -0.46°/s | Y:   -0.10°/s | Z:   -1.01°/s
X:   -0.19°/s | Y:    0.23°/s | Z:   -0.49°/s
X:   -0.31°/s | Y:    0.35°/s | Z:   -1.01°/s
X:   -0.42°/s | Y:    0.52°/s | Z:   -0.25°/s
X:   -0.28°/s | Y:    0.56°/s | Z:   -0.56°/s
X:   -0.47°/s | Y:    0.49°/s | Z:    0.04°/s
X:   -0.17°/s | Y:    0.17°/s | Z:   -0.04°/s
X:   -0.75°/s | Y:    0.40°/s | Z:   -0.56°/s
X:   -0.49°/s | Y:    0.40°/s | Z:   -0.09°/s
X:   -0.58°/s | Y:    0.38°/s | Z:   -0.68°/s
X:   -0.68°/s | Y:   -0.04°/s | Z:   -0.16°/s
X:   -0.30°/s | Y:    0.37°/s | Z:   -0.44°/s
X:   -0.38°/s | Y:    0.56°/s | Z:   -0.61°/s
X:    0.04°/s | Y:    0.25°/s | Z:   -0.70°/s
X:   -0.70°/s | Y:    4.39°/s | Z:   -0.93°/s
X:   -0.44°/s | Y:   -4.25°/s | Z:   -0.33°/s
X:   -0.25°/s | Y:    0.58°/s | Z:   -0.77°/s
X:   -0.37°/s | Y:    0.31°/s | Z:   -0.75°/s
X:   -0.02°/s | Y:    0.21°/s | Z:   -0.67°/s
X:   -0.63°/s | Y:    0.05°/s | Z:   -0.23°/s
X:   -0.30°/s | Y:    0.40°/s | Z:   -0.09°/s
X:   -0.31°/s | Y:    0.31°/s | Z:   -0.35°/s
X:   -0.49°/s | Y:    0.14°/s | Z:   -0.72°/s
X:   -0.19°/s | Y:    0.21°/s | Z:    0.10°/s
X:   -0.04°/s | Y:    0.30°/s | Z:   -0.70°/s
X:   -0.40°/s | Y:    0.16°/s | Z:   -0.26°/s
X:   -0.49°/s | Y:   -0.07°/s | Z:   -0.44°/s
X:   -0.65°/s | Y:    0.51°/s | Z:   -0.54°/s
X:   -0.30°/s | Y:    0.40°/s | Z:   -0.88°/s
X:   -0.31°/s | Y:    0.35°/s | Z:   -0.49°/s
X:   -0.68°/s | Y:    0.30°/s | Z:   -0.79°/s
X:   -0.23°/s | Y:    0.51°/s | Z:   -0.51°/s
X:   -0.52°/s | Y:    0.44°/s | Z:   -0.47°/s
X:   -0.54°/s | Y:    0.19°/s | Z:   -0.44°/s
X:   -0.28°/s | Y:    0.46°/s | Z:   -0.42°/s
X:   -0.58°/s | Y:    0.37°/s | Z:   -0.28°/s
X:   -0.52°/s | Y:    0.49°/s | Z:   -0.60°/s
X:   -0.25°/s | Y:    0.26°/s | Z:   -0.30°/s
X:   -0.12°/s | Y:    0.47°/s | Z:   -0.63°/s
X:   -0.47°/s | Y:    0.42°/s | Z:   -0.47°/s
X:   -0.58°/s | Y:    0.00°/s | Z:   -0.44°/s
X:   -0.12°/s | Y:    0.10°/s | Z:   -0.35°/s
X:   -0.05°/s | Y:   -0.10°/s | Z:   -0.10°/s
X:   -0.54°/s | Y:    0.31°/s | Z:   -0.91°/s
X:   -0.31°/s | Y:    0.44°/s | Z:   -0.33°/s
X:   -0.56°/s | Y:    0.40°/s | Z:   -0.72°/s
X:   -0.49°/s | Y:    0.47°/s | Z:   -0.42°/s
X:   -0.37°/s | Y:    0.26°/s | Z:   -0.52°/s
X:   -0.72°/s | Y:    0.42°/s | Z:   -0.31°/s
X:   -0.51°/s | Y:    0.16°/s | Z:   -0.37°/s
X:   -0.17°/s | Y:    0.28°/s | Z:   -0.37°/s
X:   -0.37°/s | Y:    0.14°/s | Z:   -0.70°/s
X:   -0.77°/s | Y:    0.07°/s | Z:   -0.49°/s
X:   -0.61°/s | Y:    0.42°/s | Z:   -0.81°/s
X:    0.04°/s | Y:    0.38°/s | Z:   -0.42°/s
X:   -0.19°/s | Y:    0.09°/s | Z:   -0.31°/s
X:   -0.68°/s | Y:    0.12°/s | Z:   -0.82°/s
X:   -0.31°/s | Y:    0.30°/s | Z:   -1.17°/s
X:   -0.33°/s | Y:    0.21°/s | Z:   -0.35°/s
X:   -0.07°/s | Y:    0.58°/s | Z:   -0.46°/s
X:   -0.67°/s | Y:    0.58°/s | Z:   -0.74°/s
X:   -0.35°/s | Y:    0.49°/s | Z:   -0.42°/s
X:   -0.65°/s | Y:   -0.44°/s | Z:   -0.51°/s
X:   -0.30°/s | Y:    0.35°/s | Z:   -0.84°/s
X:   -0.16°/s | Y:    0.38°/s | Z:   -0.60°/s
X:   -0.58°/s | Y:    0.42°/s | Z:   -0.05°/s
X:   -0.40°/s | Y:    0.44°/s | Z:   -0.46°/s
X:   -0.44°/s | Y:    0.52°/s | Z:   -0.26°/s
X:   -0.12°/s | Y:    0.17°/s | Z:   -0.72°/s
X:   -0.19°/s | Y:    0.14°/s | Z:   -0.51°/s
X:   -0.65°/s | Y:    0.19°/s | Z:   -0.68°/s
X:   -0.40°/s | Y:    0.56°/s | Z:   -0.09°/s
X:   -0.49°/s | Y:    0.10°/s | Z:   -0.75°/s
X:   -0.54°/s | Y:    0.02°/s | Z:   -0.56°/s
X:   -0.79°/s | Y:    0.38°/s | Z:   -0.51°/s
X:   -0.37°/s | Y:    0.49°/s | Z:   -0.42°/s
X:   -0.40°/s | Y:    0.09°/s | Z:   -0.61°/s
X:   -0.31°/s | Y:    0.54°/s | Z:   -0.56°/s
X:   -0.65°/s | Y:   -4.36°/s | Z:   -0.49°/s
X:   -0.26°/s | Y:    0.58°/s | Z:    0.07°/s
X:   -0.23°/s | Y:    0.79°/s | Z:   -0.56°/s
X:   -0.04°/s | Y:    0.04°/s | Z:   -0.21°/s
X:   -0.28°/s | Y:    0.30°/s | Z:   -1.00°/s
X:   -0.17°/s | Y:    0.28°/s | Z:    0.02°/s
X:   -0.81°/s | Y:    0.58°/s | Z:   -0.65°/s
X:   -0.82°/s | Y:    0.16°/s | Z:   -0.04°/s
X:   -0.77°/s | Y:    0.26°/s | Z:   -0.94°/s
X:   -0.46°/s | Y:    0.25°/s | Z:   -0.33°/s
X:   -0.19°/s | Y:    0.63°/s | Z:   -0.17°/s
X:   -0.26°/s | Y:    0.17°/s | Z:   -0.68°/s
X:   -0.35°/s | Y:    0.58°/s | Z:   -0.30°/s
X:   -0.31°/s | Y:   -0.25°/s | Z:   -0.60°/s
X:   -0.28°/s | Y:   -0.04°/s | Z:   -0.16°/s
X:   -0.10°/s | Y:    0.49°/s | Z:   -0.30°/s
X:   -0.23°/s | Y:    0.31°/s | Z:   -0.63°/s
X:   -0.47°/s | Y:    0.33°/s | Z:   -0.33°/s
X:   -0.79°/s | Y:    0.23°/s | Z:   -0.23°/s
X:   -0.37°/s | Y:   -0.02°/s | Z:   -0.56°/s
X:   -0.40°/s | Y:    0.56°/s | Z:   -0.38°/s
X:   -0.67°/s | Y:    0.61°/s | Z:   -0.91°/s
X:   -0.33°/s | Y:    0.23°/s | Z:   -0.19°/s
X:   -0.35°/s | Y:    0.07°/s | Z:   -0.75°/s
X:   -0.51°/s | Y:    0.19°/s | Z:   -0.70°/s
X:   -0.44°/s | Y:    0.60°/s | Z:   -0.91°/s
X:   -0.70°/s | Y:    0.33°/s | Z:   -0.37°/s
X:   -0.65°/s | Y:    0.00°/s | Z:   -0.65°/s
X:   -0.19°/s | Y:    0.31°/s | Z:   -0.65°/s
X:   -0.44°/s | Y:    0.70°/s | Z:   -0.30°/s
X:   -0.40°/s | Y:    0.10°/s | Z:   -0.38°/s
X:   -0.60°/s | Y:    0.93°/s | Z:   -0.49°/s
X:   -0.47°/s | Y:   -0.04°/s | Z:   -0.49°/s
X:   -0.23°/s | Y:    0.49°/s | Z:   -0.74°/s
X:   -0.42°/s | Y:    0.14°/s | Z:   -0.38°/s
X:   -0.26°/s | Y:    0.07°/s | Z:   -1.01°/s
X:   -0.54°/s | Y:    0.19°/s | Z:   -0.51°/s
X:   -0.35°/s | Y:    0.05°/s | Z:   -0.37°/s
X:   -0.28°/s | Y:    0.65°/s | Z:   -1.05°/s
X:   -0.21°/s | Y:    0.68°/s | Z:   -0.93°/s
X:   -0.67°/s | Y:    0.33°/s | Z:   -0.35°/s
X:   -0.74°/s | Y:    0.26°/s | Z:   -0.52°/s
X:   -0.54°/s | Y:    4.45°/s | Z:   -0.74°/s
X:   -0.88°/s | Y:    0.23°/s | Z:   -0.42°/s
X:   -0.47°/s | Y:    0.51°/s | Z:   -0.61°/s
X:   -0.26°/s | Y:   -0.12°/s | Z:   -0.30°/s
X:   -0.51°/s | Y:    0.40°/s | Z:   -0.33°/s
X:   -0.42°/s | Y:    0.12°/s | Z:   -1.29°/s
X:   -0.17°/s | Y:    0.40°/s | Z:    0.07°/s
X:   -0.23°/s | Y:    0.09°/s | Z:   -0.52°/s
X:   -0.79°/s | Y:    0.31°/s | Z:   -0.40°/s
X:   -0.33°/s | Y:    0.00°/s | Z:   -0.77°/s
X:   -0.16°/s | Y:    0.00°/s | Z:   -0.21°/s
X:   -0.28°/s | Y:    0.19°/s | Z:   -0.46°/s
X:   -0.52°/s | Y:    0.70°/s | Z:   -0.40°/s
X:   -0.51°/s | Y:    0.38°/s | Z:   -0.58°/s
X:   -0.67°/s | Y:    0.33°/s | Z:    0.04°/s
X:   -0.37°/s | Y:    0.46°/s | Z:   -0.38°/s
X:   -0.42°/s | Y:    0.47°/s | Z:   -0.10°/s
X:   -0.46°/s | Y:    0.30°/s | Z:   -0.61°/s
X:   -0.42°/s | Y:    0.33°/s | Z:   -0.58°/s
X:   -0.47°/s | Y:    0.28°/s | Z:   -0.31°/s
X:   -0.31°/s | Y:    0.31°/s | Z:   -0.42°/s
X:   -0.23°/s | Y:    0.46°/s | Z:   -0.25°/s
X:    0.19°/s | Y:    0.60°/s | Z:   -0.54°/s
X:   -0.67°/s | Y:    0.02°/s | Z:   -0.25°/s
X:   -0.47°/s | Y:    0.44°/s | Z:   -0.28°/s
X:   -0.35°/s | Y:    0.16°/s | Z:   -0.61°/s
X:   -0.12°/s | Y:    0.02°/s | Z:   -0.30°/s
X:   -0.56°/s | Y:    0.40°/s | Z:   -0.75°/s
X:   -0.44°/s | Y:   -0.16°/s | Z:   -0.65°/s
X:   -0.09°/s | Y:    0.33°/s | Z:   -0.10°/s
X:   -0.26°/s | Y:    0.58°/s | Z:   -0.56°/s
X:   -0.31°/s | Y:    0.47°/s | Z:   -0.25°/s
X:   -0.30°/s | Y:    0.05°/s | Z:   -0.26°/s
X:   -0.38°/s | Y:    0.35°/s | Z:   -0.82°/s
X:   -0.30°/s | Y:    0.61°/s | Z:   -0.49°/s
X:   -0.02°/s | Y:    0.68°/s | Z:   -0.58°/s
X:   -0.21°/s | Y:    0.21°/s | Z:   -0.35°/s
X:   -0.46°/s | Y:   -0.14°/s | Z:   -0.51°/s
X:   -0.31°/s | Y:    0.28°/s | Z:   -0.28°/s
X:   -0.72°/s | Y:    0.17°/s | Z:   -0.31°/s
X:   -0.28°/s | Y:    0.21°/s | Z:   -0.21°/s
X:   -0.58°/s | Y:   -0.14°/s | Z:   -0.28°/s
X:   -0.26°/s | Y:    0.17°/s | Z:   -1.10°/s

📊 Interrupt Stats (every 1000 loops / ~2.5s):
  Avg Cycles/Loop: 180000
  Loop Time: 2500.000μs
  Anomalies: 2
  CPU Usage: 0.10%
──────────────────────────────────────
X:   -0.25°/s | Y:    0.17°/s | Z:   -0.93°/s
X:   -0.31°/s | Y:    0.25°/s | Z:   -0.42°/s
X:   -0.23°/s | Y:    0.56°/s | Z:   -0.31°/s
X:   -0.19°/s | Y:   -0.17°/s | Z:   -0.02°/s
X:   -0.63°/s | Y:    0.23°/s | Z:   -0.63°/s
X:   -0.56°/s | Y:    0.63°/s | Z:   -0.38°/s
X:   -0.54°/s | Y:    0.14°/s | Z:   -0.05°/s
X:   -0.21°/s | Y:    0.26°/s | Z:   -0.77°/s
X:   -0.14°/s | Y:    0.37°/s | Z:   -0.02°/s
X:   -0.37°/s | Y:   -0.10°/s | Z:   -0.17°/s
X:   -0.56°/s | Y:    0.35°/s | Z:   -0.25°/s
X:   -0.52°/s | Y:    0.60°/s | Z:   -0.25°/s
X:    0.44°/s | Y:    0.26°/s | Z:   -0.91°/s
X:   -0.74°/s | Y:    0.44°/s | Z:   -0.72°/s
X:   -0.26°/s | Y:    0.38°/s | Z:    0.12°/s
X:   -0.49°/s | Y:    0.12°/s | Z:   -0.30°/s
X:   -0.63°/s | Y:    0.16°/s | Z:   -0.60°/s
X:   -0.67°/s | Y:    0.33°/s | Z:   -0.65°/s
X:   -0.56°/s | Y:    0.40°/s | Z:   -0.98°/s
X:   -0.46°/s | Y:    0.42°/s | Z:   -0.86°/s
X:   -0.30°/s | Y:    0.31°/s | Z:   -0.65°/s
X:   -0.28°/s | Y:    0.38°/s | Z:   -0.44°/s
X:   -0.12°/s | Y:    0.33°/s | Z:   -0.37°/s
X:   -0.37°/s | Y:    0.38°/s | Z:   -0.68°/s
X:   -0.40°/s | Y:    0.07°/s | Z:   -0.47°/s
X:   -0.54°/s | Y:    0.47°/s | Z:   -0.54°/s
X:   -0.67°/s | Y:    0.46°/s | Z:   -0.68°/s
X:    0.00°/s | Y:    0.28°/s | Z:   -0.65°/s
X:   -0.44°/s | Y:    0.26°/s | Z:   -0.44°/s
X:   -0.21°/s | Y:    0.12°/s | Z:   -0.21°/s
X:   -0.07°/s | Y:    0.07°/s | Z:   -0.70°/s
X:   -0.28°/s | Y:    0.04°/s | Z:   -0.38°/s
X:   -0.60°/s | Y:    0.17°/s | Z:   -0.17°/s
X:   -0.30°/s | Y:    0.44°/s | Z:   -0.25°/s
X:   -0.42°/s | Y:    0.56°/s | Z:   -0.51°/s
X:   -0.35°/s | Y:    0.05°/s | Z:   -0.40°/s
X:   -0.17°/s | Y:    0.25°/s | Z:   -0.70°/s
X:   -0.38°/s | Y:   -0.07°/s | Z:   -0.05°/s
X:   -0.23°/s | Y:    0.07°/s | Z:   -0.23°/s
X:   -0.25°/s | Y:    0.68°/s | Z:   -0.44°/s
X:    0.07°/s | Y:    0.35°/s | Z:    0.09°/s
X:    0.05°/s | Y:    0.42°/s | Z:   -0.65°/s
X:   -0.04°/s | Y:    0.07°/s | Z:   -0.40°/s
X:   -0.23°/s | Y:   -0.05°/s | Z:   -0.26°/s
X:   -0.63°/s | Y:   -0.12°/s | Z:   -0.46°/s
X:   -0.02°/s | Y:    0.49°/s | Z:   -0.16°/s
X:   -0.28°/s | Y:    0.28°/s | Z:   -0.56°/s
X:   -0.09°/s | Y:    0.46°/s | Z:   -0.74°/s
X:   -0.16°/s | Y:    0.40°/s | Z:   -0.86°/s
X:   -0.46°/s | Y:    0.25°/s | Z:   -0.60°/s
X:   -0.37°/s | Y:    0.19°/s | Z:   -0.60°/s
X:   -0.37°/s | Y:    0.37°/s | Z:   -0.25°/s
X:   -0.19°/s | Y:   -0.09°/s | Z:   -0.46°/s
X:   -0.58°/s | Y:    0.30°/s | Z:   -0.38°/s
X:   -0.42°/s | Y:    0.58°/s | Z:   -0.16°/s
X:   -0.04°/s | Y:    0.28°/s | Z:   -0.82°/s
X:   -0.23°/s | Y:    0.16°/s | Z:   -0.84°/s
X:   -0.51°/s | Y:    0.54°/s | Z:   -0.46°/s
X:   -0.42°/s | Y:   -0.05°/s | Z:   -0.67°/s
X:   -0.60°/s | Y:    0.40°/s | Z:   -0.30°/s
X:   -0.46°/s | Y:    0.23°/s | Z:   -0.30°/s
X:   -0.47°/s | Y:    0.61°/s | Z:   -0.96°/s
X:   -0.30°/s | Y:    0.42°/s | Z:   -1.17°/s
X:   -0.30°/s | Y:    0.38°/s | Z:   -0.74°/s
X:    0.05°/s | Y:    0.28°/s | Z:   -0.16°/s
X:   -0.31°/s | Y:    0.46°/s | Z:   -0.47°/s
X:   -0.17°/s | Y:    0.21°/s | Z:   -0.37°/s
X:   -0.14°/s | Y:    0.33°/s | Z:   -0.58°/s
X:   -0.46°/s | Y:    0.56°/s | Z:   -0.65°/s
X:   -0.19°/s | Y:    0.23°/s | Z:   -0.47°/s
X:   -0.14°/s | Y:    0.04°/s | Z:   -0.46°/s
X:   -0.58°/s | Y:    0.46°/s | Z:   -0.68°/s
X:   -0.67°/s | Y:    0.28°/s | Z:   -0.25°/s
X:   -0.35°/s | Y:    0.09°/s | Z:   -0.42°/s
X:   -0.68°/s | Y:   -0.02°/s | Z:   -0.75°/s
X:   -0.44°/s | Y:    0.49°/s | Z:   -0.25°/s
X:    0.07°/s | Y:    0.23°/s | Z:   -0.68°/s
X:   -0.12°/s | Y:    0.19°/s | Z:   -0.31°/s
X:   -0.14°/s | Y:    0.19°/s | Z:   -0.49°/s
X:   -0.67°/s | Y:    0.70°/s | Z:   -0.35°/s
X:   -0.35°/s | Y:    0.35°/s | Z:   -0.28°/s
X:   -0.02°/s | Y:    0.12°/s | Z:   -0.63°/s
X:   -0.60°/s | Y:    0.56°/s | Z:   -0.56°/s
X:   -0.40°/s | Y:    0.19°/s | Z:   -0.14°/s
X:   -0.63°/s | Y:    0.63°/s | Z:   -0.05°/s
X:    0.02°/s | Y:    0.51°/s | Z:   -0.46°/s
X:   -0.61°/s | Y:    0.54°/s | Z:   -0.33°/s
X:   -0.33°/s | Y:    0.26°/s | Z:   -0.84°/s
X:   -0.19°/s | Y:    0.10°/s | Z:   -0.81°/s
X:   -0.44°/s | Y:    0.40°/s | Z:   -0.30°/s
X:    0.10°/s | Y:    0.26°/s | Z:   -0.23°/s
X:   -0.74°/s | Y:    0.49°/s | Z:   -0.65°/s
X:   -0.52°/s | Y:    0.25°/s | Z:   -0.37°/s
X:   -0.26°/s | Y:    0.46°/s | Z:   -0.49°/s
X:   -0.67°/s | Y:    0.30°/s | Z:    0.05°/s
X:   -0.25°/s | Y:   -0.05°/s | Z:   -0.40°/s
X:   -0.30°/s | Y:    0.16°/s | Z:   -0.42°/s
X:   -0.26°/s | Y:    0.60°/s | Z:   -0.52°/s
X:   -0.09°/s | Y:    0.35°/s | Z:   -0.86°/s
X:   -0.16°/s | Y:   -0.02°/s | Z:   -0.82°/s
X:   -0.35°/s | Y:    0.23°/s | Z:   -0.61°/s
X:   -0.46°/s | Y:    0.26°/s | Z:   -0.49°/s
X:   -0.42°/s | Y:    0.04°/s | Z:   -0.33°/s
X:   -0.67°/s | Y:    0.21°/s | Z:   -0.49°/s
X:   -0.25°/s | Y:   -0.17°/s | Z:   -0.88°/s
X:   -0.68°/s | Y:    0.44°/s | Z:   -0.75°/s
X:   -0.75°/s | Y:    0.35°/s | Z:   -0.65°/s
X:   -0.63°/s | Y:    0.49°/s | Z:   -0.19°/s
X:   -0.61°/s | Y:    0.00°/s | Z:   -0.49°/s
X:   -0.52°/s | Y:    0.61°/s | Z:   -0.70°/s
X:   -0.52°/s | Y:    0.44°/s | Z:   -0.93°/s
X:   -0.42°/s | Y:    0.26°/s | Z:   -0.35°/s
X:   -0.61°/s | Y:    0.37°/s | Z:   -0.46°/s
X:   -0.58°/s | Y:    0.49°/s | Z:   -1.07°/s
X:   -0.30°/s | Y:    0.35°/s | Z:    0.04°/s
X:   -0.33°/s | Y:    0.37°/s | Z:   -0.74°/s
X:   -0.26°/s | Y:    0.47°/s | Z:   -0.74°/s
X:   -0.12°/s | Y:    0.10°/s | Z:   -0.61°/s
X:   -0.54°/s | Y:    0.72°/s | Z:    0.12°/s
X:   -0.33°/s | Y:    0.28°/s | Z:   -0.42°/s
X:   -0.05°/s | Y:   -0.10°/s | Z:   -0.10°/s
X:   -0.46°/s | Y:    0.47°/s | Z:   -0.58°/s
X:   -0.28°/s | Y:    0.04°/s | Z:   -0.67°/s
X:    4.22°/s | Y:    0.16°/s | Z:   -0.31°/s
X:   -0.46°/s | Y:    0.31°/s | Z:   -0.68°/s
X:   -0.26°/s | Y:    0.14°/s | Z:   -0.33°/s
X:   -0.19°/s | Y:    0.14°/s | Z:   -0.14°/s
X:   -0.54°/s | Y:    0.61°/s | Z:   -0.37°/s
X:   -0.35°/s | Y:    0.07°/s | Z:   -0.33°/s
X:   -0.51°/s | Y:   -0.09°/s | Z:   -0.82°/s
X:   -0.40°/s | Y:    0.23°/s | Z:   -0.02°/s
X:   -0.56°/s | Y:    0.23°/s | Z:   -0.82°/s
X:   -0.52°/s | Y:    0.38°/s | Z:   -0.79°/s
X:   -0.09°/s | Y:    0.16°/s | Z:   -0.38°/s
X:   -0.56°/s | Y:    0.51°/s | Z:   -0.38°/s
X:   -0.33°/s | Y:    0.16°/s | Z:   -0.49°/s
X:   -0.61°/s | Y:    0.84°/s | Z:    0.21°/s
X:   -0.21°/s | Y:    0.40°/s | Z:   -0.52°/s
X:   -0.77°/s | Y:   -0.16°/s | Z:   -0.75°/s
X:   -0.23°/s | Y:    0.05°/s | Z:   -0.65°/s
X:   -0.46°/s | Y:    0.28°/s | Z:   -0.30°/s
X:   -0.60°/s | Y:    0.17°/s | Z:   -0.23°/s
X:   -0.47°/s | Y:    0.49°/s | Z:   -0.60°/s
X:   -0.37°/s | Y:    0.26°/s | Z:   -0.14°/s
X:   -0.26°/s | Y:   -0.07°/s | Z:   -0.79°/s
X:   -0.09°/s | Y:    0.37°/s | Z:   -0.37°/s
X:   -0.30°/s | Y:    0.25°/s | Z:   -0.74°/s
X:   -0.33°/s | Y:    0.23°/s | Z:   -4.41°/s
X:    0.02°/s | Y:    0.46°/s | Z:   -0.68°/s
X:   -0.63°/s | Y:    0.38°/s | Z:   -0.05°/s
X:   -0.35°/s | Y:    0.05°/s | Z:    0.07°/s
X:   -0.42°/s | Y:    0.04°/s | Z:   -0.10°/s
X:   -0.84°/s | Y:    0.42°/s | Z:   -0.68°/s
X:   -0.30°/s | Y:    0.37°/s | Z:   -0.14°/s
X:   -0.40°/s | Y:    0.17°/s | Z:   -0.74°/s
X:   -0.75°/s | Y:    0.30°/s | Z:   -0.68°/s
X:   -0.52°/s | Y:    0.35°/s | Z:   -0.84°/s
X:   -0.46°/s | Y:    0.28°/s | Z:   -0.84°/s
X:   -0.54°/s | Y:    0.37°/s | Z:   -0.05°/s
X:   -0.10°/s | Y:    0.14°/s | Z:   -0.14°/s
X:   -0.04°/s | Y:    0.35°/s | Z:   -0.42°/s
X:   -0.14°/s | Y:    0.17°/s | Z:   -0.33°/s
X:   -0.67°/s | Y:    0.33°/s | Z:   -0.38°/s
X:   -0.04°/s | Y:    0.42°/s | Z:   -0.26°/s
X:    0.19°/s | Y:    0.42°/s | Z:   -0.54°/s
X:   -0.25°/s | Y:    0.09°/s | Z:   -0.47°/s
X:   -0.79°/s | Y:   -0.09°/s | Z:   -0.72°/s
X:   -0.84°/s | Y:    0.31°/s | Z:   -0.52°/s
X:   -0.46°/s | Y:    0.05°/s | Z:   -0.81°/s
X:   -0.17°/s | Y:    0.26°/s | Z:    0.33°/s
X:   -0.33°/s | Y:    0.35°/s | Z:   -0.54°/s
X:   -0.09°/s | Y:    0.52°/s | Z:   -0.75°/s
X:   -0.38°/s | Y:    0.16°/s | Z:   -0.07°/s
X:   -0.35°/s | Y:    0.16°/s | Z:   -0.81°/s
X:   -0.61°/s | Y:    0.25°/s | Z:   -0.82°/s
X:   -0.44°/s | Y:    0.10°/s | Z:   -0.42°/s
X:    0.04°/s | Y:    0.67°/s | Z:   -0.40°/s
X:   -0.14°/s | Y:    0.38°/s | Z:   -0.35°/s
X:   -0.21°/s | Y:    0.28°/s | Z:   -0.46°/s
X:   -0.47°/s | Y:    0.31°/s | Z:   -0.19°/s
X:   -0.33°/s | Y:    0.17°/s | Z:   -0.49°/s
X:   -0.38°/s | Y:    0.47°/s | Z:   -0.91°/s
X:   -0.40°/s | Y:    0.30°/s | Z:   -0.60°/s
X:    0.26°/s | Y:    0.42°/s | Z:   -0.07°/s
X:   -0.37°/s | Y:    0.47°/s | Z:   -0.81°/s
X:   -0.28°/s | Y:   -0.10°/s | Z:   -0.17°/s
X:   -0.37°/s | Y:    0.42°/s | Z:   -0.67°/s
X:   -0.46°/s | Y:    0.09°/s | Z:   -0.52°/s
X:   -0.25°/s | Y:    0.44°/s | Z:   -0.79°/s
X:   -0.12°/s | Y:   -0.04°/s | Z:   -0.23°/s
X:   -0.30°/s | Y:    0.74°/s | Z:   -0.31°/s
X:   -0.37°/s | Y:    0.21°/s | Z:   -0.46°/s
X:   -0.42°/s | Y:    0.44°/s | Z:   -0.67°/s
X:   -0.46°/s | Y:    0.38°/s | Z:   -0.44°/s
X:    0.30°/s | Y:    0.16°/s | Z:   -0.07°/s
X:   -0.47°/s | Y:    0.38°/s | Z:   -0.42°/s
X:   -0.31°/s | Y:    0.07°/s | Z:   -0.17°/s
X:    0.04°/s | Y:    0.10°/s | Z:   -0.31°/s
X:   -0.44°/s | Y:    0.38°/s | Z:   -0.31°/s
X:   -0.67°/s | Y:    0.31°/s | Z:    0.07°/s
X:   -0.16°/s | Y:    0.26°/s | Z:   -1.07°/s
X:   -0.56°/s | Y:    0.37°/s | Z:   -0.42°/s
X:   -0.63°/s | Y:    0.23°/s | Z:   -0.56°/s
X:   -0.23°/s | Y:    0.38°/s | Z:   -0.12°/s
X:   -0.26°/s | Y:    0.28°/s | Z:   -0.65°/s
X:   -0.42°/s | Y:    0.33°/s | Z:    0.07°/s
X:    4.45°/s | Y:    0.47°/s | Z:   -0.47°/s
X:   -0.23°/s | Y:    0.44°/s | Z:    0.30°/s
X:   -0.31°/s | Y:    0.23°/s | Z:   -0.44°/s
X:   -0.46°/s | Y:    0.58°/s | Z:   -0.31°/s
X:   -0.61°/s | Y:    0.14°/s | Z:   -0.74°/s
X:   -0.30°/s | Y:    0.19°/s | Z:   -0.09°/s
X:   -0.30°/s | Y:    0.56°/s | Z:   -0.35°/s
X:   -0.37°/s | Y:    0.21°/s | Z:   -0.60°/s
X:   -0.12°/s | Y:    0.16°/s | Z:   -0.63°/s
X:   -0.21°/s | Y:   -0.02°/s | Z:   -0.54°/s
X:   -0.37°/s | Y:    0.26°/s | Z:    0.09°/s
X:   -0.19°/s | Y:    0.56°/s | Z:   -0.67°/s
X:   -0.12°/s | Y:    0.33°/s | Z:   -0.60°/s
X:   -0.30°/s | Y:    0.67°/s | Z:   -0.38°/s
X:   -0.47°/s | Y:    0.54°/s | Z:   -0.17°/s
X:   -0.58°/s | Y:    0.35°/s | Z:   -0.37°/s
X:   -0.51°/s | Y:    0.23°/s | Z:   -0.46°/s
X:   -0.58°/s | Y:   -0.09°/s | Z:   -0.75°/s
X:   -0.38°/s | Y:    0.44°/s | Z:   -0.26°/s
X:   -0.10°/s | Y:    0.12°/s | Z:   -0.44°/s
X:   -0.68°/s | Y:    0.35°/s | Z:   -0.28°/s
X:   -0.40°/s | Y:    0.49°/s | Z:   -0.30°/s
X:   -0.44°/s | Y:    0.12°/s | Z:   -0.58°/s
X:   -0.37°/s | Y:   -4.39°/s | Z:   -0.19°/s
X:   -0.16°/s | Y:   -0.02°/s | Z:   -0.31°/s
X:   -0.52°/s | Y:    0.04°/s | Z:   -0.75°/s
X:   -0.46°/s | Y:    0.35°/s | Z:   -0.56°/s
X:   -0.44°/s | Y:   -0.05°/s | Z:   -0.04°/s
X:   -0.49°/s | Y:   -0.05°/s | Z:   -0.61°/s
X:   -0.46°/s | Y:    0.30°/s | Z:   -0.63°/s
X:   -0.61°/s | Y:    0.44°/s | Z:    0.16°/s
X:   -0.67°/s | Y:    0.02°/s | Z:   -0.30°/s
X:   -0.40°/s | Y:    0.31°/s | Z:   -0.47°/s
X:   -0.42°/s | Y:    0.61°/s | Z:   -0.42°/s
X:   -0.77°/s | Y:    0.56°/s | Z:   -0.74°/s
X:   -0.21°/s | Y:    0.26°/s | Z:   -0.19°/s
X:   -0.19°/s | Y:    0.47°/s | Z:   -0.19°/s
X:   -0.42°/s | Y:   -0.12°/s | Z:   -0.40°/s
X:   -0.07°/s | Y:    0.30°/s | Z:   -0.81°/s
X:   -0.49°/s | Y:    0.52°/s | Z:    0.16°/s
X:   -0.37°/s | Y:    0.61°/s | Z:   -0.42°/s
X:   -0.44°/s | Y:    0.60°/s | Z:   -0.81°/s
X:   -0.38°/s | Y:    0.84°/s | Z:   -0.51°/s
X:   -0.40°/s | Y:    0.38°/s | Z:   -0.96°/s

📊 Interrupt Stats (every 1000 loops / ~2.5s):
  Avg Cycles/Loop: 180000
  Loop Time: 2500.000μs
  Anomalies: 2
  CPU Usage: 0.10%
──────────────────────────────────────
X:   -0.40°/s | Y:    0.35°/s | Z:   -0.42°/s
X:    0.21°/s | Y:    0.14°/s | Z:   -0.63°/s
X:   -0.37°/s | Y:    0.37°/s | Z:   -0.60°/s
X:   -0.52°/s | Y:    0.25°/s | Z:   -0.44°/s
X:   -0.40°/s | Y:   -0.02°/s | Z:   -0.46°/s
X:   -0.56°/s | Y:    0.33°/s | Z:   -0.46°/s
X:   -0.16°/s | Y:    0.17°/s | Z:   -0.40°/s
X:   -0.75°/s | Y:    0.31°/s | Z:   -0.42°/s
X:   -0.49°/s | Y:    0.16°/s | Z:   -0.67°/s
X:   -0.12°/s | Y:    0.25°/s | Z:   -0.23°/s
X:   -0.63°/s | Y:    0.65°/s | Z:   -0.40°/s
X:   -0.26°/s | Y:    0.19°/s | Z:   -0.31°/s
X:   -0.31°/s | Y:    0.56°/s | Z:   -0.46°/s
X:   -0.28°/s | Y:    0.04°/s | Z:   -0.21°/s
X:   -0.42°/s | Y:    0.46°/s | Z:   -0.63°/s
X:   -0.96°/s | Y:    0.47°/s | Z:   -0.37°/s
X:    0.00°/s | Y:    0.09°/s | Z:   -0.72°/s
X:   -0.46°/s | Y:    0.58°/s | Z:   -0.26°/s
X:   -0.91°/s | Y:    0.23°/s | Z:   -0.68°/s
X:   -0.26°/s | Y:    0.47°/s | Z:   -0.46°/s
X:   -0.37°/s | Y:    0.60°/s | Z:   -0.72°/s
X:   -0.44°/s | Y:    0.28°/s | Z:   -0.26°/s
X:   -0.67°/s | Y:    0.49°/s | Z:   -0.46°/s
X:   -0.10°/s | Y:    0.63°/s | Z:   -0.75°/s
X:   -0.49°/s | Y:    0.28°/s | Z:   -0.37°/s
X:   -0.37°/s | Y:    0.49°/s | Z:   -0.86°/s
X:   -0.31°/s | Y:    0.33°/s | Z:   -0.05°/s
X:   -0.26°/s | Y:    0.26°/s | Z:   -0.31°/s
X:   -0.28°/s | Y:    0.25°/s | Z:   -0.63°/s
X:   -0.17°/s | Y:    0.14°/s | Z:   -0.70°/s
X:   -0.40°/s | Y:    0.33°/s | Z:   -0.70°/s
X:   -0.28°/s | Y:    0.67°/s | Z:   -0.23°/s
X:   -0.33°/s | Y:    0.14°/s | Z:   -0.52°/s
X:   -0.79°/s | Y:    0.19°/s | Z:   -0.61°/s
X:   -0.56°/s | Y:    0.21°/s | Z:   -0.38°/s
X:   -0.21°/s | Y:    0.58°/s | Z:   -0.89°/s
X:    0.16°/s | Y:    0.25°/s | Z:   -0.49°/s
X:   -0.33°/s | Y:    0.26°/s | Z:   -0.21°/s
X:   -0.60°/s | Y:    0.07°/s | Z:   -0.05°/s
X:   -0.47°/s | Y:   -0.12°/s | Z:   -0.31°/s
X:   -0.12°/s | Y:    0.49°/s | Z:   -0.60°/s
X:   -0.47°/s | Y:    0.17°/s | Z:   -0.02°/s
X:   -0.30°/s | Y:    0.28°/s | Z:   -0.14°/s
X:   -0.05°/s | Y:    0.19°/s | Z:   -0.35°/s
X:   -0.42°/s | Y:    0.30°/s | Z:   -0.60°/s
X:   -0.35°/s | Y:    0.46°/s | Z:   -0.63°/s
X:   -0.44°/s | Y:    0.19°/s | Z:   -0.46°/s
X:   -0.17°/s | Y:    0.28°/s | Z:   -0.38°/s
X:   -0.30°/s | Y:    0.23°/s | Z:   -0.17°/s
X:   -0.33°/s | Y:    0.35°/s | Z:   -0.52°/s
X:   -0.81°/s | Y:    0.31°/s | Z:   -0.17°/s
X:   -0.54°/s | Y:    0.37°/s | Z:   -0.94°/s
X:   -0.54°/s | Y:    0.16°/s | Z:   -0.98°/s
X:   -0.37°/s | Y:   -0.04°/s | Z:   -0.65°/s
X:   -0.25°/s | Y:    0.16°/s | Z:   -1.19°/s
X:   -0.05°/s | Y:    0.07°/s | Z:   -0.35°/s
X:   -0.38°/s | Y:    0.44°/s | Z:    0.00°/s
X:   -0.16°/s | Y:    0.38°/s | Z:   -0.60°/s
X:   -0.40°/s | Y:    0.38°/s | Z:   -0.05°/s
X:   -0.30°/s | Y:    0.31°/s | Z:   -0.67°/s
X:   -0.42°/s | Y:    0.16°/s | Z:   -0.52°/s
X:   -4.16°/s | Y:    0.14°/s | Z:   -0.65°/s
X:   -0.52°/s | Y:    0.28°/s | Z:   -0.37°/s
X:   -0.30°/s | Y:    0.05°/s | Z:   -0.37°/s
X:   -0.26°/s | Y:    4.11°/s | Z:   -0.65°/s
X:   -0.17°/s | Y:   -0.16°/s | Z:   -0.77°/s
X:   -0.12°/s | Y:    0.14°/s | Z:   -0.68°/s
X:   -0.49°/s | Y:    0.16°/s | Z:   -0.30°/s
X:   -0.56°/s | Y:    0.33°/s | Z:   -0.42°/s
X:   -0.19°/s | Y:    0.30°/s | Z:   -0.79°/s
X:   -0.49°/s | Y:    0.58°/s | Z:   -0.72°/s
X:   -0.72°/s | Y:    0.23°/s | Z:   -0.60°/s
X:   -0.42°/s | Y:    0.25°/s | Z:   -0.38°/s
X:   -0.74°/s | Y:    0.51°/s | Z:   -0.52°/s
X:   -0.60°/s | Y:    0.33°/s | Z:   -0.82°/s
X:   -0.96°/s | Y:    0.16°/s | Z:   -0.31°/s
X:   -0.26°/s | Y:    0.42°/s | Z:   -0.44°/s
X:   -0.37°/s | Y:    0.46°/s | Z:   -0.35°/s
X:   -0.63°/s | Y:    0.30°/s | Z:   -0.37°/s
X:   -0.47°/s | Y:    0.51°/s | Z:   -0.56°/s
X:   -0.42°/s | Y:    0.23°/s | Z:   -0.72°/s
X:   -0.46°/s | Y:   -0.14°/s | Z:   -0.37°/s
X:   -0.30°/s | Y:    0.26°/s | Z:   -0.65°/s
X:   -0.30°/s | Y:    0.47°/s | Z:   -1.10°/s
X:    4.38°/s | Y:   -0.04°/s | Z:   -0.81°/s
X:   -0.46°/s | Y:    0.14°/s | Z:   -0.79°/s
X:   -0.77°/s | Y:    0.19°/s | Z:   -0.81°/s
X:   -0.12°/s | Y:    0.38°/s | Z:   -0.49°/s
X:    0.00°/s | Y:    0.42°/s | Z:   -0.16°/s
X:   -0.38°/s | Y:    0.72°/s | Z:   -0.10°/s
X:   -0.26°/s | Y:    0.49°/s | Z:   -0.44°/s
X:   -0.10°/s | Y:    0.26°/s | Z:   -0.94°/s
X:   -0.81°/s | Y:    0.38°/s | Z:   -0.46°/s
X:   -0.70°/s | Y:    0.00°/s | Z:   -0.33°/s
X:   -0.16°/s | Y:    0.40°/s | Z:    0.04°/s
X:   -0.42°/s | Y:    0.30°/s | Z:   -0.25°/s
X:   -0.23°/s | Y:    0.21°/s | Z:   -0.19°/s
X:   -0.10°/s | Y:    0.12°/s | Z:   -0.33°/s
X:   -0.46°/s | Y:    0.33°/s | Z:   -0.54°/s
X:   -0.67°/s | Y:    0.30°/s | Z:   -0.58°/s
X:   -0.26°/s | Y:    0.40°/s | Z:    0.07°/s
X:   -0.46°/s | Y:    0.00°/s | Z:   -0.25°/s
X:   -0.31°/s | Y:    0.19°/s | Z:   -0.58°/s
X:   -0.17°/s | Y:    0.26°/s | Z:   -0.77°/s
X:   -0.68°/s | Y:    0.46°/s | Z:   -0.70°/s
X:   -0.54°/s | Y:    0.56°/s | Z:   -0.40°/s
X:   -0.35°/s | Y:    0.26°/s | Z:   -0.19°/s
X:   -0.35°/s | Y:    0.28°/s | Z:   -0.38°/s
X:    0.10°/s | Y:    0.58°/s | Z:   -0.81°/s
X:   -0.04°/s | Y:    0.51°/s | Z:   -0.28°/s
X:   -0.35°/s | Y:   -0.07°/s | Z:   -0.68°/s
X:   -0.38°/s | Y:    0.26°/s | Z:    4.38°/s
X:   -0.77°/s | Y:    0.42°/s | Z:   -0.52°/s
X:   -0.09°/s | Y:    0.10°/s | Z:   -0.63°/s
X:   -0.37°/s | Y:    0.12°/s | Z:   -0.91°/s
X:   -0.38°/s | Y:    0.37°/s | Z:   -0.67°/s
X:   -0.25°/s | Y:   -0.10°/s | Z:   -0.23°/s
X:   -0.42°/s | Y:    0.14°/s | Z:   -0.31°/s
X:   -0.17°/s | Y:    0.26°/s | Z:   -0.17°/s
X:   -0.46°/s | Y:    0.16°/s | Z:   -0.47°/s
X:   -0.23°/s | Y:    0.31°/s | Z:   -0.44°/s
X:   -0.68°/s | Y:    0.51°/s | Z:   -0.54°/s
X:   -0.38°/s | Y:    0.47°/s | Z:   -0.31°/s
X:   -0.25°/s | Y:    0.44°/s | Z:   -0.60°/s
X:   -0.44°/s | Y:    0.09°/s | Z:   -0.10°/s
X:   -0.17°/s | Y:    0.65°/s | Z:   -0.67°/s
X:   -0.65°/s | Y:    0.56°/s | Z:   -0.72°/s
X:   -0.58°/s | Y:    0.17°/s | Z:   -0.42°/s
X:   -0.68°/s | Y:    0.14°/s | Z:   -1.15°/s
X:   -0.31°/s | Y:    0.42°/s | Z:    0.04°/s
X:   -0.05°/s | Y:    0.33°/s | Z:   -0.23°/s
X:   -0.46°/s | Y:    0.42°/s | Z:   -0.30°/s
X:   -0.74°/s | Y:    0.17°/s | Z:   -0.52°/s
X:   -0.35°/s | Y:    0.40°/s | Z:   -1.00°/s
X:   -0.26°/s | Y:   -0.09°/s | Z:   -0.56°/s
X:   -0.14°/s | Y:    0.21°/s | Z:   -0.88°/s
X:   -0.44°/s | Y:    0.56°/s | Z:   -0.61°/s
X:   -0.47°/s | Y:    0.21°/s | Z:   -0.72°/s
X:   -0.19°/s | Y:    0.35°/s | Z:   -0.33°/s
X:   -0.12°/s | Y:    0.51°/s | Z:   -0.37°/s
X:   -0.72°/s | Y:    0.26°/s | Z:   -0.49°/s
X:   -0.21°/s | Y:    0.14°/s | Z:   -0.44°/s
X:   -0.19°/s | Y:    0.52°/s | Z:   -0.23°/s
X:   -0.28°/s | Y:    0.38°/s | Z:   -0.79°/s
X:   -0.19°/s | Y:    0.16°/s | Z:   -0.46°/s
X:   -0.33°/s | Y:    0.63°/s | Z:   -0.46°/s
X:   -0.77°/s | Y:    0.00°/s | Z:   -0.67°/s
X:   -0.40°/s | Y:    0.25°/s | Z:   -0.88°/s
X:    0.04°/s | Y:    0.04°/s | Z:   -0.79°/s
X:   -0.33°/s | Y:    0.19°/s | Z:   -0.54°/s
X:   -0.30°/s | Y:   -0.04°/s | Z:   -0.63°/s
X:   -0.33°/s | Y:    0.17°/s | Z:   -1.03°/s
X:    0.00°/s | Y:    4.43°/s | Z:   -0.37°/s
X:    0.17°/s | Y:    4.36°/s | Z:   -0.54°/s
X:   -0.79°/s | Y:    0.21°/s | Z:   -0.38°/s
X:   -0.17°/s | Y:    0.44°/s | Z:   -0.31°/s
X:   -0.33°/s | Y:    0.68°/s | Z:   -1.01°/s
X:   -0.42°/s | Y:    0.19°/s | Z:   -0.82°/s
X:   -0.46°/s | Y:    0.31°/s | Z:   -0.75°/s
X:   -0.10°/s | Y:    0.33°/s | Z:   -0.42°/s
X:   -0.28°/s | Y:    0.09°/s | Z:   -0.38°/s
X:   -0.19°/s | Y:    0.17°/s | Z:   -0.46°/s
X:    0.40°/s | Y:   -0.31°/s | Z:   -0.33°/s
X:    0.10°/s | Y:    0.25°/s | Z:   -1.07°/s
X:   -0.35°/s | Y:    0.14°/s | Z:   -0.63°/s
X:   -0.21°/s | Y:    0.23°/s | Z:   -0.42°/s
X:    0.02°/s | Y:   -0.21°/s | Z:   -0.38°/s
X:   -0.37°/s | Y:    0.51°/s | Z:   -1.00°/s
X:   -0.61°/s | Y:    0.25°/s | Z:   -0.35°/s
X:   -0.44°/s | Y:    0.21°/s | Z:   -0.26°/s
X:   -0.91°/s | Y:    0.79°/s | Z:   -0.17°/s
X:   -0.40°/s | Y:    0.52°/s | Z:   -0.67°/s
X:   -0.21°/s | Y:   -0.28°/s | Z:   -0.61°/s
X:   -0.37°/s | Y:    0.07°/s | Z:   -0.89°/s
X:   -0.26°/s | Y:    0.21°/s | Z:   -0.25°/s
X:    0.09°/s | Y:    0.58°/s | Z:   -0.26°/s
X:   -0.16°/s | Y:    0.26°/s | Z:   -0.70°/s
X:   -0.47°/s | Y:    0.33°/s | Z:   -1.14°/s
X:   -0.44°/s | Y:    0.25°/s | Z:   -0.58°/s
X:   -0.40°/s | Y:    0.46°/s | Z:   -0.63°/s
X:   -0.54°/s | Y:    0.28°/s | Z:   -0.89°/s
X:   -0.14°/s | Y:    0.67°/s | Z:   -0.30°/s
X:   -0.37°/s | Y:    0.35°/s | Z:   -0.31°/s
X:    0.02°/s | Y:    0.26°/s | Z:   -0.60°/s
X:   -0.56°/s | Y:    0.31°/s | Z:   -0.96°/s
X:   -0.77°/s | Y:    0.38°/s | Z:   -0.37°/s
X:   -0.54°/s | Y:    0.21°/s | Z:   -0.16°/s
X:   -0.25°/s | Y:    0.14°/s | Z:   -0.79°/s
X:    0.00°/s | Y:    0.04°/s | Z:   -0.81°/s
X:   -0.38°/s | Y:    0.33°/s | Z:   -0.61°/s
X:   -0.52°/s | Y:    0.33°/s | Z:    0.05°/s
X:   -0.65°/s | Y:    0.37°/s | Z:   -0.25°/s
X:   -0.17°/s | Y:    0.46°/s | Z:   -0.58°/s
X:   -0.44°/s | Y:    0.17°/s | Z:   -0.31°/s
X:   -0.49°/s | Y:    0.33°/s | Z:    0.04°/s
X:   -0.23°/s | Y:    0.38°/s | Z:   -0.44°/s
X:   -0.44°/s | Y:    0.42°/s | Z:   -0.60°/s
X:    0.05°/s | Y:    0.09°/s | Z:   -0.77°/s
X:   -0.19°/s | Y:    0.42°/s | Z:    0.28°/s
X:   -0.16°/s | Y:   -0.05°/s | Z:   -0.60°/s
X:   -0.19°/s | Y:    0.51°/s | Z:   -0.96°/s
X:   -0.40°/s | Y:    0.12°/s | Z:   -0.67°/s
X:   -0.17°/s | Y:    0.19°/s | Z:   -0.54°/s
X:   -0.60°/s | Y:    0.30°/s | Z:   -0.19°/s
X:   -0.61°/s | Y:    0.44°/s | Z:    0.10°/s
X:   -0.23°/s | Y:    0.31°/s | Z:   -0.47°/s
X:   -0.30°/s | Y:    0.46°/s | Z:   -0.38°/s
X:   -0.23°/s | Y:    0.52°/s | Z:   -0.60°/s
X:   -0.28°/s | Y:    0.07°/s | Z:   -0.30°/s
X:   -0.49°/s | Y:    0.04°/s | Z:   -0.74°/s
X:   -0.16°/s | Y:    0.16°/s | Z:   -0.70°/s
X:   -0.70°/s | Y:    0.49°/s | Z:    0.00°/s
X:   -0.51°/s | Y:    0.56°/s | Z:   -0.52°/s
X:   -0.35°/s | Y:    0.46°/s | Z:   -0.40°/s
X:   -0.28°/s | Y:    0.47°/s | Z:   -0.49°/s
X:   -0.54°/s | Y:   -0.04°/s | Z:   -0.65°/s
X:   -0.16°/s | Y:    0.46°/s | Z:    0.14°/s
X:   -0.65°/s | Y:    0.49°/s | Z:   -0.30°/s
X:   -0.23°/s | Y:    0.44°/s | Z:   -0.67°/s
X:   -0.75°/s | Y:    0.51°/s | Z:   -0.40°/s
X:   -0.31°/s | Y:    0.74°/s | Z:   -0.60°/s
X:   -0.35°/s | Y:    0.42°/s | Z:   -0.28°/s
X:   -0.16°/s | Y:    0.33°/s | Z:   -0.49°/s
X:   -0.05°/s | Y:    0.31°/s | Z:   -0.47°/s
X:   -0.19°/s | Y:    0.42°/s | Z:   -0.56°/s
X:   -0.35°/s | Y:    0.30°/s | Z:   -0.25°/s
X:   -0.14°/s | Y:    0.67°/s | Z:   -0.47°/s
X:   -0.35°/s | Y:   -0.05°/s | Z:   -0.72°/s
X:   -0.10°/s | Y:    0.42°/s | Z:   -0.46°/s
X:   -0.44°/s | Y:    0.16°/s | Z:   -0.21°/s
X:   -0.21°/s | Y:   -0.05°/s | Z:   -0.16°/s
X:   -0.28°/s | Y:    0.38°/s | Z:   -0.38°/s
X:   -0.35°/s | Y:    0.31°/s | Z:   -0.40°/s
X:   -0.40°/s | Y:    0.30°/s | Z:   -0.44°/s
X:    0.02°/s | Y:    0.30°/s | Z:   -0.82°/s
X:   -0.46°/s | Y:    0.31°/s | Z:   -0.31°/s
X:   -0.72°/s | Y:    0.26°/s | Z:    0.00°/s
X:   -0.49°/s | Y:    0.28°/s | Z:    4.38°/s
X:   -0.38°/s | Y:    0.14°/s | Z:   -0.74°/s
X:   -0.07°/s | Y:    0.12°/s | Z:   -0.30°/s
X:   -0.44°/s | Y:   -0.05°/s | Z:   -0.54°/s
X:   -0.16°/s | Y:    0.31°/s | Z:   -0.49°/s
X:   -0.51°/s | Y:    0.44°/s | Z:   -0.05°/s
X:   -0.28°/s | Y:    0.26°/s | Z:   -1.10°/s
X:   -0.19°/s | Y:   -0.21°/s | Z:   -0.79°/s
X:   -0.31°/s | Y:    0.23°/s | Z:   -0.61°/s
X:   -0.82°/s | Y:    0.30°/s | Z:   -0.05°/s
X:   -0.68°/s | Y:    0.04°/s | Z:   -0.58°/s
X:   -0.05°/s | Y:    0.46°/s | Z:   -1.12°/s
X:   -0.21°/s | Y:    0.26°/s | Z:   -0.12°/s

📊 Interrupt Stats (every 1000 loops / ~2.5s):
  Avg Cycles/Loop: 180000
  Loop Time: 2500.000μs
  Anomalies: 2
  CPU Usage: 0.10%
──────────────────────────────────────
X:   -0.10°/s | Y:    0.25°/s | Z:    0.28°/s
X:   -0.33°/s | Y:    0.42°/s | Z:   -0.44°/s
X:   -0.67°/s | Y:    0.30°/s | Z:   -0.07°/s
X:   -0.58°/s | Y:    0.40°/s | Z:   -0.12°/s
X:   -0.26°/s | Y:    0.37°/s | Z:   -0.42°/s
X:   -0.79°/s | Y:    0.40°/s | Z:   -0.58°/s
X:   -0.25°/s | Y:    0.10°/s | Z:   -0.42°/s
X:   -0.12°/s | Y:    0.21°/s | Z:   -0.14°/s
X:   -0.46°/s | Y:    0.47°/s | Z:   -0.02°/s
X:   -0.17°/s | Y:    0.40°/s | Z:   -0.10°/s
X:   -0.51°/s | Y:    0.46°/s | Z:   -0.23°/s
X:   -0.54°/s | Y:    0.33°/s | Z:   -0.94°/s
X:   -0.12°/s | Y:   -0.05°/s | Z:   -0.17°/s
X:   -0.35°/s | Y:    0.28°/s | Z:   -0.09°/s
X:   -0.25°/s | Y:    0.47°/s | Z:   -0.56°/s
X:   -0.16°/s | Y:    0.21°/s | Z:   -0.21°/s
X:   -0.23°/s | Y:    0.30°/s | Z:    0.02°/s
X:   -0.30°/s | Y:    0.35°/s | Z:   -0.46°/s
X:   -0.40°/s | Y:    0.26°/s | Z:   -0.14°/s
X:   -0.30°/s | Y:    0.05°/s | Z:   -0.09°/s
X:   -0.54°/s | Y:    0.49°/s | Z:    0.09°/s
X:   -0.49°/s | Y:    0.30°/s | Z:   -0.61°/s
X:   -0.35°/s | Y:    0.35°/s | Z:   -0.91°/s
X:   -0.84°/s | Y:    0.72°/s | Z:   -0.46°/s
X:   -0.63°/s | Y:    0.09°/s | Z:   -0.63°/s
X:   -0.28°/s | Y:    0.30°/s | Z:   -0.07°/s
X:   -0.46°/s | Y:    0.33°/s | Z:   -1.07°/s
X:   -0.19°/s | Y:    0.60°/s | Z:   -0.58°/s
X:   -0.17°/s | Y:    0.16°/s | Z:    0.44°/s
X:   -0.28°/s | Y:    0.37°/s | Z:   -0.46°/s
X:   -0.21°/s | Y:    0.14°/s | Z:   -0.42°/s
X:   -0.46°/s | Y:    0.28°/s | Z:   -0.31°/s
X:   -0.44°/s | Y:    0.46°/s | Z:   -0.14°/s
X:   -0.35°/s | Y:    0.00°/s | Z:   -0.42°/s
X:   -0.16°/s | Y:    0.10°/s | Z:   -0.26°/s
X:   -0.58°/s | Y:   -0.21°/s | Z:    0.00°/s
X:   -0.12°/s | Y:    0.26°/s | Z:   -0.40°/s
X:   -0.40°/s | Y:    0.52°/s | Z:   -0.40°/s
X:   -0.51°/s | Y:    0.28°/s | Z:   -0.61°/s
X:   -0.23°/s | Y:   -0.07°/s | Z:   -0.61°/s
X:   -0.21°/s | Y:    0.30°/s | Z:   -0.58°/s
X:   -0.52°/s | Y:    0.33°/s | Z:   -0.31°/s
X:   -0.31°/s | Y:    0.14°/s | Z:   -0.74°/s
X:   -0.54°/s | Y:    0.56°/s | Z:   -0.31°/s
X:   -0.67°/s | Y:    0.37°/s | Z:   -0.49°/s
X:    0.05°/s | Y:    0.10°/s | Z:   -0.09°/s
X:   -0.25°/s | Y:    0.31°/s | Z:   -0.33°/s
X:   -0.51°/s | Y:    0.42°/s | Z:   -0.54°/s
X:    0.37°/s | Y:    0.30°/s | Z:   -0.81°/s
X:   -0.47°/s | Y:    0.26°/s | Z:   -0.91°/s
X:   -0.09°/s | Y:    0.44°/s | Z:   -0.21°/s
X:   -0.25°/s | Y:    0.26°/s | Z:   -0.38°/s
X:   -0.26°/s | Y:    0.47°/s | Z:    0.04°/s
X:   -0.12°/s | Y:    0.04°/s | Z:   -0.63°/s
X:   -0.38°/s | Y:    0.44°/s | Z:   -0.46°/s
X:   -0.49°/s | Y:    0.60°/s | Z:   -0.05°/s
X:    0.23°/s | Y:    0.37°/s | Z:   -0.09°/s
X:   -0.33°/s | Y:    0.30°/s | Z:   -0.93°/s
X:   -0.21°/s | Y:    0.44°/s | Z:   -0.70°/s
X:   -0.16°/s | Y:    0.10°/s | Z:   -0.38°/s
X:   -0.58°/s | Y:    0.07°/s | Z:   -0.16°/s
X:   -0.16°/s | Y:    0.35°/s | Z:   -0.65°/s
X:   -0.26°/s | Y:    0.23°/s | Z:   -0.25°/s
X:   -0.49°/s | Y:    0.54°/s | Z:   -0.14°/s
X:   -0.58°/s | Y:    0.30°/s | Z:   -0.54°/s
X:   -0.44°/s | Y:    0.56°/s | Z:   -0.51°/s
X:   -0.44°/s | Y:    0.63°/s | Z:   -0.52°/s
X:   -0.61°/s | Y:    0.38°/s | Z:   -0.47°/s
X:   -0.31°/s | Y:    0.30°/s | Z:   -0.09°/s
X:   -0.25°/s | Y:    0.49°/s | Z:   -0.70°/s
X:   -0.25°/s | Y:    0.47°/s | Z:   -0.44°/s
X:   -0.44°/s | Y:    0.04°/s | Z:   -0.56°/s
X:   -0.28°/s | Y:    0.49°/s | Z:   -0.28°/s
X:   -0.58°/s | Y:    0.17°/s | Z:   -0.26°/s
X:   -0.05°/s | Y:    0.23°/s | Z:   -0.49°/s
X:   -0.23°/s | Y:    0.35°/s | Z:   -0.54°/s
X:   -0.07°/s | Y:    0.37°/s | Z:   -0.65°/s
X:   -0.07°/s | Y:    0.19°/s | Z:   -0.61°/s
X:   -0.58°/s | Y:    0.46°/s | Z:   -0.40°/s
X:   -0.04°/s | Y:    0.37°/s | Z:   -0.51°/s
X:   -0.91°/s | Y:    0.30°/s | Z:   -0.81°/s
X:   -0.28°/s | Y:    0.28°/s | Z:   -0.79°/s
X:   -0.44°/s | Y:    0.38°/s | Z:   -0.31°/s
X:   -0.25°/s | Y:    0.47°/s | Z:   -0.46°/s
X:   -0.19°/s | Y:    0.28°/s | Z:   -0.12°/s
X:   -0.12°/s | Y:    0.42°/s | Z:    0.14°/s
X:   -0.60°/s | Y:    0.74°/s | Z:   -0.47°/s
X:   -0.37°/s | Y:    0.70°/s | Z:   -0.17°/s
X:   -0.58°/s | Y:    0.54°/s | Z:   -0.49°/s
X:   -0.40°/s | Y:    0.19°/s | Z:   -0.10°/s
X:   -0.25°/s | Y:    0.10°/s | Z:   -0.07°/s
X:   -0.58°/s | Y:    0.37°/s | Z:    0.04°/s
X:   -0.61°/s | Y:    0.19°/s | Z:   -0.63°/s
X:   -0.09°/s | Y:    0.25°/s | Z:   -0.49°/s
X:   -0.35°/s | Y:    0.14°/s | Z:   -0.35°/s
X:   -0.16°/s | Y:    0.31°/s | Z:   -0.84°/s
X:   -0.40°/s | Y:    0.37°/s | Z:    0.23°/s
X:   -0.25°/s | Y:    0.28°/s | Z:   -0.61°/s
X:    0.07°/s | Y:   -0.04°/s | Z:   -0.77°/s
X:   -0.65°/s | Y:    0.49°/s | Z:   -0.60°/s
X:   -0.31°/s | Y:    0.28°/s | Z:   -0.68°/s
X:   -0.26°/s | Y:    0.14°/s | Z:   -0.74°/s
X:   -0.05°/s | Y:    0.28°/s | Z:   -0.28°/s
X:   -0.25°/s | Y:    0.17°/s | Z:   -0.58°/s
X:    0.17°/s | Y:    0.60°/s | Z:   -1.03°/s
X:    0.00°/s | Y:    0.47°/s | Z:   -0.30°/s
X:   -0.28°/s | Y:    0.31°/s | Z:   -0.16°/s
X:   -0.07°/s | Y:    0.65°/s | Z:   -0.35°/s
X:   -0.63°/s | Y:    0.17°/s | Z:    0.05°/s
X:   -0.25°/s | Y:    0.51°/s | Z:   -0.51°/s
X:   -0.35°/s | Y:    0.33°/s | Z:   -0.07°/s
X:   -0.42°/s | Y:    0.23°/s | Z:    0.16°/s
X:   -0.51°/s | Y:    0.30°/s | Z:   -0.61°/s
X:   -0.28°/s | Y:    0.56°/s | Z:   -0.31°/s
X:   -0.65°/s | Y:    0.17°/s | Z:   -0.44°/s
X:   -0.42°/s | Y:    0.35°/s | Z:   -0.42°/s
X:   -0.23°/s | Y:    0.14°/s | Z:   -0.30°/s
X:   -0.44°/s | Y:    0.35°/s | Z:   -0.81°/s
X:   -0.16°/s | Y:    0.28°/s | Z:   -0.46°/s
X:   -0.04°/s | Y:   -0.04°/s | Z:   -0.10°/s
X:   -0.16°/s | Y:    0.51°/s | Z:   -0.68°/s
X:   -0.56°/s | Y:    0.05°/s | Z:   -0.35°/s
X:   -0.16°/s | Y:    0.31°/s | Z:   -0.91°/s
X:   -0.58°/s | Y:    0.25°/s | Z:   -0.96°/s
X:   -0.35°/s | Y:    0.35°/s | Z:   -0.75°/s
X:   -0.67°/s | Y:    0.26°/s | Z:   -0.94°/s
X:   -0.35°/s | Y:    0.26°/s | Z:   -0.54°/s
X:   -0.26°/s | Y:    0.49°/s | Z:   -0.38°/s
X:   -0.46°/s | Y:    0.25°/s | Z:   -0.10°/s
X:   -0.67°/s | Y:    0.60°/s | Z:   -0.28°/s
X:   -0.81°/s | Y:    0.09°/s | Z:   -0.44°/s
X:   -0.46°/s | Y:   -0.02°/s | Z:   -0.46°/s
X:   -0.67°/s | Y:    0.46°/s | Z:   -0.51°/s
X:   -0.56°/s | Y:    0.31°/s | Z:   -0.63°/s
X:   -0.26°/s | Y:    0.00°/s | Z:   -0.31°/s
X:   -0.37°/s | Y:   -0.02°/s | Z:   -0.72°/s
X:   -0.02°/s | Y:   -0.02°/s | Z:   -0.68°/s
X:   -0.30°/s | Y:    0.12°/s | Z:   -0.31°/s
X:   -0.49°/s | Y:   -0.21°/s | Z:   -1.00°/s
X:   -0.28°/s | Y:    0.05°/s | Z:   -0.16°/s
X:   -0.63°/s | Y:    0.26°/s | Z:   -0.05°/s
X:    0.02°/s | Y:    0.47°/s | Z:   -0.91°/s
X:   -0.12°/s | Y:    0.26°/s | Z:    0.16°/s
X:   -0.30°/s | Y:    0.05°/s | Z:   -0.75°/s
X:   -0.52°/s | Y:    0.72°/s | Z:   -0.25°/s
X:   -0.28°/s | Y:    0.38°/s | Z:   -0.67°/s
X:   -0.42°/s | Y:   -0.07°/s | Z:   -0.65°/s
X:   -0.56°/s | Y:    0.25°/s | Z:   -0.61°/s
X:   -0.35°/s | Y:    0.26°/s | Z:   -0.40°/s
X:   -0.25°/s | Y:    0.42°/s | Z:   -0.74°/s
X:   -0.37°/s | Y:    0.16°/s | Z:   -1.14°/s
X:   -0.58°/s | Y:    0.54°/s | Z:    0.02°/s
X:   -0.37°/s | Y:    0.38°/s | Z:   -0.75°/s
X:   -0.58°/s | Y:    0.04°/s | Z:   -0.10°/s
X:   -0.46°/s | Y:    0.46°/s | Z:   -0.42°/s
X:   -0.63°/s | Y:   -0.04°/s | Z:   -0.49°/s
X:   -0.60°/s | Y:    0.19°/s | Z:   -0.37°/s
X:   -0.16°/s | Y:    0.12°/s | Z:   -0.17°/s
X:   -0.38°/s | Y:    0.14°/s | Z:   -0.49°/s
X:   -0.31°/s | Y:    0.47°/s | Z:   -0.91°/s
X:   -0.38°/s | Y:    0.67°/s | Z:   -0.77°/s
X:   -0.60°/s | Y:    0.38°/s | Z:   -0.52°/s
X:   -0.52°/s | Y:   -0.07°/s | Z:   -0.28°/s
X:   -0.23°/s | Y:    0.35°/s | Z:   -0.21°/s
X:   -0.37°/s | Y:    0.23°/s | Z:   -0.35°/s
X:   -0.14°/s | Y:    0.56°/s | Z:   -0.47°/s
X:   -0.33°/s | Y:    0.14°/s | Z:   -0.49°/s
X:   -0.42°/s | Y:    0.14°/s | Z:   -0.68°/s
X:   -0.28°/s | Y:    0.37°/s | Z:   -0.54°/s
X:   -0.17°/s | Y:   -0.05°/s | Z:   -0.28°/s
X:   -0.26°/s | Y:    0.23°/s | Z:    0.02°/s
X:   -0.28°/s | Y:    0.51°/s | Z:   -0.93°/s
X:   -0.09°/s | Y:    0.14°/s | Z:   -0.31°/s
X:   -0.63°/s | Y:    0.70°/s | Z:   -0.42°/s
X:   -0.19°/s | Y:    0.17°/s | Z:   -0.26°/s
X:   -0.25°/s | Y:    0.52°/s | Z:   -0.09°/s
X:   -0.16°/s | Y:    0.09°/s | Z:   -0.77°/s
X:   -0.60°/s | Y:    0.21°/s | Z:   -0.54°/s
X:   -0.49°/s | Y:    0.49°/s | Z:   -0.04°/s
X:   -0.47°/s | Y:   -0.02°/s | Z:   -0.33°/s
X:   -0.61°/s | Y:    0.31°/s | Z:   -0.16°/s
X:   -0.58°/s | Y:   -0.23°/s | Z:   -0.40°/s
X:   -0.51°/s | Y:    0.35°/s | Z:   -0.07°/s
X:   -0.26°/s | Y:    0.33°/s | Z:   -0.46°/s
X:   -0.88°/s | Y:    0.42°/s | Z:    0.07°/s
X:   -0.74°/s | Y:    0.35°/s | Z:   -0.14°/s
X:   -0.07°/s | Y:    0.12°/s | Z:   -0.26°/s
X:    0.14°/s | Y:    0.07°/s | Z:   -1.14°/s
X:    0.37°/s | Y:    0.31°/s | Z:   -0.38°/s
X:   -0.40°/s | Y:    0.42°/s | Z:   -0.16°/s
X:   -0.77°/s | Y:    0.17°/s | Z:   -0.30°/s
X:   -0.23°/s | Y:    0.56°/s | Z:   -0.86°/s
X:   -0.16°/s | Y:    0.67°/s | Z:   -0.88°/s
X:   -0.23°/s | Y:   -0.10°/s | Z:   -0.49°/s
X:   -0.74°/s | Y:    0.46°/s | Z:   -0.16°/s
X:   -0.42°/s | Y:    0.33°/s | Z:   -0.47°/s
X:   -0.23°/s | Y:    0.05°/s | Z:   -0.35°/s
X:    0.00°/s | Y:    0.37°/s | Z:   -0.91°/s
X:   -0.16°/s | Y:    0.16°/s | Z:   -0.52°/s
X:   -0.82°/s | Y:    0.38°/s | Z:   -0.54°/s
X:    0.02°/s | Y:    0.25°/s | Z:   -0.46°/s
X:    0.00°/s | Y:    0.49°/s | Z:   -0.47°/s
X:   -0.61°/s | Y:    0.49°/s | Z:   -0.30°/s
X:   -0.16°/s | Y:    0.02°/s | Z:   -0.47°/s
X:   -0.17°/s | Y:    0.23°/s | Z:   -0.42°/s
X:   -0.33°/s | Y:    0.07°/s | Z:   -0.25°/s
X:   -0.67°/s | Y:    4.46°/s | Z:   -0.63°/s
X:   -0.47°/s | Y:    0.04°/s | Z:   -0.47°/s
X:   -0.67°/s | Y:    0.21°/s | Z:   -0.46°/s
X:   -0.26°/s | Y:    0.21°/s | Z:   -0.67°/s
X:   -0.30°/s | Y:    0.10°/s | Z:    0.02°/s
X:   -0.33°/s | Y:    0.33°/s | Z:   -0.19°/s
X:   -0.98°/s | Y:   -0.04°/s | Z:   -0.74°/s
X:   -0.47°/s | Y:    0.46°/s | Z:   -0.07°/s
X:   -0.56°/s | Y:    0.26°/s | Z:   -0.33°/s
X:   -0.74°/s | Y:    0.52°/s | Z:   -0.42°/s
X:   -0.89°/s | Y:    0.47°/s | Z:    0.00°/s
X:   -0.47°/s | Y:    0.28°/s | Z:   -0.37°/s
X:   -0.47°/s | Y:    0.25°/s | Z:   -0.49°/s
X:   -0.61°/s | Y:    0.60°/s | Z:   -0.68°/s
X:   -0.12°/s | Y:    0.25°/s | Z:   -0.51°/s
X:   -0.33°/s | Y:    0.16°/s | Z:   -0.58°/s
X:   -0.33°/s | Y:   -0.10°/s | Z:   -0.65°/s
X:   -0.86°/s | Y:    0.38°/s | Z:   -0.67°/s
X:   -0.26°/s | Y:    0.44°/s | Z:   -0.72°/s
X:   -0.52°/s | Y:    0.23°/s | Z:   -0.37°/s
X:   -0.31°/s | Y:   -4.08°/s | Z:   -0.49°/s
X:   -0.35°/s | Y:    0.19°/s | Z:   -0.93°/s
X:   -0.47°/s | Y:    0.35°/s | Z:   -0.40°/s
X:   -0.33°/s | Y:    0.56°/s | Z:   -0.82°/s
X:   -0.19°/s | Y:    0.47°/s | Z:   -0.04°/s
X:   -0.26°/s | Y:    0.17°/s | Z:   -0.37°/s
X:   -0.37°/s | Y:    0.47°/s | Z:   -0.42°/s
X:   -0.52°/s | Y:    0.19°/s | Z:   -0.52°/s
X:   -0.38°/s | Y:   -0.10°/s | Z:   -0.47°/s
X:   -0.79°/s | Y:    0.51°/s | Z:   -0.12°/s
X:   -0.28°/s | Y:    0.17°/s | Z:   -0.67°/s
X:   -0.28°/s | Y:    0.33°/s | Z:   -0.31°/s
X:   -0.47°/s | Y:    0.23°/s | Z:   -0.58°/s
X:    0.04°/s | Y:    0.26°/s | Z:   -0.67°/s
X:   -0.56°/s | Y:    0.37°/s | Z:   -0.52°/s
X:   -0.19°/s | Y:    0.07°/s | Z:    0.09°/s
X:   -0.46°/s | Y:    0.25°/s | Z:    0.02°/s
X:   -0.58°/s | Y:    0.52°/s | Z:   -0.51°/s
X:   -0.49°/s | Y:    0.16°/s | Z:   -0.65°/s
X:   -0.44°/s | Y:    0.33°/s | Z:   -0.02°/s
X:   -0.61°/s | Y:    0.44°/s | Z:   -1.07°/s
X:   -0.17°/s | Y:    0.05°/s | Z:   -0.58°/s
X:   -0.51°/s | Y:   -0.09°/s | Z:   -0.72°/s
X:   -0.30°/s | Y:    0.04°/s | Z:   -0.44°/s

📊 Interrupt Stats (every 1000 loops / ~2.5s):
  Avg Cycles/Loop: 180000
  Loop Time: 2500.000μs
  Anomalies: 2
  CPU Usage: 0.10%
──────────────────────────────────────
X:   -0.17°/s | Y:    0.25°/s | Z:   -0.86°/s
X:   -0.35°/s | Y:    0.17°/s | Z:   -0.23°/s
X:   -0.33°/s | Y:    0.19°/s | Z:   -0.51°/s
X:   -0.51°/s | Y:    0.09°/s | Z:   -0.75°/s
X:   -0.31°/s | Y:    0.54°/s | Z:   -0.86°/s
X:   -0.86°/s | Y:    0.17°/s | Z:   -0.52°/s
X:   -0.49°/s | Y:    0.46°/s | Z:   -0.42°/s
X:   -0.79°/s | Y:    0.31°/s | Z:   -0.67°/s
X:   -0.68°/s | Y:    0.33°/s | Z:   -0.23°/s
X:   -0.58°/s | Y:    0.74°/s | Z:   -0.33°/s
X:   -0.25°/s | Y:    0.33°/s | Z:   -0.54°/s
X:   -0.19°/s | Y:    0.42°/s | Z:   -0.35°/s
X:   -0.17°/s | Y:    0.75°/s | Z:   -0.16°/s
X:   -0.12°/s | Y:    0.30°/s | Z:   -0.46°/s
X:   -0.38°/s | Y:    0.05°/s | Z:   -0.61°/s
X:   -0.04°/s | Y:    0.42°/s | Z:   -0.56°/s
X:   -0.74°/s | Y:    0.70°/s | Z:   -0.58°/s
X:   -0.16°/s | Y:    0.52°/s | Z:   -0.79°/s
X:   -0.63°/s | Y:    0.21°/s | Z:   -0.72°/s
X:   -0.37°/s | Y:    0.23°/s | Z:   -0.37°/s
X:   -0.21°/s | Y:    0.05°/s | Z:   -0.70°/s
X:   -0.46°/s | Y:    0.30°/s | Z:   -0.38°/s
X:   -0.38°/s | Y:    0.40°/s | Z:   -0.63°/s
X:   -0.28°/s | Y:    0.21°/s | Z:    0.16°/s
X:   -0.35°/s | Y:    0.44°/s | Z:   -1.03°/s
X:   -0.05°/s | Y:    0.14°/s | Z:   -0.67°/s
X:   -0.10°/s | Y:    0.16°/s | Z:   -0.04°/s
X:   -0.37°/s | Y:    0.23°/s | Z:   -0.35°/s
X:   -0.30°/s | Y:    0.46°/s | Z:   -0.42°/s
X:   -0.42°/s | Y:   -0.04°/s | Z:   -0.30°/s
X:   -0.44°/s | Y:    0.26°/s | Z:   -0.38°/s
X:   -0.47°/s | Y:    0.25°/s | Z:   -0.77°/s
X:   -0.21°/s | Y:    0.05°/s | Z:   -0.77°/s
X:   -0.58°/s | Y:    0.14°/s | Z:   -0.58°/s
X:   -0.77°/s | Y:    0.44°/s | Z:   -0.05°/s
X:   -0.21°/s | Y:    0.17°/s | Z:   -0.28°/s
X:   -0.28°/s | Y:    0.58°/s | Z:   -0.86°/s
X:   -0.25°/s | Y:    0.38°/s | Z:   -4.34°/s
X:   -0.16°/s | Y:   -0.23°/s | Z:   -0.58°/s
X:   -0.63°/s | Y:    0.19°/s | Z:   -0.67°/s
X:   -0.10°/s | Y:    0.10°/s | Z:   -0.63°/s
X:   -0.37°/s | Y:    0.35°/s | Z:   -0.61°/s
X:   -0.28°/s | Y:    0.16°/s | Z:   -0.37°/s
X:   -0.60°/s | Y:    0.10°/s | Z:   -0.07°/s
X:   -0.12°/s | Y:    0.25°/s | Z:   -0.75°/s
X:   -0.30°/s | Y:    0.40°/s | Z:   -0.72°/s
X:   -0.37°/s | Y:   -0.05°/s | Z:   -0.60°/s
X:    0.02°/s | Y:    0.07°/s | Z:   -0.65°/s
X:   -0.30°/s | Y:    0.12°/s | Z:   -0.19°/s
X:   -0.56°/s | Y:    0.16°/s | Z:   -0.37°/s
X:   -0.51°/s | Y:    0.26°/s | Z:   -0.63°/s
X:    0.19°/s | Y:    0.44°/s | Z:   -0.16°/s
X:   -0.28°/s | Y:    0.42°/s | Z:   -0.77°/s
X:   -0.44°/s | Y:    0.46°/s | Z:   -0.23°/s
X:   -0.17°/s | Y:    0.04°/s | Z:   -0.65°/s
X:   -0.65°/s | Y:    0.38°/s | Z:   -0.28°/s
X:   -0.61°/s | Y:    0.38°/s | Z:   -0.46°/s
X:   -0.37°/s | Y:    0.23°/s | Z:   -0.79°/s
X:   -0.09°/s | Y:    0.26°/s | Z:   -0.35°/s
X:   -0.65°/s | Y:    0.49°/s | Z:   -0.72°/s
X:   -0.38°/s | Y:    0.02°/s | Z:   -0.79°/s
X:    0.04°/s | Y:    0.17°/s | Z:    0.04°/s
X:   -0.25°/s | Y:    0.26°/s | Z:   -0.28°/s
X:   -0.17°/s | Y:    0.42°/s | Z:   -0.37°/s
X:   -0.14°/s | Y:    0.21°/s | Z:   -0.09°/s
X:   -0.47°/s | Y:    0.35°/s | Z:   -0.47°/s
X:   -0.10°/s | Y:    0.12°/s | Z:   -0.07°/s
X:   -0.19°/s | Y:   -0.09°/s | Z:   -0.77°/s
X:    0.35°/s | Y:    0.21°/s | Z:   -0.35°/s
X:   -0.26°/s | Y:    0.38°/s | Z:   -0.14°/s
X:   -0.35°/s | Y:    0.60°/s | Z:   -0.61°/s
X:   -0.44°/s | Y:    0.51°/s | Z:   -0.60°/s
X:   -0.16°/s | Y:    0.35°/s | Z:   -0.37°/s
X:   -0.35°/s | Y:    0.52°/s | Z:   -0.26°/s
X:   -0.37°/s | Y:    0.51°/s | Z:   -0.30°/s
X:   -0.37°/s | Y:    0.38°/s | Z:   -0.67°/s
X:   -0.33°/s | Y:    0.28°/s | Z:   -0.51°/s
X:   -0.44°/s | Y:    0.25°/s | Z:   -0.02°/s
X:   -0.17°/s | Y:    0.26°/s | Z:   -0.47°/s
X:   -0.28°/s | Y:    0.28°/s | Z:   -0.30°/s
X:   -0.35°/s | Y:    0.44°/s | Z:   -0.37°/s
X:   -0.47°/s | Y:    0.14°/s | Z:   -0.56°/s
X:   -0.60°/s | Y:    0.19°/s | Z:   -0.40°/s
X:   -0.05°/s | Y:    0.26°/s | Z:   -0.42°/s
X:   -0.25°/s | Y:    0.12°/s | Z:   -0.65°/s
X:   -0.33°/s | Y:    0.47°/s | Z:   -0.65°/s
X:   -0.31°/s | Y:    0.14°/s | Z:   -0.63°/s
X:   -0.40°/s | Y:    0.12°/s | Z:   -0.56°/s
X:   -0.33°/s | Y:    0.30°/s | Z:   -0.33°/s
X:   -0.47°/s | Y:    0.04°/s | Z:   -0.77°/s
X:   -0.86°/s | Y:    0.52°/s | Z:   -0.37°/s
X:   -0.31°/s | Y:    0.17°/s | Z:   -0.84°/s
X:    4.45°/s | Y:    0.28°/s | Z:   -0.33°/s
X:   -0.02°/s | Y:    0.49°/s | Z:    0.05°/s
X:   -0.75°/s | Y:    0.61°/s | Z:    0.00°/s
X:   -0.10°/s | Y:    0.26°/s | Z:   -0.31°/s
X:   -0.42°/s | Y:    0.30°/s | Z:   -0.07°/s
X:   -0.26°/s | Y:    0.19°/s | Z:   -0.68°/s
X:   -0.31°/s | Y:    0.17°/s | Z:   -0.77°/s
X:    0.02°/s | Y:    0.21°/s | Z:   -0.12°/s
X:   -0.35°/s | Y:    0.25°/s | Z:   -0.60°/s
X:   -0.33°/s | Y:    0.60°/s | Z:   -0.28°/s
X:   -0.25°/s | Y:    0.30°/s | Z:   -0.51°/s
X:   -0.51°/s | Y:    0.23°/s | Z:   -0.63°/s
X:   -0.77°/s | Y:    0.25°/s | Z:   -0.93°/s
X:   -0.23°/s | Y:    0.56°/s | Z:   -0.16°/s
X:   -0.58°/s | Y:    0.35°/s | Z:   -0.38°/s
X:    0.23°/s | Y:    0.00°/s | Z:   -0.88°/s
X:   -0.58°/s | Y:    0.40°/s | Z:   -0.33°/s
X:   -0.46°/s | Y:    0.37°/s | Z:   -0.35°/s
X:   -0.35°/s | Y:    0.46°/s | Z:   -0.51°/s
X:   -0.31°/s | Y:    0.51°/s | Z:   -0.37°/s
X:   -0.46°/s | Y:    0.30°/s | Z:   -0.72°/s
X:   -0.37°/s | Y:   -0.17°/s | Z:   -0.74°/s
X:   -0.30°/s | Y:    0.00°/s | Z:   -0.31°/s
X:   -0.28°/s | Y:    0.21°/s | Z:   -0.38°/s
X:   -0.25°/s | Y:   -0.14°/s | Z:   -0.75°/s
X:   -0.33°/s | Y:    0.16°/s | Z:   -0.30°/s
X:   -0.72°/s | Y:    0.12°/s | Z:   -0.05°/s
X:   -0.28°/s | Y:    0.25°/s | Z:   -0.07°/s
X:   -0.51°/s | Y:    0.37°/s | Z:   -0.54°/s
X:   -0.46°/s | Y:    0.33°/s | Z:   -0.61°/s
X:   -0.17°/s | Y:    0.09°/s | Z:   -0.40°/s
X:   -0.09°/s | Y:    0.00°/s | Z:   -0.91°/s
X:   -0.47°/s | Y:    0.40°/s | Z:   -0.67°/s
X:   -0.31°/s | Y:    0.16°/s | Z:    0.19°/s
X:   -0.12°/s | Y:    0.33°/s | Z:   -0.52°/s
X:   -0.44°/s | Y:    0.38°/s | Z:   -0.70°/s
X:   -0.56°/s | Y:   -0.09°/s | Z:   -0.63°/s
X:   -0.31°/s | Y:    0.10°/s | Z:   -0.30°/s
X:   -0.12°/s | Y:   -0.05°/s | Z:   -0.74°/s
X:   -0.33°/s | Y:    0.46°/s | Z:   -0.28°/s
X:   -0.56°/s | Y:    0.51°/s | Z:   -0.49°/s
X:   -0.51°/s | Y:    0.33°/s | Z:   -0.61°/s
X:   -0.21°/s | Y:    0.12°/s | Z:   -0.21°/s
X:   -0.51°/s | Y:    0.60°/s | Z:   -0.91°/s
X:   -0.70°/s | Y:    0.38°/s | Z:   -0.67°/s
X:   -0.63°/s | Y:    0.10°/s | Z:   -4.32°/s
X:   -0.42°/s | Y:    0.19°/s | Z:   -0.47°/s
X:   -0.38°/s | Y:    0.49°/s | Z:   -0.61°/s
X:   -0.56°/s | Y:    0.42°/s | Z:   -0.58°/s
X:   -0.52°/s | Y:    0.58°/s | Z:   -0.81°/s
X:   -0.04°/s | Y:    0.02°/s | Z:   -0.49°/s
X:   -0.63°/s | Y:    0.12°/s | Z:   -0.23°/s
X:   -0.49°/s | Y:    0.33°/s | Z:   -0.70°/s
X:   -0.23°/s | Y:    0.19°/s | Z:   -0.14°/s
X:   -0.17°/s | Y:   -0.07°/s | Z:   -0.14°/s
X:   -0.38°/s | Y:    0.42°/s | Z:    0.09°/s
X:   -0.23°/s | Y:    0.37°/s | Z:   -0.21°/s
X:   -0.38°/s | Y:    0.00°/s | Z:    0.05°/s
X:   -0.16°/s | Y:    0.26°/s | Z:   -0.60°/s
X:   -0.07°/s | Y:   -0.05°/s | Z:   -0.16°/s
X:   -0.19°/s | Y:   -0.17°/s | Z:   -0.02°/s
X:   -0.56°/s | Y:    0.51°/s | Z:   -0.25°/s
X:   -0.60°/s | Y:   -0.10°/s | Z:   -0.23°/s
X:   -0.63°/s | Y:    0.19°/s | Z:   -0.42°/s
X:   -0.56°/s | Y:    0.17°/s | Z:   -0.88°/s
X:   -0.54°/s | Y:    0.51°/s | Z:   -0.65°/s
X:   -0.26°/s | Y:    0.42°/s | Z:   -0.33°/s
X:   -0.37°/s | Y:    0.28°/s | Z:   -0.31°/s
X:   -0.67°/s | Y:    0.23°/s | Z:   -0.70°/s
X:   -0.40°/s | Y:    0.23°/s | Z:   -0.52°/s
X:   -0.10°/s | Y:    0.74°/s | Z:   -0.52°/s
X:   -0.30°/s | Y:   -0.05°/s | Z:   -0.30°/s
X:   -0.61°/s | Y:    0.37°/s | Z:   -0.70°/s
X:   -0.56°/s | Y:   -0.10°/s | Z:   -0.25°/s
X:   -0.25°/s | Y:    0.26°/s | Z:   -0.60°/s
X:   -0.40°/s | Y:   -0.05°/s | Z:   -0.58°/s
X:   -0.23°/s | Y:    0.14°/s | Z:    0.19°/s
X:   -0.25°/s | Y:    0.14°/s | Z:   -0.52°/s
X:   -0.47°/s | Y:    0.17°/s | Z:   -0.52°/s
X:   -0.51°/s | Y:    0.17°/s | Z:   -0.54°/s
X:   -0.31°/s | Y:    0.56°/s | Z:   -0.94°/s
X:   -0.25°/s | Y:    0.40°/s | Z:   -0.26°/s
X:   -0.04°/s | Y:    0.51°/s | Z:   -0.88°/s
X:   -0.40°/s | Y:    0.38°/s | Z:    0.04°/s
X:   -0.23°/s | Y:   -4.30°/s | Z:   -0.30°/s
X:   -0.21°/s | Y:    0.54°/s | Z:   -0.10°/s
X:   -0.19°/s | Y:    0.46°/s | Z:   -0.74°/s
X:   -0.49°/s | Y:   -0.07°/s | Z:   -0.60°/s
X:   -0.16°/s | Y:    0.30°/s | Z:   -0.38°/s
X:   -0.56°/s | Y:    0.05°/s | Z:   -0.14°/s
X:   -0.26°/s | Y:    0.44°/s | Z:   -0.84°/s
X:   -0.35°/s | Y:    0.12°/s | Z:   -0.42°/s
X:   -0.51°/s | Y:    0.42°/s | Z:   -0.23°/s
X:   -0.30°/s | Y:    0.38°/s | Z:   -1.01°/s
X:   -0.54°/s | Y:    0.16°/s | Z:   -0.40°/s
X:   -0.70°/s | Y:    0.38°/s | Z:   -0.79°/s
X:   -0.33°/s | Y:    0.72°/s | Z:   -0.12°/s
X:   -0.30°/s | Y:    0.10°/s | Z:   -0.25°/s
X:   -0.07°/s | Y:    0.35°/s | Z:   -0.88°/s
X:   -0.33°/s | Y:    0.51°/s | Z:   -0.37°/s
X:   -0.25°/s | Y:    0.10°/s | Z:   -0.60°/s
X:   -0.31°/s | Y:    0.07°/s | Z:   -0.79°/s
X:   -0.37°/s | Y:    0.31°/s | Z:   -0.88°/s
X:   -0.47°/s | Y:    0.63°/s | Z:   -0.68°/s
X:   -0.60°/s | Y:    0.25°/s | Z:   -0.88°/s
X:   -0.51°/s | Y:   -0.09°/s | Z:    0.35°/s
X:   -0.26°/s | Y:    0.37°/s | Z:   -0.56°/s
X:   -0.35°/s | Y:    0.35°/s | Z:   -0.56°/s
X:   -0.25°/s | Y:    0.40°/s | Z:   -0.19°/s
X:   -0.38°/s | Y:    0.63°/s | Z:   -0.72°/s
X:   -0.65°/s | Y:    0.28°/s | Z:   -0.68°/s
X:   -0.67°/s | Y:    0.17°/s | Z:   -0.52°/s
X:   -0.12°/s | Y:    0.17°/s | Z:   -0.31°/s
X:   -0.10°/s | Y:    0.46°/s | Z:   -0.21°/s
X:   -0.14°/s | Y:    0.52°/s | Z:   -0.28°/s
X:   -0.26°/s | Y:   -0.05°/s | Z:   -0.79°/s
X:   -0.58°/s | Y:    0.26°/s | Z:   -0.72°/s
X:   -0.40°/s | Y:   -0.10°/s | Z:   -0.68°/s
X:   -0.49°/s | Y:    0.37°/s | Z:   -0.81°/s
X:   -0.17°/s | Y:    0.49°/s | Z:   -0.54°/s
X:   -0.19°/s | Y:    0.51°/s | Z:   -0.56°/s
X:   -0.51°/s | Y:    0.30°/s | Z:   -0.40°/s
X:   -0.44°/s | Y:    0.09°/s | Z:    0.26°/s
X:   -0.12°/s | Y:    0.46°/s | Z:   -0.52°/s
X:   -0.37°/s | Y:    0.51°/s | Z:   -0.68°/s
X:   -0.31°/s | Y:    0.38°/s | Z:   -1.19°/s
X:   -0.28°/s | Y:    0.16°/s | Z:   -0.47°/s
X:   -0.49°/s | Y:    0.09°/s | Z:   -0.79°/s
X:   -0.12°/s | Y:    0.14°/s | Z:   -0.63°/s
X:   -0.26°/s | Y:    0.23°/s | Z:   -0.19°/s
X:   -0.35°/s | Y:   -0.09°/s | Z:   -0.40°/s
X:   -0.37°/s | Y:   -0.02°/s | Z:   -0.65°/s
X:   -0.58°/s | Y:    0.00°/s | Z:   -1.03°/s
X:   -0.25°/s | Y:    0.21°/s | Z:   -0.35°/s
X:   -0.40°/s | Y:    0.44°/s | Z:   -0.54°/s
X:   -0.86°/s | Y:    0.33°/s | Z:   -0.14°/s
X:   -0.46°/s | Y:    0.17°/s | Z:   -0.65°/s
X:   -0.56°/s | Y:    0.21°/s | Z:   -0.17°/s
X:   -0.21°/s | Y:    0.17°/s | Z:   -0.77°/s
X:   -0.14°/s | Y:    0.14°/s | Z:   -0.54°/s
X:    0.02°/s | Y:    0.14°/s | Z:   -0.21°/s
X:   -0.46°/s | Y:    0.49°/s | Z:   -0.61°/s
X:   -0.30°/s | Y:    0.52°/s | Z:   -0.46°/s
X:   -0.42°/s | Y:    0.21°/s | Z:   -0.67°/s
X:   -0.46°/s | Y:    0.05°/s | Z:   -0.77°/s
X:   -0.25°/s | Y:    0.38°/s | Z:   -0.44°/s
X:   -0.30°/s | Y:    0.21°/s | Z:   -0.19°/s
X:   -0.26°/s | Y:    0.21°/s | Z:   -0.46°/s
X:   -0.35°/s | Y:    0.31°/s | Z:   -0.37°/s
X:   -0.16°/s | Y:    0.35°/s | Z:   -1.01°/s
X:   -0.33°/s | Y:    0.35°/s | Z:   -0.65°/s
X:   -0.04°/s | Y:    0.49°/s | Z:   -0.25°/s
X:   -0.14°/s | Y:    0.23°/s | Z:   -0.38°/s
X:   -0.02°/s | Y:   -0.05°/s | Z:   -0.19°/s
X:   -0.31°/s | Y:    0.28°/s | Z:   -0.33°/s
X:   -0.61°/s | Y:    0.12°/s | Z:   -0.30°/s
X:   -0.47°/s | Y:    0.35°/s | Z:   -0.17°/s
X:   -0.07°/s | Y:    0.31°/s | Z:   -0.54°/s

📊 Interrupt Stats (every 1000 loops / ~2.5s):
  Avg Cycles/Loop: 180000
  Loop Time: 2500.000μs
  Anomalies: 2
  CPU Usage: 0.10%
──────────────────────────────────────
X:   -0.21°/s | Y:    0.46°/s | Z:   -0.84°/s
X:   -0.44°/s | Y:    0.49°/s | Z:   -0.31°/s
X:   -0.40°/s | Y:    0.17°/s | Z:   -0.63°/s
X:   -0.63°/s | Y:    0.40°/s | Z:   -0.26°/s
X:   -0.37°/s | Y:    0.33°/s | Z:   -1.03°/s
X:   -0.21°/s | Y:    0.51°/s | Z:   -0.19°/s
X:   -0.46°/s | Y:    0.21°/s | Z:   -0.23°/s
X:   -0.30°/s | Y:    0.10°/s | Z:    0.00°/s
X:   -0.28°/s | Y:    0.31°/s | Z:   -0.51°/s
X:   -0.23°/s | Y:   -0.05°/s | Z:   -0.70°/s
X:   -0.44°/s | Y:    0.38°/s | Z:   -0.65°/s
X:   -0.10°/s | Y:    0.49°/s | Z:   -0.16°/s
X:   -0.38°/s | Y:    0.46°/s | Z:   -0.94°/s
X:   -0.28°/s | Y:    0.10°/s | Z:   -0.56°/s
X:   -0.37°/s | Y:    0.23°/s | Z:   -0.46°/s
X:   -0.61°/s | Y:    0.46°/s | Z:   -0.54°/s
X:   -0.33°/s | Y:    0.26°/s | Z:   -0.84°/s
X:   -0.30°/s | Y:   -0.10°/s | Z:   -0.47°/s
X:   -0.56°/s | Y:    0.54°/s | Z:   -0.10°/s
X:   -0.52°/s | Y:    0.33°/s | Z:   -0.79°/s
X:   -0.60°/s | Y:    0.38°/s | Z:   -0.52°/s
X:   -0.35°/s | Y:    0.33°/s | Z:   -0.52°/s
X:   -0.07°/s | Y:    0.52°/s | Z:    0.09°/s
X:   -0.46°/s | Y:    0.51°/s | Z:   -0.65°/s
X:    0.02°/s | Y:    0.25°/s | Z:   -0.30°/s
X:   -0.65°/s | Y:    0.21°/s | Z:   -0.67°/s
X:   -0.54°/s | Y:    0.09°/s | Z:   -0.19°/s
X:   -0.05°/s | Y:    0.58°/s | Z:   -0.70°/s
X:    0.14°/s | Y:    0.14°/s | Z:   -1.21°/s
X:    0.23°/s | Y:    0.26°/s | Z:   -0.63°/s
X:    0.00°/s | Y:    0.52°/s | Z:   -0.42°/s
X:   -0.46°/s | Y:    0.07°/s | Z:   -0.19°/s
X:    0.00°/s | Y:    0.38°/s | Z:   -0.09°/s
X:    0.30°/s | Y:    0.12°/s | Z:   -0.75°/s
X:   -0.28°/s | Y:   -0.05°/s | Z:   -0.35°/s
X:   -0.54°/s | Y:    0.12°/s | Z:   -0.49°/s
X:   -1.10°/s | Y:    0.47°/s | Z:    0.05°/s
X:   -0.44°/s | Y:    0.58°/s | Z:   -0.46°/s
X:   -0.67°/s | Y:    0.14°/s | Z:   -1.15°/s
X:   -0.65°/s | Y:    0.35°/s | Z:    0.14°/s
X:   -0.58°/s | Y:    0.12°/s | Z:   -0.77°/s
X:   -0.16°/s | Y:    0.42°/s | Z:    0.02°/s
X:   -0.31°/s | Y:    0.37°/s | Z:   -0.38°/s
X:   -0.60°/s | Y:    0.52°/s | Z:   -0.16°/s
X:   -0.67°/s | Y:    0.30°/s | Z:   -0.35°/s
X:   -0.70°/s | Y:    0.40°/s | Z:   -0.60°/s
X:   -0.21°/s | Y:    0.25°/s | Z:   -0.33°/s
X:   -0.33°/s | Y:    0.37°/s | Z:   -1.03°/s
X:   -0.38°/s | Y:   -0.21°/s | Z:   -0.25°/s
X:   -0.37°/s | Y:    0.37°/s | Z:   -0.23°/s
X:   -0.46°/s | Y:    0.23°/s | Z:   -0.47°/s
X:   -0.16°/s | Y:    0.37°/s | Z:   -0.44°/s
X:   -0.44°/s | Y:   -4.36°/s | Z:   -0.63°/s
X:    0.04°/s | Y:    0.07°/s | Z:   -0.84°/s
X:   -0.28°/s | Y:    0.10°/s | Z:    0.37°/s
X:   -0.35°/s | Y:    0.54°/s | Z:   -0.65°/s
X:   -0.35°/s | Y:    0.07°/s | Z:   -0.44°/s
X:   -0.28°/s | Y:    0.40°/s | Z:   -0.10°/s
X:   -0.19°/s | Y:   -0.07°/s | Z:   -0.42°/s
X:   -0.47°/s | Y:    0.49°/s | Z:   -0.26°/s
X:   -0.56°/s | Y:    0.40°/s | Z:   -0.68°/s
X:   -0.79°/s | Y:    0.07°/s | Z:   -0.14°/s
X:   -0.70°/s | Y:    0.61°/s | Z:   -0.30°/s
X:   -0.14°/s | Y:    0.21°/s | Z:   -1.00°/s
X:   -0.28°/s | Y:    0.26°/s | Z:   -0.30°/s
X:   -0.44°/s | Y:    0.28°/s | Z:   -0.63°/s
X:   -0.31°/s | Y:    0.38°/s | Z:   -0.40°/s
X:   -0.30°/s | Y:    0.42°/s | Z:   -0.16°/s
X:   -0.61°/s | Y:   -0.04°/s | Z:   -1.00°/s
X:   -0.81°/s | Y:    0.47°/s | Z:   -0.33°/s
X:   -0.19°/s | Y:    0.33°/s | Z:   -0.82°/s
X:   -0.63°/s | Y:    0.65°/s | Z:   -0.26°/s
X:   -0.74°/s | Y:   -0.05°/s | Z:   -0.47°/s
X:   -0.49°/s | Y:    0.33°/s | Z:   -0.17°/s
X:   -0.26°/s | Y:    0.17°/s | Z:    0.04°/s
X:   -0.58°/s | Y:    0.37°/s | Z:   -0.52°/s
X:   -0.28°/s | Y:    0.58°/s | Z:   -0.72°/s
X:   -0.93°/s | Y:    0.05°/s | Z:   -0.30°/s
X:   -0.42°/s | Y:    0.33°/s | Z:   -1.14°/s
X:   -0.17°/s | Y:    0.79°/s | Z:   -0.93°/s
X:   -0.04°/s | Y:    0.40°/s | Z:   -0.09°/s
X:   -0.61°/s | Y:    0.25°/s | Z:   -0.25°/s
X:   -0.49°/s | Y:    0.09°/s | Z:   -0.07°/s
X:   -0.07°/s | Y:    0.44°/s | Z:   -0.26°/s
X:   -0.58°/s | Y:    0.47°/s | Z:   -0.17°/s
X:   -0.58°/s | Y:    0.23°/s | Z:   -0.75°/s
X:   -0.56°/s | Y:    0.16°/s | Z:    0.19°/s
X:   -0.30°/s | Y:    0.46°/s | Z:   -0.42°/s
X:   -0.17°/s | Y:    0.47°/s | Z:   -0.19°/s
X:   -0.52°/s | Y:    0.10°/s | Z:   -0.70°/s
X:   -0.51°/s | Y:   -0.12°/s | Z:   -0.56°/s
X:   -0.47°/s | Y:    0.35°/s | Z:   -0.74°/s
X:   -0.30°/s | Y:    0.31°/s | Z:   -1.01°/s
X:   -0.58°/s | Y:    0.28°/s | Z:   -0.42°/s
X:   -0.61°/s | Y:   -0.05°/s | Z:   -0.44°/s
X:   -0.04°/s | Y:    0.10°/s | Z:    0.02°/s
X:   -0.14°/s | Y:    4.41°/s | Z:   -0.23°/s
X:   -0.17°/s | Y:    0.16°/s | Z:   -0.72°/s
X:   -0.21°/s | Y:    0.44°/s | Z:   -0.46°/s
X:   -0.23°/s | Y:    0.58°/s | Z:   -0.42°/s
X:   -0.07°/s | Y:    0.10°/s | Z:   -0.16°/s
X:   -0.30°/s | Y:    0.16°/s | Z:   -0.72°/s
X:   -0.12°/s | Y:    0.23°/s | Z:   -0.14°/s
X:   -0.35°/s | Y:    0.54°/s | Z:   -0.51°/s
X:   -0.37°/s | Y:    0.35°/s | Z:   -0.63°/s
X:    0.12°/s | Y:    0.21°/s | Z:   -0.26°/s
X:   -0.12°/s | Y:    0.40°/s | Z:   -0.75°/s
X:   -0.72°/s | Y:    0.51°/s | Z:   -0.68°/s
X:   -0.44°/s | Y:    0.49°/s | Z:   -0.07°/s
X:   -0.56°/s | Y:    0.31°/s | Z:   -0.33°/s
X:   -0.28°/s | Y:    0.46°/s | Z:   -1.03°/s
X:   -0.16°/s | Y:    0.04°/s | Z:   -0.91°/s
X:   -0.21°/s | Y:    0.46°/s | Z:   -0.77°/s
X:    0.21°/s | Y:    0.46°/s | Z:   -0.14°/s
X:    0.28°/s | Y:    0.16°/s | Z:   -0.74°/s
X:   -0.38°/s | Y:    0.26°/s | Z:   -0.37°/s
X:   -0.58°/s | Y:    0.31°/s | Z:   -0.54°/s
X:   -0.09°/s | Y:    0.23°/s | Z:   -0.40°/s
X:   -0.38°/s | Y:    0.17°/s | Z:   -0.47°/s
X:   -0.56°/s | Y:    0.28°/s | Z:   -0.07°/s
X:   -0.94°/s | Y:    0.61°/s | Z:   -0.21°/s
X:   -0.52°/s | Y:    0.25°/s | Z:   -0.28°/s
X:   -0.09°/s | Y:    0.44°/s | Z:   -0.31°/s
X:   -0.44°/s | Y:    0.14°/s | Z:   -0.33°/s
X:   -0.26°/s | Y:    0.31°/s | Z:   -0.07°/s
X:   -0.12°/s | Y:    0.42°/s | Z:   -0.19°/s
X:   -0.74°/s | Y:    0.17°/s | Z:   -0.63°/s
X:   -0.21°/s | Y:    0.16°/s | Z:   -0.30°/s
X:   -0.07°/s | Y:    0.02°/s | Z:   -0.58°/s
X:   -0.28°/s | Y:    0.33°/s | Z:   -0.84°/s
X:   -0.54°/s | Y:    0.42°/s | Z:   -0.82°/s
X:   -0.28°/s | Y:    0.28°/s | Z:   -0.68°/s
X:   -0.33°/s | Y:    0.26°/s | Z:   -0.44°/s
X:   -0.81°/s | Y:    0.44°/s | Z:   -0.58°/s
X:   -0.49°/s | Y:    0.35°/s | Z:   -0.96°/s
X:   -0.21°/s | Y:    0.00°/s | Z:   -0.07°/s
X:   -0.30°/s | Y:    0.26°/s | Z:   -0.26°/s
X:    0.02°/s | Y:    0.67°/s | Z:   -0.65°/s
X:   -0.10°/s | Y:    0.28°/s | Z:   -0.72°/s
X:   -0.38°/s | Y:    0.07°/s | Z:   -0.63°/s
X:   -0.33°/s | Y:    0.21°/s | Z:   -0.81°/s
X:   -0.17°/s | Y:    0.37°/s | Z:   -0.23°/s
X:   -0.44°/s | Y:    0.37°/s | Z:   -0.61°/s
X:   -0.46°/s | Y:    0.31°/s | Z:   -0.04°/s
X:   -0.54°/s | Y:    0.42°/s | Z:   -0.47°/s
X:   -0.28°/s | Y:    0.37°/s | Z:   -0.93°/s
X:   -0.10°/s | Y:    0.44°/s | Z:   -1.17°/s
X:    0.04°/s | Y:    0.63°/s | Z:   -1.17°/s
X:    0.05°/s | Y:    0.51°/s | Z:   -0.93°/s
X:   -0.38°/s | Y:    0.25°/s | Z:   -0.35°/s
X:   -0.89°/s | Y:    0.12°/s | Z:    0.02°/s
X:   -0.60°/s | Y:    0.42°/s | Z:   -0.63°/s
X:    0.17°/s | Y:    0.23°/s | Z:   -0.54°/s
X:   -0.37°/s | Y:    0.14°/s | Z:   -0.21°/s
X:   -0.25°/s | Y:    0.02°/s | Z:   -0.26°/s
X:   -0.17°/s | Y:    0.09°/s | Z:   -0.38°/s
X:   -0.31°/s | Y:    0.19°/s | Z:   -0.86°/s
X:   -0.68°/s | Y:    0.05°/s | Z:   -0.67°/s
X:   -0.51°/s | Y:    0.00°/s | Z:   -0.19°/s
X:   -0.47°/s | Y:    0.30°/s | Z:   -0.21°/s
X:   -0.05°/s | Y:    0.23°/s | Z:   -0.46°/s
X:   -0.05°/s | Y:    0.10°/s | Z:   -0.91°/s
X:   -0.31°/s | Y:    0.25°/s | Z:   -0.54°/s
X:   -0.26°/s | Y:    0.31°/s | Z:   -0.75°/s
X:   -0.68°/s | Y:    0.16°/s | Z:   -0.19°/s
X:   -0.12°/s | Y:    0.38°/s | Z:   -0.14°/s
X:   -0.19°/s | Y:    0.33°/s | Z:   -0.51°/s
X:    0.17°/s | Y:    0.37°/s | Z:   -0.81°/s
X:   -0.23°/s | Y:    0.26°/s | Z:   -0.51°/s
X:   -0.88°/s | Y:    0.23°/s | Z:   -1.23°/s
X:   -0.72°/s | Y:    0.40°/s | Z:    0.10°/s
X:   -0.26°/s | Y:    0.56°/s | Z:   -0.19°/s
X:    0.02°/s | Y:    0.28°/s | Z:   -0.51°/s
X:   -0.44°/s | Y:    0.21°/s | Z:   -0.44°/s
X:   -0.37°/s | Y:    0.10°/s | Z:   -0.19°/s
X:   -0.10°/s | Y:    0.49°/s | Z:   -0.68°/s
X:   -0.35°/s | Y:    0.49°/s | Z:   -0.25°/s
X:   -4.46°/s | Y:    0.30°/s | Z:   -0.38°/s
X:   -0.46°/s | Y:    0.47°/s | Z:   -0.28°/s
X:   -0.19°/s | Y:    0.19°/s | Z:   -0.28°/s
X:    0.02°/s | Y:    0.35°/s | Z:   -0.72°/s
X:   -0.16°/s | Y:    0.31°/s | Z:   -1.03°/s
X:   -0.46°/s | Y:    0.07°/s | Z:   -0.51°/s
X:   -0.02°/s | Y:    0.75°/s | Z:   -0.37°/s
X:   -0.12°/s | Y:   -0.07°/s | Z:   -0.42°/s
X:   -0.19°/s | Y:    0.16°/s | Z:   -0.88°/s
X:   -0.23°/s | Y:    0.33°/s | Z:   -0.67°/s
X:   -0.70°/s | Y:    0.14°/s | Z:    0.26°/s
X:   -0.31°/s | Y:    0.31°/s | Z:   -0.49°/s
X:   -0.28°/s | Y:    0.47°/s | Z:   -0.67°/s
X:   -0.19°/s | Y:    0.49°/s | Z:   -0.79°/s
X:   -0.35°/s | Y:    0.49°/s | Z:   -0.47°/s
X:   -0.42°/s | Y:    0.37°/s | Z:   -0.56°/s
X:   -0.54°/s | Y:    0.61°/s | Z:   -0.70°/s
X:   -0.21°/s | Y:    0.33°/s | Z:   -0.05°/s
X:   -0.07°/s | Y:   -0.05°/s | Z:   -0.25°/s
X:   -0.33°/s | Y:    0.16°/s | Z:   -0.96°/s
X:   -0.35°/s | Y:    0.54°/s | Z:   -0.46°/s
X:   -0.44°/s | Y:    0.26°/s | Z:   -0.23°/s
X:   -0.28°/s | Y:    0.63°/s | Z:   -0.21°/s
X:   -0.30°/s | Y:    0.16°/s | Z:   -0.70°/s
X:   -0.21°/s | Y:    0.17°/s | Z:   -0.31°/s
X:   -0.19°/s | Y:    0.26°/s | Z:    4.20°/s
X:   -0.49°/s | Y:    0.86°/s | Z:   -0.93°/s
X:   -0.23°/s | Y:    0.58°/s | Z:   -0.04°/s
X:   -0.51°/s | Y:    0.05°/s | Z:   -0.63°/s
X:   -0.52°/s | Y:    0.63°/s | Z:   -0.30°/s
X:   -0.30°/s | Y:    0.16°/s | Z:   -0.35°/s
X:   -0.46°/s | Y:    0.44°/s | Z:   -0.26°/s
X:   -0.05°/s | Y:    0.31°/s | Z:   -0.94°/s
X:    0.05°/s | Y:    0.28°/s | Z:   -0.61°/s
X:   -0.74°/s | Y:    0.12°/s | Z:   -0.14°/s
X:   -0.70°/s | Y:    0.49°/s | Z:   -0.31°/s
X:   -0.31°/s | Y:    0.54°/s | Z:   -0.47°/s
X:   -0.17°/s | Y:    0.31°/s | Z:   -0.65°/s
X:   -0.17°/s | Y:   -0.14°/s | Z:   -0.47°/s
X:   -0.04°/s | Y:    0.26°/s | Z:   -0.30°/s
X:   -0.42°/s | Y:    0.25°/s | Z:   -0.56°/s
X:   -0.60°/s | Y:    0.47°/s | Z:   -0.81°/s
X:   -0.88°/s | Y:    0.42°/s | Z:   -0.81°/s
X:   -0.74°/s | Y:    0.14°/s | Z:   -0.81°/s
X:   -0.52°/s | Y:    0.52°/s | Z:   -0.14°/s
X:   -0.07°/s | Y:    0.44°/s | Z:    4.13°/s
X:   -0.40°/s | Y:    0.21°/s | Z:   -0.37°/s
X:   -0.49°/s | Y:    0.17°/s | Z:   -0.17°/s
X:   -0.46°/s | Y:    0.23°/s | Z:   -0.89°/s
X:   -0.37°/s | Y:    0.60°/s | Z:   -1.14°/s
X:   -0.68°/s | Y:    0.02°/s | Z:   -0.21°/s
X:   -0.49°/s | Y:    0.16°/s | Z:   -0.74°/s
X:   -0.09°/s | Y:   -0.23°/s | Z:   -0.54°/s
X:   -0.16°/s | Y:    0.26°/s | Z:   -0.21°/s
X:   -0.31°/s | Y:    0.19°/s | Z:   -0.44°/s
X:   -0.54°/s | Y:    0.26°/s | Z:   -0.96°/s
X:   -0.44°/s | Y:    0.33°/s | Z:   -0.35°/s
X:   -0.26°/s | Y:    0.37°/s | Z:   -0.70°/s
X:   -0.47°/s | Y:    0.37°/s | Z:   -0.84°/s
X:   -0.28°/s | Y:    0.56°/s | Z:   -0.47°/s
X:   -0.30°/s | Y:    0.30°/s | Z:   -0.30°/s
X:   -0.21°/s | Y:    0.05°/s | Z:   -0.35°/s
X:   -0.44°/s | Y:   -0.16°/s | Z:   -0.30°/s
X:   -0.23°/s | Y:    0.33°/s | Z:   -0.42°/s
X:   -0.30°/s | Y:    0.37°/s | Z:   -0.58°/s
X:   -0.14°/s | Y:    0.51°/s | Z:   -0.10°/s
X:    0.14°/s | Y:    0.58°/s | Z:   -0.49°/s
X:   -0.65°/s | Y:   -0.07°/s | Z:   -0.28°/s
X:   -0.35°/s | Y:    0.37°/s | Z:   -0.28°/s
X:    0.10°/s | Y:    0.42°/s | Z:   -0.68°/s
X:   -0.52°/s | Y:    0.21°/s | Z:   -0.65°/s
X:   -0.05°/s | Y:    0.47°/s | Z:   -0.89°/s
X:   -0.65°/s | Y:    0.12°/s | Z:   -0.31°/s

📊 Interrupt Stats (every 1000 loops / ~2.5s):
  Avg Cycles/Loop: 180000
  Loop Time: 2500.000μs
  Anomalies: 2
  CPU Usage: 0.10%
──────────────────────────────────────
X:   -0.09°/s | Y:    0.12°/s | Z:   -0.47°/s
X:   -0.42°/s | Y:    0.37°/s | Z:   -0.35°/s
X:   -0.46°/s | Y:    0.49°/s | Z:   -0.14°/s
X:   -0.25°/s | Y:    0.56°/s | Z:   -0.35°/s
X:   -0.16°/s | Y:    0.28°/s | Z:   -0.30°/s
X:   -0.30°/s | Y:    0.14°/s | Z:   -0.04°/s
X:   -0.54°/s | Y:   -0.17°/s | Z:   -0.63°/s
X:   -0.21°/s | Y:    0.16°/s | Z:   -0.23°/s
X:   -0.81°/s | Y:    0.61°/s | Z:   -0.04°/s
X:   -0.47°/s | Y:    0.05°/s | Z:   -0.33°/s
X:   -0.37°/s | Y:    0.10°/s | Z:   -0.21°/s
X:   -0.60°/s | Y:    0.30°/s | Z:   -0.56°/s
X:   -0.42°/s | Y:   -4.29°/s | Z:   -0.65°/s
X:   -1.10°/s | Y:    0.09°/s | Z:   -0.44°/s
X:   -0.46°/s | Y:    0.05°/s | Z:    0.12°/s
X:   -0.44°/s | Y:    0.07°/s | Z:   -0.63°/s
X:   -0.26°/s | Y:    0.38°/s | Z:   -0.63°/s
X:   -0.35°/s | Y:    0.26°/s | Z:   -0.79°/s
X:   -0.68°/s | Y:   -0.14°/s | Z:   -0.52°/s
X:   -0.60°/s | Y:    0.21°/s | Z:   -0.19°/s
X:   -0.49°/s | Y:    0.35°/s | Z:   -0.81°/s
X:   -0.68°/s | Y:    0.17°/s | Z:   -0.72°/s
X:   -0.65°/s | Y:    0.05°/s | Z:   -0.60°/s
X:   -0.25°/s | Y:    0.35°/s | Z:   -0.14°/s
X:   -0.30°/s | Y:    0.31°/s | Z:   -0.33°/s
X:   -0.23°/s | Y:    0.30°/s | Z:   -0.63°/s
X:   -0.35°/s | Y:    0.40°/s | Z:   -0.52°/s
X:   -0.02°/s | Y:   -0.12°/s | Z:   -0.63°/s
X:    0.25°/s | Y:    0.12°/s | Z:   -0.65°/s
X:   -0.63°/s | Y:    0.60°/s | Z:   -0.65°/s
X:   -0.42°/s | Y:    0.12°/s | Z:   -0.21°/s
X:   -0.74°/s | Y:    0.16°/s | Z:   -0.37°/s
X:   -0.61°/s | Y:    0.31°/s | Z:   -0.58°/s
X:   -0.19°/s | Y:    0.00°/s | Z:   -0.72°/s
X:   -0.25°/s | Y:    0.35°/s | Z:   -0.79°/s
X:   -0.17°/s | Y:    0.44°/s | Z:   -0.82°/s
X:   -0.35°/s | Y:    0.37°/s | Z:   -0.07°/s
X:   -0.19°/s | Y:    0.14°/s | Z:    0.19°/s
X:   -0.44°/s | Y:    0.28°/s | Z:   -0.58°/s
X:   -0.79°/s | Y:   -0.12°/s | Z:   -0.10°/s
X:    0.28°/s | Y:    0.19°/s | Z:   -0.84°/s
X:   -0.40°/s | Y:    0.30°/s | Z:   -0.82°/s
X:   -0.42°/s | Y:    0.05°/s | Z:   -0.70°/s
X:   -0.44°/s | Y:    0.09°/s | Z:   -0.61°/s
X:   -0.46°/s | Y:    0.23°/s | Z:   -0.28°/s
X:    0.16°/s | Y:    0.40°/s | Z:   -0.86°/s
X:   -0.16°/s | Y:    0.38°/s | Z:   -0.46°/s
X:   -0.72°/s | Y:   -0.02°/s | Z:   -0.63°/s
X:   -0.38°/s | Y:    0.28°/s | Z:   -0.79°/s
X:   -0.16°/s | Y:    0.33°/s | Z:   -1.10°/s
X:   -0.10°/s | Y:    0.37°/s | Z:   -0.60°/s
X:   -0.47°/s | Y:    0.12°/s | Z:   -0.81°/s
X:   -0.63°/s | Y:    0.37°/s | Z:   -0.10°/s
X:   -0.58°/s | Y:    0.35°/s | Z:   -0.56°/s
X:   -0.30°/s | Y:    0.33°/s | Z:   -0.70°/s
X:   -0.40°/s | Y:    0.17°/s | Z:   -0.37°/s
X:   -0.40°/s | Y:    0.28°/s | Z:   -0.51°/s
X:   -0.33°/s | Y:    0.25°/s | Z:   -0.26°/s
X:   -0.44°/s | Y:    0.40°/s | Z:   -0.72°/s
X:   -0.63°/s | Y:    0.54°/s | Z:   -0.67°/s
X:   -0.86°/s | Y:    0.46°/s | Z:   -0.65°/s
X:   -0.63°/s | Y:    0.19°/s | Z:   -0.35°/s
X:   -0.21°/s | Y:    0.74°/s | Z:   -0.31°/s
X:    0.04°/s | Y:    0.52°/s | Z:   -0.44°/s
X:   -0.54°/s | Y:    0.19°/s | Z:   -0.31°/s
X:   -0.52°/s | Y:    0.58°/s | Z:   -0.75°/s
X:   -0.30°/s | Y:    0.49°/s | Z:   -0.47°/s
X:   -0.05°/s | Y:    0.33°/s | Z:   -0.31°/s
X:   -0.12°/s | Y:    0.35°/s | Z:   -1.00°/s
X:   -0.37°/s | Y:    0.51°/s | Z:   -0.21°/s
X:   -0.49°/s | Y:    0.04°/s | Z:   -0.61°/s
X:   -0.52°/s | Y:    0.07°/s | Z:   -0.51°/s
X:   -0.61°/s | Y:    0.26°/s | Z:   -0.75°/s
X:   -0.72°/s | Y:    0.54°/s | Z:   -0.51°/s
X:   -0.54°/s | Y:   -0.04°/s | Z:   -0.91°/s
X:   -0.23°/s | Y:    0.26°/s | Z:   -0.04°/s
X:   -0.52°/s | Y:    0.25°/s | Z:   -0.65°/s
X:   -0.60°/s | Y:    0.16°/s | Z:   -0.47°/s
X:   -0.49°/s | Y:   -0.05°/s | Z:   -0.25°/s
X:   -0.17°/s | Y:    0.31°/s | Z:   -0.79°/s
X:   -0.31°/s | Y:    0.02°/s | Z:   -0.40°/s
X:   -0.65°/s | Y:    0.33°/s | Z:   -0.89°/s
X:   -0.61°/s | Y:    0.35°/s | Z:   -1.17°/s
X:   -0.49°/s | Y:    0.84°/s | Z:   -0.46°/s
X:   -0.23°/s | Y:    0.47°/s | Z:   -0.58°/s
X:   -0.65°/s | Y:    0.16°/s | Z:   -0.35°/s
X:   -0.35°/s | Y:    0.33°/s | Z:   -0.68°/s
X:    0.09°/s | Y:    0.12°/s | Z:   -0.23°/s
X:   -0.26°/s | Y:    0.68°/s | Z:   -0.40°/s
X:   -0.26°/s | Y:    0.30°/s | Z:   -0.47°/s
X:   -0.38°/s | Y:    0.07°/s | Z:   -0.42°/s
X:   -0.33°/s | Y:    0.35°/s | Z:   -0.37°/s
X:   -0.37°/s | Y:    0.16°/s | Z:   -0.40°/s
X:   -0.26°/s | Y:   -0.04°/s | Z:   -0.31°/s
X:   -0.16°/s | Y:    0.49°/s | Z:   -0.44°/s
X:   -0.63°/s | Y:    0.38°/s | Z:   -0.84°/s
X:   -0.17°/s | Y:   -0.07°/s | Z:   -0.23°/s
X:   -0.28°/s | Y:    0.67°/s | Z:   -0.82°/s
X:   -0.38°/s | Y:    0.51°/s | Z:   -0.47°/s
X:   -0.54°/s | Y:    0.16°/s | Z:   -0.31°/s
X:   -0.56°/s | Y:    0.61°/s | Z:   -0.44°/s
X:   -0.12°/s | Y:    0.42°/s | Z:   -0.42°/s
X:   -0.56°/s | Y:    0.23°/s | Z:   -0.25°/s
X:   -0.31°/s | Y:    0.31°/s | Z:   -0.49°/s
X:   -0.33°/s | Y:    0.28°/s | Z:   -0.89°/s
X:   -0.47°/s | Y:    0.33°/s | Z:   -0.54°/s
X:   -0.65°/s | Y:   -0.02°/s | Z:    0.07°/s
X:   -0.17°/s | Y:    0.42°/s | Z:   -0.67°/s
X:   -0.52°/s | Y:    0.00°/s | Z:   -0.47°/s
X:   -0.54°/s | Y:    0.14°/s | Z:   -0.14°/s
X:   -0.54°/s | Y:    0.74°/s | Z:   -0.35°/s
X:   -0.54°/s | Y:    0.81°/s | Z:   -0.56°/s
X:    0.09°/s | Y:    0.12°/s | Z:   -0.96°/s
X:   -0.63°/s | Y:    0.65°/s | Z:   -0.86°/s
X:   -0.37°/s | Y:    0.25°/s | Z:    0.16°/s
X:   -0.09°/s | Y:    0.14°/s | Z:   -0.25°/s
X:   -0.10°/s | Y:    0.37°/s | Z:   -0.17°/s
X:   -0.70°/s | Y:    0.30°/s | Z:   -0.51°/s
X:   -0.04°/s | Y:    0.26°/s | Z:   -0.16°/s
X:   -0.33°/s | Y:    4.32°/s | Z:   -0.74°/s
X:   -0.14°/s | Y:    0.56°/s | Z:   -0.12°/s
X:   -0.38°/s | Y:    0.46°/s | Z:   -0.44°/s
X:   -0.33°/s | Y:    0.75°/s | Z:   -0.68°/s
X:   -0.56°/s | Y:    0.25°/s | Z:   -0.74°/s
X:   -0.23°/s | Y:    0.05°/s | Z:    0.26°/s
X:   -0.40°/s | Y:    0.44°/s | Z:   -0.35°/s
X:   -0.07°/s | Y:    0.35°/s | Z:   -0.72°/s
X:   -0.21°/s | Y:    0.37°/s | Z:   -0.61°/s
X:   -0.14°/s | Y:    0.44°/s | Z:    0.04°/s
X:   -0.42°/s | Y:    0.16°/s | Z:   -0.44°/s
X:   -0.21°/s | Y:    0.25°/s | Z:   -0.82°/s
X:   -0.30°/s | Y:    0.44°/s | Z:   -0.38°/s
X:   -0.38°/s | Y:    0.04°/s | Z:   -0.14°/s
X:   -0.02°/s | Y:    0.14°/s | Z:   -0.31°/s
X:   -0.38°/s | Y:   -0.25°/s | Z:   -0.49°/s
X:   -0.10°/s | Y:    0.25°/s | Z:   -0.12°/s
X:   -0.17°/s | Y:    0.12°/s | Z:   -0.49°/s
X:   -0.35°/s | Y:    0.44°/s | Z:   -0.54°/s
X:   -0.44°/s | Y:    0.25°/s | Z:   -0.35°/s
X:   -0.23°/s | Y:    0.28°/s | Z:   -0.67°/s
X:   -0.51°/s | Y:    0.25°/s | Z:   -0.40°/s
X:   -0.37°/s | Y:    0.33°/s | Z:   -0.49°/s
X:   -0.17°/s | Y:    0.23°/s | Z:   -0.02°/s
X:   -0.40°/s | Y:    0.63°/s | Z:   -1.21°/s
X:   -0.77°/s | Y:    0.67°/s | Z:   -0.10°/s
X:   -0.56°/s | Y:    0.25°/s | Z:   -0.94°/s
X:   -0.21°/s | Y:    0.16°/s | Z:   -0.37°/s
X:   -0.35°/s | Y:    0.23°/s | Z:   -0.23°/s
X:   -0.51°/s | Y:    0.00°/s | Z:   -0.77°/s
X:   -0.17°/s | Y:    0.30°/s | Z:   -0.86°/s
X:   -0.37°/s | Y:    0.00°/s | Z:   -0.35°/s
X:   -0.28°/s | Y:    0.23°/s | Z:   -0.88°/s
X:   -0.09°/s | Y:   -0.19°/s | Z:   -0.84°/s
X:   -0.28°/s | Y:    0.33°/s | Z:    0.25°/s
X:   -0.21°/s | Y:    0.44°/s | Z:   -0.42°/s
X:   -0.33°/s | Y:    0.38°/s | Z:   -0.65°/s
X:   -0.38°/s | Y:    0.23°/s | Z:   -0.91°/s
X:   -0.19°/s | Y:    0.54°/s | Z:   -0.42°/s
